44787
17968
30680
66174
67160
96904
96904
78445
17968
20876
6419
36138
17968
96904
9963
96904
17968
96904
92687
17968
32764
17968
63213
64773
88719
87137
10588
7773
82413
34274
96904
17968
17968
7257
52927
38960
17968
87549
77463
71967
17968
36477
17968
8646
71482
17968
96904
17968
96904
17968
91251
4805
24966
78389
17968
80462
96904
34532
96904
22770
51710
18672
60308
8722
90911
7230
74577
96904
96904
96823
28567
91103
48586
96904
50124
53432
25054
27918
17968
42156
89012
11146
17968
17968
76220
96904
96904
95520
22311
23865
14702
58965
17968
39096
96904
17968
96904
35041
96904
17968
55628
16425
52444
85188
96904
38746
11956
17968
17968
96904
1700
84442
96904
17968
39335
8000
48460
75286
17968
17968
72208
17968
84996
69335
21555
96904
38982
17968
96904
96904
17968
65611
26863
84796
96904
17968
17968
30447
96904
22475
96904
96904
17968
95168
17968
17968
17968
30344
43237
17968
93663
40653
27706
28989
26759
17968
96904
47562
31605
6124
17968
21446
43694
96904
26278
17968
17968
64855
28877
66054
74210
49120
93059
51309
17968
17968
4681
75916
96904
17968
17968
84072
17968
13871
96904
96904
23717
59348
17968
17968
47527
17968
25023
48292
22206
17968
17968
96904
96904
87555
95579
17968
90608
7891
17968
96904
96904
99216
2578
96904
68667
95982
96904
96904
96904
54473
96904
15285
96904
17968
27707
48703
69458
53349
32113
85599
96904
43464
96904
95322
5830
17968
53146
14028
48018
74707
36196
96904
17968
53901
17968
96904
17968
43318
35056
21851
9229
17968
77112
17968
30419
18634
42682
89451
90334
48407
24966
7851
96904
40495
93341
17968
96904
23428
96904
1389
96904
96904
68039
53887
17968
33581
30773
96904
46656
20701
96904
52669
96904
17968
62342
96904
60261
60099
96904
37543
11251
24301
99191
53895
40444
64778
12807
46460
96904
6640
32526
17968
3739
14068
50685
17968
34386
96904
86823
24160
40717
65039
17968
17968
90220
84577
87819
17968
83230
7037
47021
43227
24249
92302
17968
17968
22928
35897
98984
96904
55059
86280
17968
96904
37962
17968
66007
14328
96904
64970
68270
38838
17968
78064
29117
17968
17968
35375
55018
34244
77481
37424
17968
23513
17968
96904
92985
38134
72571
9920
87677
60392
8849
96904
9175
17968
96904
96904
89789
2223
17968
17968
36562
83491
31918
859
61608
96904
4759
96904
96904
90104
2814
34593
17968
78170
96904
17968
75484
48872
70301
17968
65078
96904
96904
88194
96904
2794
96904
17968
91024
96904
51912
17968
41989
2569
39841
96904
39366
17968
98841
96904
882
96904
95129
43221
8057
80483
17968
18727
10512
21237
49326
36327
26537
17968
23804
96904
68212
56363
96355
96904
96904
97879
17968
48372
248
27477
77425
71172
33527
21472
40331
96904
82396
96904
98794
96904
17968
55767
96904
89401
17968
96904
96904
71837
17968
71410
17968
17968
36634
40402
96904
62777
64773
96904
35303
96904
93002
3464
60447
96904
85330
9394
91135
96904
96904
58600
93023
17968
17968
17968
41100
2340
46486
36364
28409
3520
17968
17968
82760
50675
96904
96904
21070
58143
2897
96904
17968
42393
26804
86163
17968
7301
96904
66331
45839
64988
96904
17968
17968
17968
17968
17968
37457
96904
657
74030
94248
96904
96904
37515
78237
96904
96904
74697
17968
39441
98269
96904
96904
17707
96904
95447
17968
95134
96904
50959
9083
54975
11836
23191
94230
94648
27468
7280
96904
96904
71151
96904
42768
91405
39745
17968
17968
639
17968
22514
7744
87315
86044
17968
88572
89147
66003
96904
96904
25299
94055
17968
11648
85519
33892
49815
17968
17968
17968
95849
90953
41476
31963
96904
38644
92765
43252
17968
21786
42491
40505
96904
96904
96904
19876
48872
52708
31608
17968
95713
642
15984
96060
96904
17968
96904
14984
17968
33351
17968
96904
45176
70568
60174
58507
96904
96904
52601
48758
96904
10017
18223
96904
17968
83383
67065
17968
86080
90585
46727
17968
17968
31760
83712
213
61270
15806
96904
17968
17968
31074
3808
96904
17968
17968
56617
1827
96904
96904
23832
70755
17968
96904
33932
96904
27064
67887
17109
96904
53065
9581
62014
73702
48078
17968
17968
95116
96904
96904
96904
13958
40448
96904
17968
94279
17968
96904
8877
75054
96904
17968
93664
96904
47650
8062
96904
17968
96904
71714
30653
75410
75967
77273
17968
91379
17968
80229
17968
17968
14293
16026
92976
17968
92850
21893
17968
17968
17968
79663
17968
96904
6653
17968
50558
96904
17968
96904
96904
17968
31758
92817
56461
60327
96904
38931
90207
49815
96904
56952
57109
17968
96904
96904
17968
22943
92630
96904
3743
17968
60072
96904
96904
30948
35779
96904
47070
28046
17968
17968
6494
96904
62778
66129
1231
96904
54486
85631
96904
56482
96904
96904
96904
96904
17968
31439
31328
22659
96904
17968
17968
2340
39660
24617
74109
96904
96904
66130
96904
96904
96904
24296
96904
17968
17968
18825
96904
17968
6342
96904
96904
51794
47920
62174
17968
96904
51444
17968
38274
32835
64158
30955
96904
23708
96904
865
96904
26656
54628
96904
61474
47446
13920
17968
17968
17968
39036
17968
13678
3828
49561
43958
204
96904
96904
96904
75894
80161
72065
17968
83608
96904
96904
53078
77389
11927
17968
59442
96904
22393
45601
17968
60016
17968
75551
16185
92403
96904
54215
86012
18746
65991
17968
17968
11613
17968
18045
38410
17968
96904
17968
71067
51405
169
95037
38370
51005
18727
30488
76175
12603
96904
2877
88964
96904
96904
16056
96904
75245
96904
96904
96904
74050
96904
23706
69668
63776
96904
17315
17968
66614
96904
17968
51609
64396
87333
87917
34349
83050
14314
32969
54928
17968
9554
7284
17968
16063
96904
17968
96904
25609
50566
96904
96904
96904
96904
17968
17968
50433
77195
59003
51731
27376
48870
96904
93081
17968
17968
96904
25837
96904
17968
62502
96904
82464
81155
50811
48891
945
17968
48388
96904
17968
34502
92571
16898
15762
96904
34640
17968
96904
96904
70494
8600
96904
65563
44378
5040
17968
45470
42025
17968
34068
96904
17968
69445
11942
17968
17968
96904
96904
10306
28104
84299
17968
17968
35888
76411
8706
17968
17968
17968
96904
4450
92231
22952
96904
96904
84219
47078
6497
96904
3646
76504
51599
17968
96904
17968
48564
3395
46406
23377
17968
32756
17968
17968
96904
27381
45547
41354
13719
17968
24480
98665
17968
17968
17968
32953
34334
57535
36116
31053
33628
27376
95092
96904
85211
910
96904
17968
17968
83775
96904
7163
96904
90939
6441
17968
77667
69431
88915
17968
17968
75451
6442
15612
8102
96904
18665
17968
96904
52236
85964
51498
55992
96904
87511
79934
10091
23065
17968
8333
90193
96904
17968
96904
17968
208
96904
17968
59416
85425
42719
96904
18054
52416
27365
2441
17067
17968
29184
86691
91062
44631
17968
39199
963
76545
96904
17968
6206
17968
17968
86781
78736
17968
17968
32187
96904
17968
92079
31566
96904
89930
17968
17968
1319
80835
86187
96904
1513
63273
17968
86877
17968
17968
17968
17968
71156
82890
96916
93106
96904
51119
17968
96904
17968
96904
96904
63075
10776
17968
6776
36258
86547
7545
31468
17968
96904
27858
23847
34520
96904
96904
9594
7123
25449
55984
17968
96904
68452
35751
48248
96904
33568
17968
37483
96904
81617
69205
96904
99833
31122
96904
17968
72408
96904
17968
96904
21393
96904
17968
74514
29980
71262
96904
66557
47243
17968
9883
84766
17968
17968
53700
14167
96904
96904
22901
96904
17968
21077
17968
12067
84120
96904
32578
94855
17968
17968
13337
14590
95963
17968
17968
98191
17968
67200
96904
17968
57715
17968
16167
71480
58433
17968
36144
66046
96904
55992
79494
74174
66906
17968
17968
92960
43798
17968
17968
18234
87089
96904
96904
98463
81864
17968
9482
17968
36429
17968
96904
96904
17968
68227
96904
30075
96904
49555
96904
17968
61020
49950
96904
79488
39320
96904
80103
96904
36082
43908
17968
20896
17968
45871
50013
38418
35080
35758
96904
35954
96904
17968
17968
21809
54441
7484
69703
50433
96904
92376
96904
14882
96904
91301
83902
28630
71767
34026
45123
96904
59847
17968
21097
38591
52193
61830
89780
31984
5661
24899
96904
208
73559
17968
70366
96904
70488
41306
1194
40788
59522
38802
31969
44387
23590
83743
34558
93417
42812
96904
96904
42671
17968
36383
9039
39548
17968
76506
96904
30794
96904
81934
3359
46109
98179
96904
17968
95578
90487
58870
16755
49103
73067
79071
96904
39200
58099
35436
92692
96904
96904
17968
68106
96904
68869
95214
33744
17968
17968
86977
10676
17968
87376
18345
89289
17968
24061
96904
61653
17968
30715
17968
96904
19440
96904
17968
17968
17968
55778
80323
54630
96904
5319
96904
68244
94477
17968
17968
43858
67868
96904
977
37632
39176
17968
16358
95558
17968
75972
86057
8360
2696
17968
25821
30313
46658
16983
17968
1373
10172
96904
88892
17968
6753
53798
72039
96904
96904
6419
2300
17968
33602
43539
90843
67251
17968
81668
17968
17968
24414
17968
66937
17968
17968
6642
14761
12367
96904
68134
17968
17968
86638
15372
96904
96904
3439
17968
35432
71931
28139
17968
48171
63634
17968
17968
36484
84704
60654
49585
5609
96904
23890
90920
51162
17968
3660
96904
96904
92021
17968
96904
96904
96904
5964
86777
17968
6162
41512
1469
97631
96904
82708
96904
17968
66095
36219
79479
25895
59740
96904
44780
17968
17968
45183
62296
17968
45741
30901
96904
96904
52963
1869
17968
96184
63779
69651
17968
96904
56211
2111
17968
96904
63728
17968
11859
68932
17968
71331
17968
96904
39616
17618
31565
99262
14709
97312
28776
5237
96904
96904
79001
881
81518
96904
42942
3094
7797
96904
57484
17968
24400
91102
96904
17968
96904
96904
89762
17968
39901
29029
17968
17968
17968
85895
17968
54702
7410
17968
17968
17968
72300
56637
17968
96904
91058
17968
35731
17968
96904
30496
52377
58979
17968
24091
96904
96904
98488
96904
36778
41082
17968
54909
27026
80367
17968
17968
17968
5697
46487
17968
17968
85752
11155
17968
39928
82211
4588
86787
69089
78654
81769
8905
96904
96904
8298
96904
79047
58862
17968
87299
12809
60023
83896
96904
17968
34265
96904
17968
96904
17968
96904
63462
17968
23317
1478
17968
97441
83941
96904
40617
30525
8666
39251
32741
19811
97365
31231
64735
96904
73180
35933
97192
96904
82022
17968
17968
95975
96904
81619
53898
17968
59002
51768
18860
96904
18055
17968
17968
48746
17968
37904
96904
17968
17968
96904
74257
59277
17968
96904
17968
63899
18705
40884
96904
37357
96904
96904
81306
14273
57257
81243
61299
96904
17968
96904
77039
38478
96904
17968
17968
31651
17968
96904
99522
98091
96904
17968
17968
42009
17968
97765
76884
87365
50477
17968
96904
77036
13104
52242
70550
51042
70043
17968
37972
32510
17968
96904
50357
96904
17968
96904
57717
96904
9395
58246
17968
9045
17968
96904
55077
96904
96904
89525
96904
17968
96904
8790
67569
61926
75897
41229
7569
34508
66021
79574
32547
96904
17968
96904
94753
33190
98567
63167
96904
56137
22047
96904
58585
20948
17968
80058
17968
96904
65633
16966
96904
81679
17968
4522
87526
17968
17968
17968
17968
17968
90601
21598
30908
96904
96904
17968
74694
99029
17968
83388
58518
21335
53746
17968
17968
17968
96904
41190
99137
30139
31658
17968
82021
96904
96904
96904
96904
51296
23680
70654
11581
38881
96904
40770
17968
17968
25362
57360
96904
40055
17968
17968
17968
13218
17968
17968
17968
56939
78759
1080
11326
59194
49805
21814
17968
17968
96904
96904
96904
96904
73258
96904
89889
1426
75024
34258
56763
90251
96904
27798
27375
96904
53838
81061
96904
17968
27516
17968
17968
4460
37294
96904
17968
96904
17968
96256
96904
47837
90112
65760
17968
92176
96904
56986
20547
95550
55344
48357
17968
96904
96904
52229
24775
16118
96904
17968
45647
96904
96904
52323
10590
42285
94480
96204
96904
4911
17316
82141
96904
32682
34700
60834
96904
20261
96904
24355
56054
17968
62580
71862
86420
67845
17968
31731
25390
17968
58764
16924
17968
96904
31060
96904
96904
33889
17968
81678
17968
24842
96904
35447
9594
93572
17968
17968
7074
17968
96904
96904
96904
66994
37298
17968
87141
30618
96904
17968
9506
21552
89239
5597
90988
69219
83623
80645
55208
5142
3409
5576
61815
96904
3262
96904
96904
96904
96904
17968
53890
96904
7224
33037
96904
17968
4018
48538
48732
17968
96904
96904
96904
6798
17968
96904
96904
65667
24805
96904
96904
28010
32255
17968
17968
17968
42605
96904
67360
62230
17968
21330
90460
56896
24697
76785
49654
96904
17968
432
96904
67358
96904
35484
38957
7637
9466
64565
17463
59014
35489
96904
9014
10709
96904
96904
73298
17968
17968
27040
89223
12964
6448
3271
17968
96904
46913
96904
7028
96904
43791
17968
37675
3305
17968
96904
96904
52523
29076
32682
95087
33977
96904
12039
43309
17197
17968
3820
96904
24349
96904
91018
36247
9486
9888
49878
26891
24620
25984
93547
81657
92092
96904
61093
5990
17968
17968
90367
83068
79302
70240
12104
8815
4098
17968
17968
17968
17968
96904
14170
97801
17968
17968
15161
3044
61200
17968
71777
23222
99805
6853
17968
60886
51496
96904
57439
18905
45690
17968
17968
96904
81485
96904
74294
64197
5196
96904
85793
77340
96904
17968
17968
29241
96904
96904
20981
17968
17968
17968
17968
96904
96904
56020
76055
31383
93237
96904
43039
7671
13560
17968
82095
17968
97214
60264
91877
95372
47951
97764
17968
15657
96904
26442
59144
80195
17968
41816
87353
89625
17968
23295
84
91778
96904
24582
43927
3100
17968
63425
40920
31053
17968
50013
44847
35669
15014
96904
60688
53060
82082
1607
92291
17968
96904
4298
68382
69206
17968
26773
17524
96904
96904
35739
98503
55529
76213
24663
17968
49471
17968
83058
96904
96904
86006
96904
45121
93456
26516
7211
17968
6208
43010
56579
11721
65766
96904
22831
23969
44675
17968
6902
89350
22411
22554
96904
84724
74412
6896
17968
17968
96904
65676
94346
96904
17968
25834
90629
74958
17738
17968
30623
59048
17968
33500
17968
87594
17968
95363
40622
75930
47305
13575
17968
2761
96904
17968
96904
96904
96904
37412
17968
96904
96904
17968
37192
34686
30355
29097
11192
50585
58538
33883
45285
17968
86478
96904
17968
90201
65602
71379
58181
51065
85675
17968
63112
90572
28703
27417
96314
3167
32135
53217
74025
10147
17968
17968
63142
96904
96904
96904
73407
17968
17968
96904
2868
17968
96904
41441
59464
24652
1761
96904
95899
56549
35740
79547
96904
17968
10385
17035
96904
17968
36522
63670
96904
20231
96904
96904
17968
17968
98561
17968
34623
17968
96904
67032
17968
96904
96904
17968
98193
76847
30771
17968
96904
96904
39153
96904
87939
59256
16467
17968
24379
96904
17968
26396
17968
99680
69917
2451
83426
96904
42067
89336
16252
96904
17555
17968
17968
75946
80407
85160
74403
82869
96904
69865
17968
96904
39647
6106
39339
17968
17968
52518
17968
96904
3114
45000
96904
17968
17968
17968
17968
23798
76139
21511
37113
96904
20760
17968
96136
96904
9772
18580
17968
67650
96904
66440
17968
52712
2340
14359
96904
96904
95920
96904
17104
12337
17968
96904
96904
38179
17968
17968
96904
96904
96298
96904
96904
17968
17968
63202
1921
91528
90807
85240
17968
3592
96904
23957
96904
6896
68249
28226
97829
66996
96904
17968
17968
17968
66703
96904
96904
34405
96904
79088
16587
34941
29290
50494
67269
51835
17968
96904
96904
96904
26370
76224
96904
17968
46220
26317
63333
17968
96904
82210
17968
85465
2094
96904
51606
96904
96904
96904
17968
17968
17968
4064
10583
89951
75814
14062
40202
88162
17968
4241
12464
70722
21242
31206
17968
49228
17968
96904
96904
67045
91353
10765
94264
6513
96904
62350
17968
96904
98205
81495
17968
95580
17968
96904
17968
17968
17968
17968
96904
17968
94758
39275
17968
96904
50015
96904
6642
53378
17968
3296
38241
96904
96904
1157
84674
17968
17968
43230
17968
73029
17968
17968
31798
96904
21115
29542
1349
96904
7018
96904
17968
65672
13898
96904
17968
17968
96904
73544
96904
48913
96904
96904
17968
96904
35833
1150
96904
96904
2872
96904
25954
50809
58198
53012
96904
96904
57372
51474
81555
46084
76338
233
96904
17968
96904
21154
96904
96904
19672
38461
13785
21612
70976
65467
96904
31316
17968
17968
96904
55131
68026
17968
19338
17968
18933
84392
81670
17968
96904
88367
96904
17968
2973
42554
33423
3835
17968
3842
60525
17968
96904
1447
44745
17968
17968
96281
5900
57171
52011
17968
2158
96904
7074
78862
64710
96904
1468
96904
78899
17968
88169
59146
41609
9639
4982
17968
39924
94843
10682
96904
61363
7884
17968
2061
96904
17968
17968
15921
32436
78081
17968
17968
17968
17968
96904
17968
48549
91872
17968
17968
41559
96904
18793
73384
42863
41002
17968
24893
87516
44625
17968
5507
12832
84329
61667
21814
17968
17968
10361
17968
17383
17968
2113
17722
55687
46217
30794
93564
17671
69464
17968
3984
71173
20192
5660
66769
13168
90692
17968
17968
96904
15738
70623
17968
6547
98303
87118
2647
17968
17968
28848
14128
58820
17968
26961
17968
373
17968
17968
18000
28917
17968
19774
36690
23712
84624
17968
17968
56455
94431
95263
35893
17968
5319
96904
18189
96904
17968
17968
96022
96904
68747
90160
963
3501
57515
17968
81141
96904
96904
67437
54968
17968
97264
96904
35995
96904
96904
96904
96904
17968
95398
96904
84468
75126
81327
92613
61708
23352
27453
96904
16026
17968
96904
17968
17968
17968
96904
18653
28743
36208
11193
96904
96904
48522
54049
17968
96904
17968
93368
45248
68833
7540
44904
17968
90127
72368
17968
86007
17968
17968
46024
17968
96904
17968
71908
97560
96904
74512
28309
19266
31458
81289
96904
77854
96904
96605
96904
90166
80921
96904
7308
93207
86790
96904
24789
80432
96904
17968
17968
17968
44688
17968
96904
76070
89453
96904
96904
35748
29649
17968
36381
34650
68556
832
41064
82
96904
17968
96904
45288
27726
96904
96904
17968
17968
57435
26038
23295
96904
96904
78089
55927
31651
96904
17968
96904
48358
34666
38780
96904
96904
42159
35527
73587
80994
43948
69044
36474
61983
96904
96904
1020
51606
44356
96904
88126
47219
96904
31509
17968
90983
1251
17968
96904
96311
96904
3715
73112
17968
17968
96904
16066
17968
59495
1501
17968
96904
82777
17968
17968
96904
96904
33497
17968
11572
96904
88926
30834
1781
2854
17968
17968
50078
59858
7553
60960
97170
12464
28989
17968
65949
97725
20748
17968
26425
96904
23816
96904
22346
96904
67813
17968
17968
26447
63327
17968
71186
17968
85717
96904
96904
17968
729
96904
79729
17968
85400
96904
28790
17968
30383
96904
17968
20956
256
17968
1901
79099
96904
17968
17968
385
92678
59003
64524
96904
74210
96904
14
17968
17968
17968
39709
31727
96904
96904
17968
17968
96904
96904
59728
20566
2014
27836
96904
17968
34458
33683
17968
96904
17968
25761
8246
96904
17968
64919
88012
30636
96515
17968
20692
96904
39031
61564
96904
17968
49364
17968
96904
9774
70519
78155
11798
15951
28618
48254
92631
10325
5336
61654
512
11679
17968
34951
44799
73630
61036
46070
54041
96904
77978
15874
67443
67200
17968
96904
96904
96904
83443
12067
95059
65823
96904
39566
96904
15505
96904
37012
17968
603
96904
15700
16203
10868
35596
40243
64728
17968
892
17968
87655
50341
7668
52851
96904
7979
95365
17968
46575
97499
91870
73576
17968
17968
96904
25004
96904
35575
17968
8233
76268
96904
40161
17968
97689
69337
47677
49512
62898
96904
27004
17968
23761
96904
22361
54416
96904
96904
9374
83343
96904
79723
12330
17968
96904
97883
96904
5410
6716
96904
32582
10102
39570
54264
17968
17968
96904
87303
53161
46337
5044
17968
9366
88695
8996
17968
96904
17968
13401
85041
96904
72754
80662
96904
92279
12998
69056
28406
17968
96904
96904
42196
17968
96904
96904
17968
17968
90134
96904
96904
96904
2747
9487
75482
60616
58025
50169
17968
26466
96904
17968
11359
96904
46513
79036
96904
96128
96904
96904
54174
23411
17968
17968
17968
60373
38859
70856
1638
3925
17968
17968
16976
96904
22386
4325
14065
11756
44827
26924
17968
85357
88257
10202
17968
44186
96904
31476
17968
29457
20857
41269
47519
39690
17968
17968
38136
68103
31719
90663
9079
11669
96904
71951
96904
60973
86519
17968
8727
77279
96904
96904
26041
96904
75013
17968
24447
602
17968
17968
56824
95512
17968
17968
50933
13539
36324
96904
96904
58605
13096
17968
85491
72771
76413
17968
17968
19503
96904
2693
74334
96904
98435
52225
74674
72081
4298
30089
97837
96904
8528
20666
28997
96904
32064
98245
96904
32554
96904
17968
96904
24909
27056
17968
60312
17968
63618
3143
13513
44608
96904
50790
77130
17713
17968
74563
54754
71002
71661
23721
17968
40722
24853
44750
39087
74061
17968
34771
44451
34668
17968
17968
82989
80355
53404
96904
55058
27644
17968
92963
49517
14433
57015
23778
50552
77300
78100
82665
54219
17968
77
17968
4758
15962
23430
17968
96904
61454
69439
96904
97021
96904
91754
8537
17968
3351
83274
95701
49487
36949
5995
96904
96904
2067
4242
3326
96904
27583
96904
64557
12024
92954
11987
6055
96904
56950
17968
28630
65863
91608
96904
47189
96904
55801
86389
87143
99182
17968
74744
22816
17968
36837
17968
58937
42979
96904
24225
17968
44127
17968
26425
79714
19465
52555
17968
17214
96904
41062
96904
17968
6574
718
96005
35847
96904
96904
96904
68308
35431
1950
17315
96904
96904
37500
35990
3387
70569
21173
96904
96904
23838
21956
17968
17968
96904
3525
37770
17968
77679
96904
96904
96904
6426
17968
17968
45991
79162
85061
28248
53036
96904
17968
78849
29550
9068
56334
85925
77164
17968
28996
17413
17968
33404
96904
76911
56248
96904
96904
69764
80939
80976
55642
21778
96904
17968
17968
4853
12913
61366
42855
88073
78656
29414
17968
17968
94683
96904
17968
21378
17968
96904
22568
43278
9267
96904
75362
73076
96904
96904
96904
96904
17968
57358
87190
96904
96904
91601
96904
17968
17968
17968
93794
99285
22953
9351
96904
71910
86162
96904
96904
96904
96904
77811
93666
66904
1326
17968
17968
17968
17968
95716
96904
96904
71426
17248
92024
96904
55694
17968
65623
92278
73520
17968
7815
69796
10998
57239
16430
83445
23846
17968
50415
17968
6856
9757
17968
87456
96904
17968
83409
92695
96904
96904
96904
5853
95584
96904
96904
96904
92974
17968
17968
10546
10895
96904
12012
76886
67403
35710
17968
20858
91503
83424
3856
77199
17968
17968
73656
17968
33675
13498
87225
38827
17968
24114
104
17968
17968
96904
40592
20994
95956
17968
96904
20252
96904
48899
2476
23691
30874
17968
16397
94064
96904
96904
96904
17968
10172
17968
70255
96904
17968
17968
3377
19461
17968
44069
15180
96904
96904
2013
53341
95025
5221
19508
17968
23202
17968
33466
22086
96904
17968
20539
17968
96904
96904
17968
76164
26626
47266
53055
96904
52411
17968
70498
29509
8393
13942
24012
23128
12825
96904
88699
96904
17968
28083
29150
44092
90642
23928
31138
17968
45031
96904
73745
39686
80771
4952
56322
17968
70738
96904
46383
34431
98437
28201
69689
66398
45097
23502
86351
17968
17968
3670
17968
92212
17968
96904
15246
96904
17968
17968
47210
96904
17968
96904
94830
17968
17968
19092
19607
96904
17968
97924
37067
6689
17968
17968
96904
6268
3880
57107
17968
96904
50413
96904
96904
29859
96904
44144
84082
96904
17968
77003
55206
17968
17968
66129
17968
33396
17968
91335
65613
17968
96904
7353
8426
40079
96904
17968
49065
54026
96904
21143
76382
39269
5943
879
96904
17968
17968
17968
61467
96904
17968
10892
96904
96904
93307
20153
96904
42670
96904
17968
17968
17968
78087
99899
27241
57372
96904
43373
65106
68836
54115
17968
17968
17968
17968
86857
81783
17968
71620
96904
96904
96904
35090
76992
55561
96904
17968
17968
77691
17968
96904
17968
10664
27087
21231
28744
96904
51818
96904
41456
96904
93743
2021
14809
12204
17968
96904
45508
96904
96904
40285
26510
96904
25599
8754
96904
96904
53778
46267
17968
17968
99451
3615
73781
96904
96904
17968
17968
96904
96904
17968
96904
96904
38414
3302
54687
17968
18613
96904
94350
17968
96904
96904
67019
76555
63386
17968
17968
17968
86033
17968
36244
12002
17968
17968
96904
96904
4715
96904
96904
85549
1947
96904
23707
76176
54287
17968
96904
17968
96904
1006
36209
1497
95455
17968
96904
96904
91105
17968
5083
17968
20447
65797
70065
42086
6880
17968
96455
29244
96904
17968
96904
6982
17968
41849
96904
96904
19879
96904
17968
34074
17968
96904
75165
45265
70017
16373
41637
49376
96904
17968
64611
96904
43597
15370
63196
6452
96904
69988
1497
84206
2826
17968
43685
17968
17968
6912
6976
96904
96904
23282
96904
57540
30282
17968
17968
8072
84713
96904
96904
79690
20594
17968
38394
37192
10118
17968
78675
44447
60288
5225
96904
96904
90969
56972
37394
49320
52329
22886
12430
4032
18511
96904
2122
96904
35892
96904
96904
17968
6314
17968
96904
79594
41351
17968
17968
10568
17968
17968
25615
87093
17968
17968
49224
65275
17968
17968
17968
57091
9461
9179
17968
96904
90714
36162
97025
18873
17968
2721
17968
80709
54087
2187
26883
21027
17968
17968
9200
32848
97539
81373
93231
96904
92322
4681
1408
17968
96904
17968
411
97142
17968
17968
55056
13353
17968
58617
85067
81117
96904
35928
96904
17968
38563
68428
3996
96904
83352
96904
8912
59995
96904
96904
17968
72338
53480
29775
17968
3856
17968
28798
74889
77987
33734
72098
6401
41649
1821
29879
87620
17968
17968
17968
67705
17968
17968
17968
6352
96904
96904
10644
61861
23886
96904
1510
17968
33542
17968
81653
76790
8061
46573
96904
17968
37978
39320
17968
62280
10172
96904
40742
5934
48357
13290
71192
89881
17968
8981
97737
17968
29658
96904
62370
60474
17968
21567
96904
17968
96904
96904
78890
14731
45201
963
61959
86258
64283
87239
22434
17968
14729
89832
17968
59450
17968
39060
96904
65824
96904
9362
64861
17968
92353
17968
96904
6806
9342
96904
91179
17968
17968
54844
96904
96904
22485
95355
78968
46729
17968
96904
2597
17968
37557
96904
92793
96904
40357
96904
17968
96904
95744
17968
24970
96904
17038
26185
96904
57244
17968
41327
13146
96904
20367
11656
17968
17968
17968
9737
17968
17968
17968
63156
29149
96904
93362
45156
96904
17968
91559
17968
6827
47502
58508
55068
40853
96904
625
58247
96904
96904
54438
17968
17968
79888
96904
17155
34067
9656
29057
17968
58354
17968
17968
96904
98065
77354
59709
35351
80442
96904
71956
80128
19859
96904
96904
96904
17968
9441
17968
17968
17968
17968
97565
17968
96904
75407
17968
96904
61853
96904
46827
55190
45606
96904
17968
28576
49317
208
12467
17968
96904
14860
96904
17968
64556
76375
96904
17968
92957
41961
96904
17968
96904
17968
96904
74016
24925
54576
34425
96904
17968
17968
64758
25934
61215
17583
96904
12621
74153
96328
47207
68664
12402
87373
2451
46790
2099
96904
17968
4199
96904
17968
71360
96904
60904
96904
9760
17968
96904
98394
17968
17968
67355
96904
96904
96904
54990
21105
84255
96904
96904
96904
17968
96904
20554
86972
93091
208
72542
15505
17968
42124
11151
80270
44171
68169
23468
96904
94854
1751
17968
17968
3539
17968
64694
17968
34635
42750
51803
50744
96904
4856
96904
96904
17968
1738
92428
1877
96904
77022
61205
8556
18608
96904
32338
33783
73100
86007
98769
63735
32514
82682
54325
96904
3193
17968
1109
74355
17968
96904
96904
90191
96904
96904
84483
28830
51500
96904
17968
17968
4786
96904
85752
22862
96904
96904
17968
96904
17968
17968
96904
17968
80440
17968
17968
96904
99727
99021
96217
96904
2379
90535
75057
41992
17968
6880
85832
93889
44918
17968
96904
2306
19310
20430
96904
16545
96904
2525
96904
30917
17968
35876
96904
37549
96854
17968
53137
17968
5548
96904
50520
60929
67657
17968
17968
76079
96904
17968
96904
96904
88375
10027
78208
96904
85397
96904
96904
29270
17968
90030
40785
17968
10087
59110
54908
96969
38174
89624
6692
17968
32021
83979
17968
17968
96904
85346
17968
17968
78111
96904
96904
16052
17968
96904
96904
2313
17968
17968
96904
41970
62624
44622
17968
17968
17968
6789
17968
56240
81729
17968
96904
20844
96904
53629
6986
17968
34086
96904
31223
72094
17968
45217
96904
17968
96904
44592
96904
17968
3339
96904
96904
49685
17968
34957
53556
17968
96904
54976
35533
486
3435
67416
96904
99857
3307
63910
96904
21536
18827
37194
69288
17968
93826
17968
6449
96904
2056
81294
1586
10959
84520
41823
90230
86298
7517
15439
17968
93827
17633
9889
61873
99042
93763
96904
56308
96904
73844
96904
14815
17968
96904
48974
17968
9287
96904
70544
13990
71059
17968
96904
3802
12576
17968
50850
17968
17968
96904
20632
39984
96904
14672
96904
14645
32528
96904
28231
96904
48678
61489
97530
17968
17968
53027
8369
17968
30752
96904
1330
49895
17968
96904
25697
26298
23682
34832
24067
25801
61592
90164
30361
74701
96904
3704
17968
60919
111
17968
76761
7593
19765
17968
71582
99783
4736
446
17968
96904
97417
36706
43564
4282
17968
2721
89784
61020
50006
17968
69868
97897
96904
87083
17968
21048
11728
96904
96904
17968
17968
96904
42073
17968
40033
1110
6534
92007
53012
32005
17968
36667
74037
6562
3877
17968
1234
96904
29533
57765
50242
96904
96904
38274
54485
17968
96904
93136
35069
14093
66225
96904
21618
907
96904
14181
17968
96331
69164
96904
58137
96904
17968
96904
96904
44944
88997
1192
6031
16738
17968
46480
17968
15489
62506
96904
34899
17968
63882
17968
56500
29932
4155
17968
19778
32308
96904
96904
96904
96904
72566
17968
74592
17968
96904
48790
5634
17968
19652
27991
11000
87657
83155
17968
98744
96904
8352
96904
38870
17968
46151
2107
52527
54531
36099
99825
12862
3773
89091
17968
25943
33275
87639
17968
12601
51154
17968
82412
83589
96904
53317
96904
17968
68579
17968
17968
523
17968
58565
96904
66801
38997
17968
17968
17968
17968
69683
46404
3600
78092
12027
96904
60579
96904
89197
96904
37963
80684
96904
2219
84711
96904
96904
17968
45611
44532
96904
11939
96904
96904
14175
20181
50104
17968
5038
84566
96904
61353
43316
17968
96904
96904
879
96904
18199
17968
42341
75943
96904
74706
31208
17968
25763
19898
17968
96904
65906
96904
96904
99305
60318
23310
64333
96904
28489
58155
96904
96904
76219
84
10686
76585
96904
89580
17968
96904
47935
1122
96904
39045
17968
892
17968
15253
11469
70730
94894
17968
60234
62935
17968
17968
98139
383
96904
96904
1668
96904
17968
31184
52245
30846
64979
141
17734
75093
96904
22921
17968
8502
96904
96904
96904
17968
17968
22964
72701
13131
96904
96904
80667
5452
59626
96904
15202
84699
96904
73227
96904
57055
43197
96904
36287
96904
47819
17968
48548
17968
17968
88406
43579
17968
47908
17968
34497
44713
11205
17968
52067
98621
17968
95944
17968
96904
17968
96904
6635
17968
22966
84105
25156
50254
56915
96904
3321
37555
64287
96904
15740
31997
17968
96904
80107
17968
146
20888
96904
45751
17968
96904
77016
50208
17968
17968
17968
34323
17968
17968
89208
71225
31514
17968
96904
96904
17968
50190
31515
17968
59390
5646
96904
17968
17968
75868
17968
96904
83638
17413
83705
72061
88984
79953
17968
1158
96904
46290
17968
98508
57006
96904
55894
17968
96904
96904
17968
5900
86125
2137
1097
17968
14174
96904
39462
18310
62049
17646
21118
57106
17968
17968
58813
96904
17968
42482
27144
17968
86834
6737
17968
3964
17968
96904
96904
91135
96904
7169
40073
41360
96904
14617
6124
19152
31432
80942
66272
89352
5283
42156
4199
11322
96904
96904
3193
96904
49461
96904
96904
73662
96904
17968
27085
54725
96904
96904
17968
11356
25314
96904
96904
77763
17968
57423
17968
17968
70354
17968
83465
42934
44289
89152
39248
99046
17968
79378
49788
96904
17968
84581
28030
55510
2091
1555
90409
17968
17968
86842
17968
60473
49494
75305
17968
96904
99926
96904
82284
96904
17968
19155
21387
740
96904
39797
96904
96904
12515
10412
7975
73040
20194
17968
96904
35718
17968
46375
11295
5314
88051
17968
6148
49457
17968
44893
14553
96904
84761
96904
54357
82664
17968
17968
51902
59852
17968
17968
96904
17968
17968
17968
17968
39432
71472
96904
46060
95743
4846
85303
17968
7657
12824
17968
96904
15901
17968
17968
96904
18461
58705
96904
17968
42578
17968
96904
17968
40494
17968
45563
60476
83033
96904
75130
96904
85582
17968
17968
975
35205
96904
46028
96904
17968
96904
60239
31800
17968
50783
17968
96904
17968
96904
12270
14761
79383
17968
12058
8449
46159
39400
96904
40040
96904
60698
66335
50705
96904
96904
16947
62878
19614
24856
72801
96904
78056
89821
8347
17968
14323
96904
96904
96904
96904
41945
19998
17968
96904
96904
33014
96904
29013
53544
17968
96904
17968
7078
58139
24480
96904
17968
96904
76023
96904
96904
74891
81682
96904
17968
96904
99755
43203
17968
96904
53906
96904
96904
93945
56211
96904
17968
96904
96904
17968
69287
70113
96904
44068
55142
62084
96904
68542
30130
96904
22313
76738
9449
24972
96904
70356
6439
96904
8969
96904
34435
83561
55554
96904
17968
96904
17968
96904
96904
17968
5516
19718
11698
96904
43071
40942
96954
96904
96904
11418
96904
64941
14426
20896
7353
78410
70889
96904
96904
17968
21005
89559
96904
96904
32557
17968
20171
6755
23205
16990
35252
3687
8526
13096
49713
46457
41468
96904
48055
96904
96904
51850
31744
28223
17968
17968
17968
53961
26005
40833
96904
17968
41577
90263
43894
5491
17968
73830
9142
28803
96904
17968
96904
92863
17968
96904
42774
43541
78880
35549
89343
53273
4530
30366
77948
96904
78051
9538
95398
96904
55414
17968
4353
68500
96904
17968
17968
96904
96904
99552
28111
95729
96904
31912
51459
95668
27406
34239
39043
52387
9762
78198
96904
96904
7197
96904
17968
96904
96904
96904
17968
9631
96904
17968
61216
45014
96904
17968
96904
44450
96904
17968
17968
96904
22429
96904
93581
96904
17968
10501
96904
54290
96904
13532
91128
19464
66909
99162
61256
11609
62546
17968
17216
96904
20900
50019
76013
17246
96904
96904
76737
63264
17968
74934
86539
38762
96904
60999
47306
17968
78580
96904
96904
61607
35514
64731
62222
17968
17968
58860
17968
96904
96904
96904
9188
70837
9380
96904
32202
17968
61665
89694
17968
73079
17968
96904
6649
96904
17968
17968
18893
22100
17968
9865
4936
16462
22061
39098
93884
13332
96904
39075
32339
17237
90976
16059
90342
76758
17968
1233
17968
6560
17968
36916
83959
21478
17968
17968
31934
62307
15250
6962
91496
54043
27861
89825
23740
17968
17968
96904
17968
64878
96904
77693
96904
96904
68484
68372
17968
96904
17968
11533
96904
96904
96904
17968
20319
17968
18519
37717
96904
96904
18561
86368
49532
50608
1838
96904
64550
96904
24424
96730
38491
5986
83758
26274
43272
42231
79165
96904
65171
64116
40731
9764
17968
96904
24545
17968
12201
27988
17968
85605
96904
46383
2567
76941
45684
32723
96904
27903
95266
17968
2704
38130
57932
96904
14655
96904
70889
17968
17968
20990
45315
54446
45923
49516
17646
3046
72752
96904
69350
77744
26719
77025
17968
28489
17402
77615
96904
17968
78860
23409
50788
37256
67590
96889
12153
49
43501
96904
96904
96904
16338
62617
96904
96904
96904
96904
93948
17968
17016
50344
96904
96904
96904
93668
17968
96904
96904
96904
90382
14285
53292
26388
3941
56786
96904
57869
36904
47498
5057
17968
20819
17968
96904
2877
62896
44555
17968
96904
96904
75200
72823
59690
96904
49508
62340
96904
17968
96904
96904
17968
84913
71431
17968
96904
52632
17968
17968
92233
96904
28481
8463
1167
83537
96904
85398
17968
96904
96904
57412
96904
84645
48945
9461
65579
96904
96904
11596
31864
96904
17968
37267
47415
9500
62387
202
96904
96904
37183
26109
17968
17968
96904
30097
17968
53137
59062
3569
3965
17968
96904
71056
96904
16363
96904
17968
19851
17968
17968
96904
17968
17968
75778
11367
96904
94351
96904
432
85063
96904
52645
17968
96904
17968
96904
28650
18337
41863
34799
17968
17968
17968
87511
34045
17968
59991
96904
96904
17968
6028
23250
17968
38602
48483
33117
24274
94471
93051
17968
17968
67592
35499
25987
17968
17968
17968
80246
5007
96904
17058
81790
32496
50564
45364
721
96904
15558
31972
4727
31736
11466
18538
14515
84817
96904
96904
1621
17968
67388
17968
17968
17968
96904
96904
33747
96904
2427
18961
17968
17968
96904
32388
96904
17968
20416
17968
94828
7501
68096
51851
96904
6450
40230
72812
17968
17505
35546
96904
61605
17968
14208
17968
96904
96904
23939
20994
63102
52131
58539
96904
16990
96904
81484
17968
63197
54912
75721
10168
78047
96904
17968
23042
57947
97050
9086
76444
27748
67221
19564
17968
63680
69121
37127
17968
17968
96904
96904
17968
4298
17968
90939
96457
17968
96904
64492
96904
44475
96904
17968
94423
17968
96904
77937
83675
96904
96904
96904
4543
76968
68707
31290
65789
17968
50422
89765
61482
17968
17968
17968
89609
17968
87140
17968
22001
8016
88644
3435
17968
96904
17968
37643
83618
96904
90313
27278
66099
22947
75059
96904
1137
20953
84877
63528
50020
957
92281
42575
17968
12460
25760
17968
96904
96904
8006
96904
76
10556
85075
17968
96904
89544
17968
96904
69029
17968
74662
61874
3828
28275
4382
96904
56906
17968
96904
96904
20025
81577
30741
17968
17968
24357
57717
17968
19997
38711
60402
96904
96904
96904
3157
34556
7326
96904
10768
18650
96904
8192
91005
96904
17968
96904
55961
16115
56286
18449
52373
62861
96904
17968
37897
96904
44434
75125
17968
3738
82285
4229
54195
60680
96904
62207
17968
54838
98209
28432
38231
1729
96221
88837
56495
4057
96904
17968
17968
13023
29039
64602
7024
37504
35635
96904
96904
96904
304
69217
96904
17968
61640
96904
25500
52845
51461
96904
90567
17968
96904
5665
21465
74657
96904
17968
64763
2196
35155
9492
17968
71694
52643
17502
96904
96507
81289
17968
17968
98673
96904
77497
58155
15297
4958
96904
96904
96904
17968
81029
36903
96904
93875
38414
17968
61242
83103
17968
34375
17968
8987
51630
79110
96904
96568
99017
38527
65834
84124
17968
96904
14799
35844
77766
96904
96904
21779
79169
17968
77847
96904
33509
6535
60616
96904
3437
17968
28293
17968
7773
17968
11079
4359
96904
96904
52440
32749
96904
85931
38892
17968
92214
96904
1792
72307
93830
96904
18786
96904
96904
96904
96904
96904
41244
17968
17968
78667
17968
96904
6209
17968
2323
84828
17968
53978
9793
96904
73003
63038
96904
64538
96904
1849
28606
31655
17968
96904
34843
16040
96904
61392
93933
79607
17968
17968
33401
17968
91752
53741
25755
16960
3612
82705
17968
4153
59388
67405
31223
17968
19531
96904
96904
17968
17968
74292
96904
17968
67114
3489
17968
96904
27371
86761
16285
96904
96904
20795
49323
2223
86949
96904
59459
19513
23249
17968
10112
17968
42274
17968
36230
17968
96904
80480
96630
41478
4902
82758
17968
17968
3383
17968
17968
96904
4896
94273
4155
17968
17968
6414
17968
64274
17968
11629
96904
24073
68004
28727
46399
62248
78919
3024
96904
74560
12900
5516
73823
22188
96904
18788
96904
20919
17968
17968
13232
22636
54750
86031
21272
40438
92425
17968
96904
96904
97278
96904
17968
17968
96904
3532
96904
17968
96904
17968
17968
89874
96904
2825
17968
96904
50500
55432
93590
50926
22069
96904
96904
17968
8998
17968
96904
96904
17968
17968
54998
39829
17968
96904
2276
17968
8201
96904
17968
8576
96904
17968
22550
82436
96904
10673
7390
96904
21356
35574
73487
28980
17968
44655
17910
17968
96904
57973
96904
88554
2306
96904
19231
63780
38440
28846
80878
96904
17968
96904
67183
17968
40641
96904
44962
17968
62785
85356
96904
17968
53825
96904
40045
96904
67892
88148
96904
7768
31699
94980
5923
17968
11887
4359
17968
8597
17968
29526
96904
96904
17968
5789
39557
96904
44302
14801
30488
96860
28277
97446
37692
20972
7998
96904
96904
69654
85441
10461
17968
17968
61408
96904
54962
17968
98648
88356
28000
41939
52668
85030
96904
1665
16881
61977
17968
62649
52524
33625
19359
96904
62292
96904
96904
15634
17968
17968
15165
85803
96904
42764
7133
55817
96904
77952
45641
96904
17968
20618
17968
96904
19921
8397
17968
96904
96904
501
19857
96391
96904
96904
96904
64630
94244
17968
86858
17968
26879
28756
96904
1471
15943
96904
8565
72478
19592
19499
96904
97362
70386
56480
1902
17968
56702
96904
12439
84979
17968
96904
30542
43702
54859
4360
17968
17968
98863
96904
92290
21494
29222
17968
17968
86535
96904
17968
24253
93345
59100
96904
50795
96904
819
96904
96904
31218
96904
96904
17968
15029
46530
17968
96904
31297
17968
96904
96904
6899
17968
86200
98365
17968
96904
96904
96904
43181
17968
31372
18218
35388
96904
41609
96904
14770
17968
91591
17968
37902
87228
21753
12390
44802
20412
48890
90462
62487
96904
45353
76133
26246
5694
59330
96904
24072
92215
96904
69925
83963
54791
38023
93944
94826
96904
17968
99721
11062
96904
58816
736
96904
96904
17968
17968
96904
17968
96904
17968
61744
10851
17968
99691
25221
6520
58537
69273
96904
17968
40611
18685
17968
96450
61911
17968
30168
72004
4451
5203
21403
17310
14591
65616
52704
17968
17968
53945
2122
96904
40964
17968
96904
17968
51212
5110
87449
73437
24912
78298
32526
26932
13377
96904
99265
20496
15494
44911
17968
73842
19002
17968
32647
96904
84240
96904
96904
67066
96904
18845
96904
25446
96904
4658
17968
404
40394
66650
96904
30435
36048
94612
35022
96904
40912
37854
20496
50812
17968
96904
96904
96904
63335
84757
16306
17425
93684
25972
35003
17968
15155
52
26032
70350
63827
288
96904
51728
96904
70040
97247
17968
96904
23622
78119
6627
17968
17968
1653
62842
96904
58373
76739
53082
96904
21092
31069
61954
96904
17968
96351
22788
86356
83745
44483
36712
56709
96904
21834
42667
17968
17579
14414
75793
10911
17968
28967
12340
88678
17968
19254
17968
96904
17968
96904
57825
7817
15895
96904
17968
82482
17968
34780
24918
26442
96904
58188
99686
17968
1788
64887
82754
74440
96904
62021
6755
96904
25520
96904
96904
96904
17968
61176
48220
80013
9396
99939
87195
78559
43052
64424
17968
48212
15646
80692
30121
17968
17968
17968
98612
27070
17968
39340
96904
17968
16723
17968
75296
96904
96904
45044
40450
96904
32549
96904
19638
94690
63243
37182
2918
96904
17968
74588
17968
18635
25011
57138
17968
26548
8677
96904
96904
77527
17968
78923
31848
639
9594
96904
67158
73502
17968
55495
5287
1614
96904
96904
88029
13164
17968
96904
7082
68446
1169
96904
96904
13956
85029
96904
24433
43048
68856
67427
15614
96904
61941
96904
12996
75108
17968
17968
95405
29262
44555
52035
3473
27741
54992
90212
17968
96904
11258
24156
96904
17968
92900
45811
21077
74924
17968
83498
17968
17968
88578
96904
21330
79197
52775
96904
96904
20824
3435
96904
96904
96904
68290
17968
32720
96904
96904
96904
17968
88283
27620
62453
21478
6700
96904
96904
96667
17968
96904
60294
96904
96904
62287
17968
96904
39865
9613
89487
32001
4757
63669
383
69040
96904
95007
89487
96904
97473
17968
44539
35182
91542
49094
4134
17968
87082
96904
17968
60711
96904
17968
17968
79781
17968
93195
96904
63055
89312
7440
22397
97933
96904
97222
29368
17968
52865
79123
53924
96904
17968
36105
34009
17968
24101
17968
96904
17445
17968
2301
18017
28477
75398
28183
96904
1389
17968
17968
17968
58352
16903
15097
7309
96904
5825
96904
62913
96904
96904
76920
37811
86658
96904
98526
96904
2721
53209
96904
96904
39753
17968
17968
96904
96904
96904
76166
17968
17968
96904
17968
91996
46158
17968
50608
26758
16532
96904
68686
96904
59425
17968
76714
60279
96904
17968
67531
29327
17968
17968
17968
17968
96904
93491
50093
81661
17968
19854
96904
75869
96904
16029
17968
91481
5608
96904
17968
73340
54174
57995
17968
78183
17968
78169
50572
17968
52602
17968
91830
24016
17968
25985
33361
78002
94942
17968
96904
15533
21893
33743
29208
96904
17968
24165
96904
55339
60084
96904
62729
80508
45452
44941
64566
69353
64494
96904
5198
88821
18561
96904
88388
17160
17968
96904
96904
17968
17968
96904
17968
85200
96904
96904
38662
15481
12946
77412
16281
96904
96904
96904
9631
17968
17968
28115
96904
96904
86783
17968
95481
96904
18343
96904
93478
141
96904
48751
10515
26587
44057
20543
88318
17968
17968
17968
96904
43980
71864
17968
96904
96904
4702
58439
17968
96904
96904
17968
47101
23295
82467
17968
96904
6085
96904
8672
17968
96904
50981
86047
17968
2597
96904
72195
96904
96904
17968
17968
96904
17968
48214
17094
17968
17968
50101
1534
96904
57076
22569
17968
31705
96904
74000
50323
92155
89486
17968
17968
17968
17968
93615
96904
81899
30066
17968
27555
17968
63988
17968
77277
50949
96904
17968
17968
96904
32995
44365
24218
63497
13083
96904
4559
5999
96904
44044
17968
17968
17968
63714
17968
60514
17968
17968
96904
34882
17968
56595
32741
84056
96904
96904
96904
39730
96904
1121
61779
85035
21846
22154
17968
13063
71165
96471
96904
53444
97677
96904
29863
17968
69870
39976
34883
24399
3906
96904
96904
29973
36429
879
11721
18651
96904
59305
17968
15084
17968
17968
41418
31392
22101
64238
31307
21125
40920
49638
1067
76637
62201
96904
96904
77373
96904
84975
56399
84000
96904
96904
650
96904
96904
96904
85584
17968
94018
11165
80486
70285
17968
96904
2625
96904
5105
96904
90773
92890
81091
65802
44432
17968
66308
96904
66608
96904
96904
20695
20868
37089
96904
96904
81889
57500
84864
69742
17968
96904
17968
4364
69386
96904
15966
21217
24161
41304
17968
39674
83645
17968
96904
96904
56241
18752
96904
17968
96904
68977
17968
9257
14217
17968
2031
17968
96904
27995
17968
96904
96904
17968
96904
17968
96904
17968
85471
33613
17968
95931
19979
17968
32888
37627
58506
81781
14114
17968
96904
16555
71213
54781
31096
5716
61930
89736
22256
77363
5165
52403
96904
30375
17029
96904
17968
67675
25252
49844
96904
17968
67262
4678
75878
88484
66602
96904
96904
17968
20217
73704
12309
17968
17968
96904
96904
17968
21330
96904
40784
96904
25755
96904
17968
17968
17968
79097
96904
74369
96904
58431
17968
41941
96904
17968
2283
67210
96904
17968
71992
34155
49638
96904
26853
17968
28711
39349
90615
67365
96904
90468
15143
46802
86589
91540
75790
75663
17968
47471
96904
96904
96845
91708
96904
16917
94966
95723
17968
17968
70169
14684
82079
96597
17968
58765
5655
17968
96904
74542
96904
81252
40621
87228
17968
96904
96904
38104
94797
17968
34221
17968
17968
17968
1435
17968
65241
35044
41777
82796
92810
7716
96904
90051
66195
98603
35559
94202
35181
6523
64850
82945
96904
96904
96904
32835
30064
28683
48734
27363
17068
17968
96904
17968
96904
17968
96904
26414
85445
31406
93672
96904
16498
96904
17968
90241
96904
17968
96904
17968
17968
35791
17968
27115
3435
91984
17968
93817
96904
81881
9929
96904
5852
17968
96904
96904
47236
96904
58860
20981
56802
17968
24654
96904
17968
17968
17968
54670
11552
63449
96904
20675
96904
3752
17968
44410
84703
17968
96904
45677
23104
28474
17968
23371
14398
29630
96904
96904
12699
29650
80625
73481
17968
96904
57821
96904
17968
96904
28585
86130
13132
20209
98824
96904
17968
77634
96904
96904
5109
17968
96904
30262
69239
96904
82443
21693
63375
69268
96904
96904
99875
44564
13189
14716
96904
96904
38889
84929
58271
96904
93128
64430
12348
74555
17968
34595
51007
87247
95416
96904
85973
17968
96904
37643
96904
48865
52921
96904
96904
82982
9070
17968
17968
10160
6513
17968
91194
87262
96904
17968
17968
96904
20916
96904
17968
96904
17968
12032
48440
166
3439
50230
17968
47606
31666
96904
43086
96904
17968
59208
96904
16710
96904
17968
33778
27882
17968
36753
65212
17968
96904
17968
5836
17492
17968
60588
50871
96904
56564
17968
96904
353
39010
13371
56590
11495
96904
48536
64793
61203
3891
67580
26967
72781
98056
89918
17968
96904
17968
47089
96904
15612
96904
17968
96904
29425
17968
38995
17968
60180
17968
96904
2676
96904
90896
9393
32885
7707
60280
847
17968
24099
58247
14770
14245
17968
6122
3365
17968
1915
41794
92546
88336
17968
96320
96904
88713
17968
17968
20717
82375
49985
16969
17968
17968
65411
6517
33135
51543
96904
56827
38431
17968
96904
13991
47658
96904
4079
55463
17968
90600
96904
17968
17968
71353
96904
96904
63203
17968
96904
46163
7445
13
96904
96904
39461
45961
51743
17968
17968
17968
17968
71501
77156
17968
29108
17968
17968
17968
17968
96904
73348
96904
17968
47051
17968
17968
17968
17968
16293
43615
96904
96904
17968
27852
68284
96904
17968
12730
17834
55455
53424
22972
25911
6750
96894
82606
29786
41815
86694
4963
96904
75851
79408
17968
17968
10144
96904
17968
17968
96904
79484
17968
99126
69176
96904
14371
96904
17968
22858
75269
21914
17968
31986
37903
5196
94341
17968
18373
33761
17968
18282
96904
17968
17968
61510
13276
96904
92487
30214
96904
96904
17968
96904
96904
91390
8512
96904
70182
96904
26989
17968
53642
54534
78094
96904
96904
17968
29006
17968
74543
13301
17968
7690
29745
96904
30466
96904
85007
43219
69361
7590
96904
96904
91486
94724
780
96904
11071
83468
96904
17968
12155
96904
1040
26989
49393
62389
72517
28511
71859
53871
86236
54239
40328
17968
60830
17968
96904
17968
96904
33296
9146
25932
96904
17968
70886
300
17968
12524
17968
81024
17968
36822
96904
17968
55700
69964
74115
89062
15606
2952
8907
96904
96904
96904
96904
17968
14838
15439
36496
2988
26756
17968
13472
95836
63285
89089
96904
96904
91498
34145
23163
3754
85033
56757
24266
8212
53467
21977
96904
438
96904
22517
19706
18253
96904
17968
96904
96904
17968
97932
96904
58470
96904
72105
17968
21038
93932
96904
69131
17968
17968
21122
60438
17968
96904
56319
62629
28863
40760
9362
17968
17968
17968
2829
17968
96904
38212
34163
49375
4578
80103
17968
1552
95250
17968
80801
17968
42330
67479
19186
10367
46656
17968
67552
96904
74749
13894
76239
92071
25545
80650
85740
96904
17968
17607
6469
17968
6631
96904
17968
27079
97717
77256
17968
14707
96904
96904
90433
15608
17968
2087
18126
17968
1912
96904
36800
17968
17968
17968
29506
63695
17968
93616
28048
1705
14083
35094
94738
50075
17872
919
17968
42612
71752
22885
96904
17968
96904
17968
83400
96904
93991
17968
33095
1776
3821
96904
66222
71784
96904
17968
17968
96904
17968
80173
17968
17968
72597
54660
40044
57284
35071
50828
94899
59796
15942
64868
95655
33220
30922
20382
71923
67199
96904
96904
17968
96904
96904
65167
17968
17968
20669
58512
17968
17968
17968
96904
46857
6019
37363
77546
12301
24603
17968
96904
25952
96904
96904
17968
96904
96904
75277
29542
96904
17968
96904
41423
14770
17968
30732
70509
96904
96904
96904
28829
91858
2552
10314
3269
99610
91821
84914
39986
96904
2457
96904
35514
96904
55394
17968
52070
64358
96904
49442
54427
29136
24704
10177
17968
89425
94139
24893
19231
15881
96904
17931
17968
96904
44034
17968
73220
20171
96904
17031
96904
84692
96904
97623
27253
75756
98269
5560
17968
96904
5095
96904
76066
13982
96904
92316
96904
96904
97204
96904
67521
27510
14770
96904
46616
76784
96904
52943
17968
75532
96904
22816
17968
8979
98945
85291
49734
17968
96904
17968
96904
46616
96904
3061
2737
17968
96904
17968
17968
17968
3479
77741
17968
12681
96904
17968
17968
95900
35054
96904
96904
17968
69762
29175
7074
96904
96904
17968
39114
83207
74777
17968
17968
97385
59004
60786
96904
17243
8275
6971
17968
9466
24514
17968
17968
96904
31814
17968
17968
92488
5290
17968
79124
17968
35745
17968
55733
96904
26305
9949
17968
96904
34904
54382
41797
10896
17968
17968
96904
17968
97008
21157
78008
34349
71036
96904
65457
96904
96904
3024
46056
17968
69600
18285
6443
12822
78468
17968
17968
12642
96904
96904
33074
40834
44552
81224
17968
78139
17968
82580
26442
4924
96904
77580
96904
4112
96904
91842
22428
62256
17968
17968
77157
93793
59422
17968
50369
13369
17968
71255
96904
38557
17968
17968
96904
1064
17968
96904
30794
96904
7916
93646
24219
19420
79073
97581
96904
79315
92279
33790
17968
59490
22583
6640
39253
93166
96904
17968
28349
96214
51917
15547
32999
96904
27054
21949
17968
17968
30558
55005
17968
26337
96904
17968
17968
90812
75220
17968
94232
17968
17968
19777
17968
36668
82820
39643
32301
46962
17968
18967
42206
43943
96904
17968
17968
17968
96904
96904
28903
27213
76773
304
96904
17968
96904
34225
96904
84485
17968
5052
96904
5649
24259
67631
97491
36748
17968
90541
63815
96904
17968
5826
20068
11402
40807
17968
61214
75500
96904
33441
34966
67232
89256
96904
67121
57771
96904
27403
64574
17968
38661
29796
41469
84441
14792
96904
96904
15279
86610
15829
23787
55278
96904
96904
17968
11119
96904
23896
99393
43461
17968
40788
88625
42486
17968
16014
75386
46728
7721
3095
74180
96904
17968
96904
71309
36834
61363
86492
17550
65805
93234
11279
17968
65923
17968
96904
38758
17968
17968
96904
92887
96904
59709
41630
51714
78488
17968
17968
66717
36338
97534
18448
70998
96904
17968
21144
17968
96904
9263
90021
96904
17968
17968
96904
24434
79669
96904
51309
26784
96904
72926
19209
23295
94401
2910
17968
17968
88385
9423
17968
96904
42025
17968
37436
82185
17968
27008
17968
97392
97922
75663
96904
69365
73547
68249
96904
17180
23261
45171
17968
17968
21566
17968
27750
91950
63417
45496
50059
73516
46730
88907
14405
70344
17968
25772
94335
59222
4973
50899
96904
75840
27080
33633
17930
8130
90512
96904
96904
9108
64210
96904
17968
47074
52255
17348
2340
64
98986
31027
17968
15852
24276
17968
27214
54278
22951
28270
80148
17968
17968
86824
34463
93558
96904
17968
96904
43833
9649
55854
96904
99195
30399
17968
17968
96904
94131
17968
21430
20208
777
17968
8674
17968
96904
96904
96904
53738
28702
17968
75232
96904
17968
54577
74666
96904
12252
17968
33043
24264
17968
96904
80700
96904
48526
96904
98593
96904
97434
7468
26373
17968
96904
96904
75007
74404
17968
40593
17968
96904
73003
96904
74117
11804
40451
15121
96904
23380
51612
84615
96904
96904
94189
96904
17968
79027
17968
24619
81197
85265
21081
67368
44018
40335
96904
96904
96207
96475
17968
79160
96904
23298
17968
96904
1119
97492
73757
96904
37956
17968
32646
20678
17968
259
17968
11087
96904
17968
5202
92979
96904
17968
40963
51729
28474
17968
47023
96904
17968
96904
31893
96904
96904
17968
96904
53911
11272
82947
83371
86479
17968
17968
17968
96904
73145
35951
63382
33129
96904
3691
96904
44561
17968
17968
43051
22311
2503
56950
96904
74305
17968
96904
17968
96904
96904
17968
74327
17968
40034
12591
17968
73880
17968
96904
17481
15188
20859
13540
1760
22242
44155
96904
17968
40025
96904
96904
17968
40035
16747
40152
71121
23465
17968
17968
52764
96904
65239
17968
98371
91545
15726
33933
17968
22222
32389
73828
17968
68476
93418
73069
29126
10466
16638
96904
11542
96904
58866
96904
96904
17968
17968
17968
96904
96904
47137
53648
14987
94241
17968
141
25928
99983
17968
19209
3597
96904
90046
97758
96904
58408
96904
17968
67874
81167
75753
71538
85209
4367
59215
60551
30058
17968
96904
96904
17968
96904
65692
18191
96904
7084
58645
61076
96904
12731
17968
29388
96904
40385
52629
17968
65751
57951
47221
96904
4399
96904
62987
96904
96904
5871
96904
17968
79866
97677
96904
11767
17968
17968
12647
96904
17968
96904
22283
17968
87205
2721
96904
96904
30224
12187
30503
17968
25666
1047
96904
96904
96904
34842
969
28490
60677
96904
35590
17968
80184
34454
73448
96904
17968
66167
14737
17968
17968
61646
96904
96904
96904
96904
17968
61317
17968
92160
96904
84464
96904
72076
98561
43256
42581
17968
27281
32769
7003
938
38669
96904
17968
24159
65249
32477
96904
96904
96904
76048
17968
96904
96904
93003
30620
92789
96904
46819
96904
22947
3916
17968
23974
85805
64404
96904
73837
36918
96904
96904
98068
3387
40885
55388
17452
50827
51522
91881
96904
79089
9318
96904
3675
6343
63483
95031
17968
96904
17968
96921
2354
96904
37326
95390
96904
67087
9305
56033
76394
65930
26147
96904
97595
84401
89369
96904
17968
17968
25713
19699
96904
56872
96904
17968
96904
96904
86274
17968
26533
96904
1777
94859
96904
47521
17968
18211
96904
96904
53155
17968
78909
17968
96904
33725
96904
63788
62673
96904
21422
17968
96904
82764
99346
75349
96904
59219
76499
66658
55054
71627
49768
96904
1934
17968
32487
21259
48426
96904
88736
26404
29482
17968
96904
96904
96904
96904
17968
96904
50534
17968
17968
17968
17968
17968
17968
13
36268
17968
2247
96904
96904
17968
96904
88803
27549
17968
17968
3913
32919
96904
56823
17968
96904
17968
96904
84614
62419
15526
38000
73220
74008
12431
8386
96904
38379
88222
96904
21653
13575
45441
68807
9488
96904
27089
29859
985
23122
96904
17968
17968
96904
19245
17371
58656
60167
60756
26864
17968
96904
63391
17968
17612
96904
60964
21398
1110
96904
96904
17883
17968
81561
96904
82598
94622
27551
17968
58079
96904
57161
17968
3743
17968
10745
96904
96904
47798
17968
55629
50536
64374
17968
96904
14506
52109
75067
17968
26703
93331
17968
17968
7150
17968
96904
96904
17968
29641
820
17968
15327
3612
71522
96904
10328
27943
96904
69621
55355
14385
96665
44624
96595
6516
96904
86564
17968
10779
13557
17968
77304
96904
96904
3252
17968
79960
80902
95965
40382
17968
38904
1846
17968
96904
17968
4513
96904
93666
17968
96904
17968
17429
582
21528
40246
74207
5025
36296
25689
28130
17968
17968
47016
68508
17968
96904
17968
62186
17968
17968
90918
52500
86495
96904
96904
17968
66935
96801
10757
18847
62666
87667
71981
96904
96904
47578
68109
1085
61895
2286
17968
96904
96904
41194
17968
2116
96904
26168
96904
96904
7373
17968
17968
87035
17968
60566
96904
96904
96904
17968
65534
17968
96904
17968
17968
96904
24277
17968
17968
96904
17968
96904
96904
96904
49874
17968
45358
60553
35613
5128
17968
57724
53951
58610
3318
96904
17968
55236
77928
3689
79709
96904
45636
40082
84715
41519
27787
96904
41549
96904
79763
37240
15700
558
93532
52949
86714
96904
96904
96904
56065
45614
37583
96904
17968
32379
96904
10730
96904
10466
17968
22735
99679
66217
24478
94477
96904
25420
96904
16491
17968
96904
23229
96904
4154
17968
17968
1750
92758
52824
88790
17968
96518
96904
6916
96904
85916
17968
47265
96904
44056
60656
66978
5785
25191
10677
10709
86293
17968
43069
17968
17968
96904
33956
8626
11215
17968
22184
82645
96904
1766
96904
40234
99724
96904
48474
30569
55649
96904
17968
96904
17968
70524
17968
67630
17968
88548
7747
17968
75430
26141
12635
98669
17968
72352
49442
1715
96904
17968
41095
96904
17968
83264
17968
38592
96904
82172
54555
30957
82977
96904
77792
96904
19347
69743
44169
8286
96904
96904
76701
96904
28530
7897
17968
17968
64228
96904
12901
96904
7660
96904
40505
2164
11975
92980
96904
59596
96904
99730
41845
17968
17968
20731
49344
89498
96904
2726
12703
96904
71978
96904
96904
5161
88036
96904
93076
52615
17968
2181
58320
77176
29587
90411
67255
5719
17968
68356
17968
81995
68844
43766
81482
17968
46457
14981
93428
17968
2427
96904
34161
96904
33158
84835
74730
17968
28497
17968
96904
39240
30575
96904
96904
98598
36647
17968
74928
30241
18305
35326
17968
17968
17968
49536
17968
7889
17968
35386
88446
97553
3143
96904
55484
3316
5203
17968
19261
17968
10192
82596
77610
52164
72883
48154
17968
15436
30196
40786
96904
96904
32615
43357
17968
11457
96904
17968
96904
30128
31227
25920
29891
65386
17968
5357
1171
91614
33343
17968
80005
7906
24692
87339
95198
17548
14579
39855
17968
96904
89399
81279
17968
45557
84994
75451
51610
80507
9377
17968
747
12999
96904
75866
56359
77604
17968
1883
96904
81114
96904
17968
66983
58484
91359
96904
17968
99751
14656
96904
88338
875
25855
59514
96904
17968
34209
54832
20439
26330
96904
51031
40778
18510
96904
17968
17968
36923
69601
96904
6737
97859
96904
36509
8989
50984
54143
66070
49003
58013
96904
61404
17968
96904
58093
46347
17968
43307
17968
96904
96904
71331
96904
53505
96904
79904
52559
96904
96904
36574
17968
27237
17968
4261
17968
96904
4818
7181
96904
96904
63989
17968
87678
5852
17968
10248
90373
6608
22387
471
47604
96904
17968
38640
506
96904
42881
94516
79995
50885
44160
85345
17968
17968
89039
13604
13996
27967
17968
13793
78099
97849
83606
34936
96904
17968
84406
17968
28474
46424
44684
28344
96904
67341
96841
10348
96904
18774
42249
4681
52969
17968
20387
22453
45034
96904
54361
56383
96904
96904
96904
96904
17968
78295
96904
60750
96904
29308
12761
17968
17968
17968
96904
7151
30368
86618
96904
96904
31825
56428
84799
93717
29441
76449
8996
17968
17968
4966
32058
96904
17968
17968
17968
17968
44836
17968
30517
97809
35558
17968
96904
17968
35036
19166
17968
96904
21100
33549
17968
15223
17968
33443
93132
55336
96904
17968
11877
35731
17968
17968
87683
96904
70092
3780
45596
17968
11479
26317
17968
17968
85782
71507
10574
17968
6795
43780
17968
96904
85170
48596
501
96904
56584
96904
43698
96904
85759
37729
94165
96904
14844
17968
65569
89367
96904
92779
17968
96904
17968
38974
96904
88712
63455
41581
17968
58516
59708
31368
37143
9591
3679
96904
45126
17968
75813
96904
17968
2307
58662
68070
72465
17968
64421
96904
96904
47967
17968
96904
17968
96904
96904
96904
1195
96904
17968
96904
35711
17968
17968
96904
9951
68660
1194
96904
13661
17968
75127
30573
24563
96904
14050
17968
68000
69483
13527
34004
62120
17968
17968
3608
99304
31618
46035
46183
31684
17968
60877
4112
86943
17132
85331
17968
97723
17968
17968
58429
17968
10868
96904
76723
17968
17968
59391
17968
17968
57870
96904
68687
668
21346
96904
96904
72778
96904
96904
17968
7777
44932
66104
30488
17968
17968
17968
38981
14246
46114
17968
78950
4188
63019
96904
12956
40262
52609
17968
82680
5967
46978
17968
96904
43404
10500
62680
52355
96904
18245
93155
17968
96904
93491
71402
2094
84089
17968
48930
47203
10553
14366
36892
17968
17968
76861
96904
25301
44988
17968
61113
17968
17968
41592
4161
7552
96904
17968
96904
61369
96904
17016
43211
8907
2610
17968
10156
15403
15669
436
96904
18965
63327
96904
17968
27147
28416
88528
20694
19458
21018
96904
96904
96904
96904
13
9396
17968
59389
17968
13500
96904
89935
96904
96904
58007
96904
1497
13199
74805
10710
17968
96904
96904
80551
24176
96904
48083
18151
17968
17968
65286
85784
71375
17423
65033
29599
17968
96904
11285
96904
17968
96904
17968
17968
43143
93465
96904
82291
81592
21556
96584
96904
23540
98713
95982
73272
96904
3114
17968
778
96485
38278
78046
6848
39713
96904
96904
96904
17968
17968
67999
8706
21192
66589
17968
96904
38525
70651
96904
19711
22944
50889
20648
96904
51958
17968
9050
11376
65577
13592
36005
41830
49476
17968
20173
83265
17968
9969
67241
4102
90996
48356
2134
96904
41904
16557
96904
17968
17968
78610
87325
18326
57381
60763
21756
51661
17968
15819
35419
64317
95616
17968
29076
17968
96904
37568
72287
45135
17968
29959
17968
96904
69145
96904
8201
27211
17968
96904
96904
99240
17968
11836
96904
96904
17968
74849
17968
17968
96904
19477
5319
68703
53710
96904
95498
85444
15180
58560
2431
21716
96904
29478
17968
12880
13594
91210
96904
96904
17968
96904
27389
98464
96904
84003
17968
96904
44907
17968
85272
29133
17968
17968
17968
17968
51286
17968
96904
96904
96904
17968
17968
96904
96904
2431
49287
61353
42927
2472
83465
17968
74295
2163
96904
96904
17968
8786
17968
17968
17968
92113
76715
17968
17968
29817
8344
96904
51830
27022
48691
27478
17968
43315
17968
95927
96904
91758
96904
58586
17968
14444
96904
30926
86713
11120
89724
85607
61536
96904
96904
56229
17968
43658
7911
17968
3322
96904
17968
31560
73684
69755
25426
55929
4155
17968
42061
96904
93206
34665
96904
22648
96904
76723
71778
54262
9837
96904
17968
10771
50504
23078
96904
96904
81428
74946
11421
17968
94491
500
96904
98950
17968
96904
63156
25205
96904
96904
52855
26318
75575
17968
17968
51579
62362
96904
19597
55665
17968
7656
56734
17968
22906
36295
4540
17968
62026
17968
17968
17968
98133
12370
17968
76265
42764
22378
30361
21474
17968
17968
17968
17011
61661
17968
37869
4963
71808
29205
15921
17968
71486
44264
60342
96904
17968
17968
33555
22568
46558
61443
96904
45097
58578
7561
96904
95255
863
96904
17968
17968
96904
96904
17968
96904
1152
17968
17968
38843
17968
21788
11423
17968
70265
19936
17968
47044
96904
47461
46380
38800
96904
17968
14731
66922
17968
17968
17968
96904
17968
23970
88814
69825
17968
51746
5590
55658
47458
81550
7545
11913
40953
17968
96904
17968
26042
63863
38468
32422
96904
51904
17968
33560
8349
96904
34309
15587
40703
96904
23293
96904
96904
96904
55306
96904
17968
68129
10247
75966
96904
80782
96904
96904
948
96904
96904
34946
96904
96904
96904
96904
87413
36411
38410
83252
99464
96904
27516
96904
2170
58965
4766
11648
25996
16791
17968
7499
96904
24462
70248
96904
16303
58372
58231
74991
96904
17968
24704
86078
96904
17968
350
42800
17968
96904
96904
50038
96904
96904
21044
63902
35667
88910
26006
18368
92943
17968
17968
5670
96904
17968
66776
44811
91771
17968
17968
96904
19529
37534
17968
78898
7245
13848
17968
69074
3743
63361
17968
32216
70090
21494
78533
47430
341
30295
90261
43192
48773
96904
17968
96904
26317
70697
78954
89786
96904
51398
80670
88394
80612
46405
96904
93430
55461
17968
35056
60945
6044
23717
17968
30943
17968
17968
96904
96904
48575
58144
96904
45246
2841
46126
17968
31239
96824
96904
96904
17968
8482
86104
96904
19340
17016
45422
96904
49141
96904
17968
96904
87849
77247
17968
7035
17968
17968
36400
17968
74449
90104
27675
49271
96904
78580
46609
17968
17968
96904
10910
17968
17968
17968
42217
96904
89516
79461
96904
1950
95838
87798
96904
2838
65025
17968
96904
98668
4155
7928
96904
26065
22964
96904
87916
96904
46114
17968
17968
17968
74510
96904
17968
89507
96904
96904
17968
42519
27217
53675
22330
43455
17968
52277
17968
17968
17968
63837
96904
59739
32887
45408
17968
8964
17968
96904
36223
96904
19415
64969
96904
1929
96904
11439
2711
41770
17968
53390
97467
17968
17968
96904
43378
17968
96904
92933
70289
17968
96904
96904
17968
92360
11164
17968
96904
15757
17968
17968
87657
26041
33964
96904
95904
96904
56015
88454
83177
21494
95025
96904
72210
11996
17210
17968
45014
9548
91833
1622
17968
98781
59480
96904
6708
49931
96904
96904
96904
54578
88602
7827
44541
132
54729
43355
70524
17968
96904
62383
96904
37557
96904
28129
4004
96904
7047
6441
13700
96904
42519
1734
17968
22043
41193
60056
96904
96904
26828
783
58425
27798
17968
96904
96904
24432
96904
17968
21380
17968
17968
90932
45276
47528
8802
59997
7303
17968
5237
9827
96904
87995
2377
96904
96904
96904
72463
29759
17968
17968
33268
73219
96904
90440
19986
32364
96904
89150
16965
6916
36314
88656
59650
18561
60404
9281
70383
17968
17968
33943
52909
96904
90670
28879
17968
57832
16113
76809
96904
10642
17968
90065
97401
96904
23461
1167
93718
45362
8246
17968
34922
17968
17968
65004
96904
17968
22970
17968
7935
96904
73435
47035
96904
17968
96904
83801
4211
17968
34046
17556
17968
57875
31216
17954
17968
67970
13258
17968
44367
96904
89619
17968
96904
54782
17968
94347
32413
65525
96904
64009
40990
55848
96904
96904
17968
25102
17968
70560
17968
9164
96904
2479
2460
82546
38768
1833
96509
17968
59545
85080
17968
88331
17968
81503
48098
36929
81981
31118
72389
32224
18718
34045
96904
41602
17968
90414
96151
17968
65158
17968
17968
17968
91873
96904
74986
18444
90208
96904
17968
37350
17968
96904
96904
17968
17968
87890
83084
1152
950
17968
17968
40462
17968
17968
8641
88168
73231
17968
17968
96904
96904
84073
17968
96904
44062
89785
17968
27302
96904
17968
17968
96904
65879
814
17968
26902
17968
89770
96904
73427
59210
96904
46528
96904
72968
22069
55427
62792
17968
17968
96904
43260
3589
96904
17968
96904
90384
2087
96904
10324
19212
20065
56117
51769
88367
96904
17968
96904
78440
96904
17968
32713
2583
7512
17968
39522
31159
91136
47121
17968
96904
96904
85790
17968
37960
3970
96904
17968
70300
83236
17968
52023
24195
45755
46325
95551
29396
15437
96904
63564
16969
96904
96904
858
17968
33210
64024
89728
83584
17968
15679
98226
41785
96904
45701
96904
96904
53433
30213
12093
96904
17968
40947
24022
17968
44732
79846
62335
17968
38397
96904
62618
17968
96904
96904
15482
96904
17968
24374
96904
96904
97055
17968
96904
17968
21056
17968
17968
68134
58983
71368
73819
73297
47079
86658
38816
78393
5196
36008
85392
96904
17968
17968
72287
96904
16681
37228
61728
11374
17968
96904
29769
17968
494
96904
17968
96904
17968
96904
54896
27278
17968
83899
32595
97422
46276
17968
4379
55196
91939
23720
47132
26179
84611
17968
90747
44356
78910
82097
17968
96904
41112
1561
17968
43839
59978
95151
1935
96904
96904
17968
96904
96904
17968
35648
96904
17968
17968
96904
17968
17968
17968
32008
38634
96904
7595
96904
1950
20640
45495
17968
11536
17968
96904
17968
22560
17968
96904
96904
16021
17968
19521
96904
6961
74200
17155
31370
42296
96904
17968
46679
74035
97662
17968
96904
96904
17968
96904
17968
15117
16665
96904
28411
96904
94634
17968
96904
96904
96904
96904
7336
96904
17968
5888
8779
63732
7348
76780
96904
96904
82405
96904
15875
62308
92290
62468
29960
23062
58740
23840
16769
8482
17968
46004
96904
57098
17968
19035
38925
71725
17968
47081
17968
2786
17968
96904
96904
96904
52253
26777
96904
1945
69656
17968
79099
17968
40808
87464
61836
17968
66060
96904
17968
17968
96904
1478
89719
17968
96904
96904
56129
71337
76364
22960
17968
23247
17968
17968
17968
17968
9524
96904
63717
17968
17968
96904
96904
43865
17968
92997
96904
96904
96904
17968
98237
79439
9520
17968
17968
92116
62413
51517
81102
17968
96904
19442
72103
80198
96904
66817
75354
17968
1928
17968
35278
17968
9257
47003
14424
6770
80981
96904
38782
96904
17968
31223
17968
4473
16075
17968
70493
96904
91003
96904
34528
96904
96199
81817
23470
17968
18797
17968
87525
77823
49470
40189
8788
21482
17968
96904
96904
11264
96904
17968
95756
108
2306
99561
17968
96904
34635
75206
96904
56394
2102
49123
73279
17968
9255
94882
17968
61820
43824
96904
98808
17968
17968
50236
17968
61115
96904
17968
12381
17968
17968
96904
17968
33012
76321
17968
84112
17968
39868
49159
84656
48095
17986
87141
74039
96904
89491
96904
13610
17968
41244
17968
23062
79958
29410
26580
96904
96904
40879
17968
17968
96904
96904
99771
3579
28137
17968
96904
15190
52709
96904
96904
54450
96904
96904
96904
76231
98522
17968
96904
41241
17968
68704
96904
93129
96904
96904
12944
24168
39397
70273
8913
93690
17968
96904
93532
87853
91823
39041
96904
96904
50500
8697
66844
96904
17968
32117
88190
96904
96904
17968
38613
96904
17968
32194
55378
78622
30482
17968
17968
73362
30512
17968
17968
61645
17968
21540
96904
17968
81299
96904
22520
96904
17968
1704
96904
48099
17968
8207
7126
24351
80790
14024
96904
90466
99833
73491
26486
96904
25037
20142
17968
17968
37419
90360
17968
2999
47512
9802
30747
17968
13603
96904
49478
1112
17968
96904
17968
17968
96904
37162
96904
96904
40932
56464
69001
96904
96904
17968
70609
96904
16516
55015
68284
99885
2972
14486
25982
17968
96904
63901
17968
25506
17968
17968
2520
18629
25101
96904
82000
17968
17968
17968
12812
31065
96904
75147
87400
80768
17968
95765
17968
17968
81149
96904
96904
19559
17968
14987
45778
17968
51323
17968
45265
98652
96904
41613
2311
17968
11535
68912
96904
43983
63819
17606
17968
4513
79707
96904
96904
51224
48101
82057
17968
23791
36071
17968
2916
17968
34578
57719
17968
17968
88613
95703
78154
2831
89983
63427
17968
25494
68436
5693
58822
12345
35846
80250
65935
12834
96904
17968
89458
34495
65672
96904
17968
67204
96904
86131
47510
34801
96904
17968
17968
71220
96904
17968
96904
17968
43314
17968
17968
56401
14215
41436
64903
96904
21198
17968
14179
96904
96904
67490
87871
96904
49262
15489
48147
31680
81406
43122
53067
35676
9588
54779
82315
95883
1184
96904
96904
17968
22113
34704
17968
49170
96904
17968
30330
17968
96904
30070
37261
94773
44292
96904
96904
96904
23573
20657
39838
22681
73007
45472
2002
36116
78819
51385
96904
99854
58299
67581
17968
91777
96904
50360
1670
15699
2532
17968
83473
42673
3342
32374
17968
96904
17968
96904
17968
36390
45594
86901
96904
50178
35034
96904
17968
96904
17968
42933
17968
38088
2525
37148
97022
42470
96904
62239
46425
23458
46314
77481
12092
96904
17968
39270
20699
48250
17968
85797
33487
17968
17968
86264
17968
30625
31527
96904
57163
46434
17968
17968
36269
17968
40767
77175
96904
15543
17968
35979
17968
29764
76
96904
17968
96904
96904
39292
77394
32226
65604
58171
17968
1218
17968
17968
17968
96904
96904
39264
17968
76070
17968
76561
17968
17968
22944
54420
44877
96904
17968
1655
39121
24380
19989
15612
88818
17968
51539
96904
96904
52043
94201
96904
78520
96904
19887
17968
17968
17968
33012
75347
10235
21279
17968
45290
54108
17968
96904
47835
65944
17968
17968
46133
2228
23204
5661
15365
17968
92840
21521
17968
34251
62229
96904
17968
62963
53660
96904
60565
780
1085
96904
96904
96904
17968
38287
57413
14801
96904
11298
43206
8209
96904
89600
96904
96904
58804
108
16875
39007
96951
70974
82709
17968
18350
77716
71242
29066
43712
17968
61805
17968
17968
64777
54610
17968
79685
52957
25477
77346
17968
17968
96904
17968
96904
83055
96904
10916
81366
20158
69177
12736
17968
96904
63269
17968
20502
76193
96904
96904
96904
20651
50923
54275
18516
96904
96904
16402
11942
96904
15973
96904
23253
16636
63205
9482
17968
96904
13107
96904
44394
96904
96904
96904
96904
69956
48463
40106
69470
8886
96904
33131
94185
32302
2357
22729
96904
96904
17968
17968
25366
41797
31494
42200
45581
18222
96904
66818
96904
44404
72854
95417
67265
96904
96904
21917
17968
92287
17968
67769
17968
62170
16405
96904
62382
76951
96904
76139
19355
96904
96552
72518
69892
96904
96904
96904
8081
23991
30488
36391
85650
17968
63501
96904
23867
31872
91783
17968
36514
96904
96904
96904
58793
41810
55788
54210
96904
29026
96904
80970
23870
17340
17968
79853
8542
96904
17968
2821
17968
641
17968
17968
96904
62287
96904
96904
51933
23552
96904
98104
72974
96904
17968
17968
17968
96904
39755
96904
45694
96904
17968
89639
96904
96904
40994
96904
56034
17968
98850
4866
17968
20727
36507
66787
94059
38075
96904
55354
80359
28250
17968
17968
34553
8126
82057
2299
17968
37988
43781
17968
28814
96904
3386
12162
96904
56882
58833
96904
17968
87516
21000
10837
17968
69178
96904
39410
17968
96904
91404
17968
44026
52937
31103
52599
90784
17968
17968
17252
52078
36246
70261
96904
96904
51714
96904
59261
55422
30318
26075
96904
90322
637
17968
79997
17854
44371
3068
11967
57058
96904
85017
17968
17968
7708
96904
47884
33854
24820
96904
17968
6502
83106
17968
17968
61870
17968
72440
17968
12674
43990
17968
96904
96904
13203
98398
75145
38072
15514
17968
44483
52245
17968
20386
96904
3525
96904
17199
71565
11224
92931
46099
96904
96904
96904
36489
77513
63867
82071
56523
59088
80520
17968
66500
94461
60724
73435
62707
24111
96904
44246
17968
63539
17968
17968
96904
96904
79037
56645
11396
34188
96904
41875
96904
17968
28701
17968
17968
96904
17968
17968
51826
96904
157
76117
17968
23905
37595
17968
96904
96904
17968
9001
43487
2528
17968
17968
17968
96904
17968
43202
8140
33476
16474
36067
29805
78686
67834
96904
17968
17968
48503
96904
96904
48346
43595
17968
47301
96904
96904
17968
36457
95036
69741
2430
91109
96904
67661
37206
62442
95986
65762
6951
17968
81347
73782
8563
18823
17968
94161
17968
95627
17968
96904
57426
95152
96904
9216
51304
42590
26852
61707
96904
95091
15229
66210
96904
80775
35018
42236
40090
2210
1295
71117
42876
17968
33261
17968
17968
74437
31905
17968
96904
364
96904
34045
62539
96904
17968
17968
96904
17968
96904
17968
58702
37845
46207
96904
17968
68510
96904
71876
83709
96904
96904
3407
96904
55522
24912
25883
18947
92230
96904
82589
85603
96904
96904
15352
56034
11645
17968
34586
31127
17968
35241
96904
6517
96904
17968
96904
8887
92903
22471
96904
72542
38389
5203
96904
17968
96904
97092
85525
84057
92781
96904
30990
17968
26713
99550
35832
31813
34410
42157
17968
12337
96904
61733
96904
96904
96904
96904
17968
96904
83637
70121
14178
17968
62117
96904
12632
99078
80518
83884
8615
15047
41957
32660
68767
17968
96904
17968
46167
96904
96904
17968
69523
96904
88072
96904
34772
89962
96904
96904
1355
96904
17968
60705
43
96904
17968
96904
79668
68351
96904
26472
63403
96904
96904
13369
17968
96904
96904
17968
83688
17968
7919
81100
2314
96904
86552
61692
81677
62342
96904
12349
96904
85909
22043
96904
33852
96904
96904
96904
96904
17968
96904
93410
65662
96904
87737
17968
70933
66531
96904
96904
44039
4687
17968
17968
5601
38525
46327
17968
96904
17968
96904
17968
17968
62773
22871
96904
14182
15030
3162
96904
96904
70072
77927
96904
17968
96904
17968
96904
21057
96904
17968
68666
10345
17968
18400
13603
43365
82461
47967
90501
30934
2629
87796
44498
80219
69279
8120
75255
73549
4181
91937
58772
22517
51369
96904
20723
15187
17968
92243
17968
96904
26293
83088
80678
96904
85273
16658
96904
17968
2532
96904
7704
96904
78223
96904
27890
96904
96904
96904
96904
17264
96904
96904
17968
96904
96904
96904
17968
39549
96904
6235
17968
17968
65196
17968
96904
21557
17968
17968
16603
62425
96904
96904
20365
17968
13082
15888
82237
16293
60376
47394
385
17968
17968
96904
58025
69180
17968
529
6341
96904
96904
64304
44696
17968
96904
94396
17968
96904
8371
96904
82035
22025
80454
96904
96904
54975
27808
17968
96904
81642
17968
54759
17968
46261
81500
2849
67951
17968
85006
98709
96904
61020
96904
96904
17968
4129
17968
47980
66117
96486
29494
90142
96904
44651
6836
96904
21919
96904
17968
16067
94688
96904
96904
54307
90407
73129
8760
63904
24304
96904
17968
96904
20176
98274
96904
96904
17968
96904
96304
80634
54993
82925
17968
96904
7895
93132
17968
18855
12999
17968
96904
75433
10956
85128
60374
96904
96904
17968
79401
13989
96904
17968
17968
17968
52546
89806
97470
33928
6101
17968
96904
28091
96904
41149
96904
31387
96904
65608
17968
96904
17968
96904
94661
96904
96904
76518
299
96904
68895
49553
96904
81124
17968
15425
96904
88981
17968
16088
14734
17968
38190
33452
29708
96904
78497
57251
44252
96904
83704
47686
96904
17968
17968
17968
96904
17968
78711
17968
10112
96904
96904
40345
97890
96904
90312
17968
60761
88562
54731
33836
96904
52094
79790
51149
90016
32662
17968
28552
15687
97545
25177
31257
23335
96904
76035
94395
17968
50046
17968
36887
2721
96904
17968
96904
1561
42572
75473
99387
1707
16953
25218
17968
37647
17968
73961
32495
44255
96904
17968
63122
17789
96904
17968
33111
85331
96904
17968
76312
77914
32889
17968
46476
96904
65802
17968
17968
17968
89950
96904
45908
96904
34257
96904
86687
17968
11726
17968
8319
24324
13309
96904
19575
23279
40641
47359
17968
60449
7113
1678
75425
66049
37526
17968
96904
37659
31787
74205
17968
96904
17968
17968
17968
15760
55270
96904
17738
57530
96904
17968
16296
32256
96904
37919
6166
98685
96904
15503
96904
74683
13018
17968
96904
582
96904
8279
57826
42232
79449
35544
96904
61549
44419
17968
96904
30095
17968
17968
66611
96904
6694
26532
25441
17968
5351
96904
25667
10027
17968
16444
18218
96904
9513
51603
83137
17968
51551
42805
74791
96904
34736
48608
34862
99020
71922
22871
82212
86297
59041
17968
3674
96904
17968
48411
17968
72673
96904
96904
74540
17968
34564
7733
17968
96904
17968
26302
11655
88599
17968
4574
96904
18430
38129
46092
46187
17968
96904
58321
44127
21999
17968
17968
98034
97118
829
17968
40733
96904
10560
17968
80819
68218
18087
3651
96904
84678
77461
38525
21029
42457
96904
57757
96904
69715
17968
50576
96904
96904
96904
96904
12628
85449
96904
96904
17968
17971
2136
17968
73234
96904
96904
96628
17968
69305
30767
96904
56392
78191
41023
668
70445
18008
17968
96904
96904
63210
62850
34874
96904
17968
22615
17968
76328
39235
22618
11885
95433
96904
95354
17968
96904
6400
96904
17968
17968
17968
17968
25542
38948
27354
58710
17968
85903
86095
4125
57191
2103
17968
7160
96904
11015
97246
75818
75351
34096
3894
36345
23002
93918
96904
51832
78224
48883
17968
17968
53464
18221
45474
17968
34082
96904
89213
54894
53350
96904
96904
17968
75366
10473
17968
16817
16295
66944
76989
94605
87668
17968
24403
79912
96904
17968
84220
96904
17968
3379
96904
96904
17968
97955
22194
96904
8004
96904
96904
12586
96904
17968
20440
97575
96904
17968
61336
40520
56851
96904
96904
96904
17968
96904
17538
6137
71836
85492
96904
18942
96904
21242
63128
66941
45306
28110
17968
96904
82096
27308
96904
46461
96904
18562
55518
54071
62843
18359
96904
56602
6439
97453
96904
17968
17968
96904
17968
35437
17968
96904
7944
17968
96904
11635
92816
17968
17968
56728
81417
32233
96904
17968
96904
94615
24229
48825
71726
92207
65211
96904
30424
17968
96904
17968
98031
51897
17968
62864
96904
17968
50874
50515
44122
17968
17968
17968
67323
96904
65488
96904
17968
96904
96904
28442
90683
17968
51448
17968
95694
78102
95401
17968
96904
96904
96904
23304
17968
54136
98624
17968
42595
17968
52795
96904
84088
17968
17979
17968
60574
96904
96904
55873
88038
17968
74575
34416
96904
17968
96904
50917
2807
31436
96904
87883
17968
96904
96904
44683
17968
64231
96904
21499
96904
46998
96904
16668
17968
5555
17968
45977
17968
96904
15064
1750
77977
96904
86920
65327
96904
96904
41489
12092
25753
17968
60443
85453
82688
42674
17712
96904
31193
7395
96904
29199
17968
40409
17968
67240
75758
31691
10782
11542
96904
92892
96904
91558
96904
64931
96904
17968
17968
96904
86934
81068
17968
96904
22485
78405
41885
49205
65598
26752
87592
67360
17968
38991
66206
26253
17968
43887
96904
67332
9821
60512
96904
7352
17968
5933
13577
75317
30794
17968
96904
10363
52613
4786
96904
20018
96904
96904
9143
11327
72764
76900
2015
17968
70261
81383
17968
94044
17968
94784
5209
15295
38368
17968
86973
17968
18688
89116
17968
7931
96904
308
31221
96904
74229
4594
17968
21330
30530
96904
17968
17968
70381
17968
17968
89379
96904
96904
17968
96904
96904
88247
96904
46921
96904
40939
17968
96904
17968
96904
84928
96904
86728
17968
96904
17968
34542
4426
96904
96904
96904
80881
17968
22500
42516
75220
63698
6625
50705
25377
73505
19793
60908
24795
17968
37315
69734
67635
96904
15345
96904
48860
18013
51780
17968
17968
63817
96904
74000
26317
41998
5755
26406
9169
81488
96904
17968
17968
54437
45992
96904
96904
17968
16391
17968
96904
60450
35568
17968
96904
4834
28930
13707
96904
72614
96904
670
26150
96904
96904
91339
57526
22709
84549
50620
71720
17968
17968
57387
92941
17968
17968
26282
56330
31085
17968
17968
96904
40047
11084
17968
19588
56290
96904
35344
17968
11713
92247
33963
14951
55252
77537
45779
7560
44318
17968
17968
80383
17968
12823
17968
53088
1738
5083
17968
95140
79920
34984
8854
17968
44968
71927
17968
96904
96904
96904
96904
46352
32676
52057
96904
79287
17968
59085
41256
17968
80488
29735
56118
53636
26538
73586
68629
96904
29931
82933
89656
96904
15276
18191
96904
96904
17968
96904
96904
65972
93286
94021
45857
17968
19248
33648
96904
17968
58535
96904
6473
98372
17968
24190
17968
55306
96904
17968
17968
3297
49560
4540
15256
6019
96904
33814
64582
96904
96904
51486
36466
64682
48748
90293
14285
8441
6080
15216
26958
80442
96904
83525
92336
21886
69941
30042
78758
17104
17968
17968
17968
25984
30500
52175
92559
96904
10591
17968
17968
96904
34291
17968
18693
8713
59634
82736
60437
96904
81719
59933
54925
17968
1738
79361
17968
39744
27984
52811
75035
54212
25973
17968
17968
82524
17968
53851
21312
80795
17968
35561
64272
17968
24173
6025
96904
96904
42
99744
17968
47246
24160
96904
96904
87105
96904
27440
9636
52875
30287
96904
38134
17968
36849
7564
89129
41355
17968
17968
73813
33324
26449
96904
17968
17968
96904
17968
25694
87893
96904
96904
70139
76794
82931
53612
82311
10943
17968
96904
17968
27334
38425
88214
58532
96904
17968
57866
31366
49902
96904
96904
40372
95631
21677
17968
5877
45600
15361
46359
17968
17968
64022
17968
29177
96904
76420
72465
96904
39009
17968
17968
39692
87810
96904
17968
17968
42143
25
82625
44767
87158
17968
2851
21732
96904
96904
1204
51897
42204
96904
17968
17968
90055
65524
96904
17968
43498
81298
53883
96904
96904
62396
51806
50387
96904
17968
17444
25807
19851
17968
96904
77051
96904
96904
37161
96904
30194
12284
28069
38513
17968
17968
42703
96904
4060
55246
3687
56904
13353
4512
17968
87796
71849
96904
16717
74296
3496
17968
96904
96904
23078
96687
96904
96904
96904
99163
96904
62548
96904
15813
38798
96904
4578
57619
96904
14544
96904
10112
81395
169
42144
66001
62127
69162
83115
17968
31294
38128
7500
89700
63079
1619
42112
17968
96904
21595
14088
96904
96904
31083
20259
17968
17968
78163
17968
8929
17968
96904
9954
24990
52905
17968
17968
32761
10691
17968
17968
79924
17968
96904
60370
17968
99863
17968
18308
96904
61301
2439
17968
11072
71805
61522
63055
17968
79710
13065
38496
17968
17968
96904
94291
38531
96904
17968
90838
43163
96904
99709
67931
17968
43714
67116
17968
96904
36810
96904
23335
43081
16771
96904
59191
17968
20171
17968
93695
17968
17968
6456
17968
17968
39152
78241
48364
17968
99128
17968
96904
12451
60995
77308
96904
52006
71097
61316
68211
46893
16137
17968
17968
17968
51477
2482
11088
18162
96904
79327
96904
42651
22174
17968
12780
17968
27033
8923
96904
23844
70073
22374
35530
8153
17968
48566
71805
17968
76192
9709
96904
80154
50297
98961
96904
17968
75481
13856
17968
46974
68125
95105
70016
96904
89466
14329
6733
15285
40188
45988
21928
25752
20719
60555
48227
34417
96904
17968
72990
22001
40477
38178
72154
9288
96904
96904
58372
96904
71614
1463
27270
95083
96904
97761
17968
96904
17968
14997
69080
88649
96904
96904
22629
17968
95376
65041
96904
5394
49517
37645
20415
33331
98147
28178
68615
96904
69928
47079
96904
62865
96904
13633
96904
17968
1208
54686
17968
99239
17968
46929
17968
69850
96904
96904
45600
40345
49031
96904
26220
96904
11847
56798
35040
96904
96904
96904
47902
30307
96904
95978
192
17968
26072
96904
45716
51089
96904
96904
9362
2099
74670
8935
28279
96904
10466
67047
91672
96904
17968
85629
17968
17968
96904
99332
96904
51301
8954
96904
5730
7704
79731
4311
47015
2665
74850
96904
17968
96904
96904
95486
1635
49087
96904
35856
38324
96129
47862
80742
17968
78488
36819
55805
17968
38793
96904
60323
45141
17968
96904
2900
96904
16290
17968
67567
27941
17968
81398
95216
17968
76310
96904
7473
6497
91162
17968
2917
42536
96904
76596
96904
22505
17968
17968
84059
45358
96904
17968
35688
96693
4220
72546
17968
901
88533
17968
78922
96904
66339
37291
96904
96904
86397
66278
96904
96904
93145
84323
96904
32076
17968
45821
17968
45886
10130
9913
54423
19469
17968
34351
96904
96904
29622
96904
92181
7358
96904
17968
3099
93179
85401
76388
96904
1435
96904
96904
96904
17968
70232
89478
17968
42785
43461
10785
55337
17968
96904
17968
43539
21586
17968
17968
22833
75903
12
42645
17968
49519
96904
17968
96904
48953
85252
69197
71904
41486
58083
48420
17968
17968
17968
28137
62749
96904
96904
26880
2421
94716
86245
17968
96904
96904
25035
46486
96904
17968
28819
96904
88027
60339
96904
96904
17968
29431
17968
59615
96904
57521
81943
96904
1697
96904
88200
2318
53274
96904
43911
17778
64624
17968
17968
96717
96904
17968
46239
96904
95887
57294
16360
69628
11773
17968
5178
96904
96904
17968
96904
650
1120
79419
17968
96904
93675
17968
96904
37171
43873
34364
96904
17968
96904
96904
71040
65326
96904
27062
26319
11567
35969
72598
1470
7813
78613
43843
96904
17968
17968
17968
30683
10977
91898
62512
7047
57525
50404
21128
17968
12215
72779
17968
3582
61607
60525
75640
96904
96904
85835
92332
34359
7736
10471
29454
6033
96904
77798
66458
67406
17968
17968
87295
2185
17968
23355
73027
17968
96904
17968
17968
21274
17968
7371
94556
25210
71633
13845
17968
13586
17968
96904
17968
89581
7522
17968
96904
99222
96904
96904
96904
82232
71504
96904
71116
87439
70416
17968
96904
63236
80011
96904
96904
73826
14336
35455
12481
96904
17968
17968
64411
96904
15794
69156
17968
96904
18546
17968
96904
42890
1301
96904
96904
93587
14446
96904
17968
56773
17968
61213
18836
17968
17968
96904
96904
17968
42955
17968
20175
41684
69978
96904
1278
26559
17968
17968
17968
17968
96904
17968
91765
17968
17968
81569
17968
17968
40239
692
38072
22301
41996
17968
17968
17968
96904
45419
96904
70062
57577
17968
76617
17968
96904
17968
96904
96904
96904
96904
13476
63236
96904
96904
5990
96904
5951
7789
90718
96904
51208
96904
88087
85857
17968
17968
17968
88017
69619
1278
17968
17968
17968
96904
17968
21053
60087
96904
26907
59205
17968
17968
25599
12926
55187
29825
31100
96904
77413
53813
19670
97387
29216
96904
55211
96904
74177
39757
17968
96904
58856
17968
34563
17968
99595
38088
17968
17968
63835
2451
84936
96904
37633
47770
96904
41390
17968
68431
17968
44743
96904
21272
17968
22570
33706
54297
17968
17968
17968
17968
96904
17968
96904
18528
17968
74066
17968
85755
69408
81786
17968
17968
96904
33936
17968
40255
16517
42582
89989
55154
88617
96904
96904
17968
96904
17691
13293
96904
17968
96904
11039
71461
61553
73557
54061
17968
17968
96904
31894
82881
17968
18604
96904
32670
45453
17968
17968
13344
10836
19064
6170
96904
36829
17968
98346
18230
96904
17968
96904
23662
80693
26532
5791
17968
96904
7830
96904
17968
35617
96382
96904
96904
13756
96904
5237
37772
95805
76363
17968
17968
94871
41607
5868
4749
91912
96904
23351
18835
3889
17968
86746
17968
11609
96904
70237
17968
64774
61461
73359
24615
96904
4389
17968
96904
33162
96904
36562
13723
4546
29861
36729
63561
96904
85449
27853
96904
24801
9105
4878
17968
96904
35637
96904
96904
96904
96904
78188
96904
96904
8430
61562
96904
62932
13397
65768
93102
55133
96904
17968
6656
19919
17968
96904
17968
96904
82218
44748
96904
26970
17968
83515
17968
6235
93911
33416
17968
32292
17968
61117
13651
40206
23569
96079
670
72336
85755
51547
96904
74609
96904
65277
96904
96904
17968
17968
74589
17968
52426
85102
17968
8589
19552
96994
17968
32610
75266
71732
89289
17968
10728
21360
96904
14121
72032
17968
17968
62854
61781
38986
68299
96904
68842
45234
68333
17968
49740
20186
3695
54391
9537
61526
13290
96904
17968
13723
96904
36280
3733
501
80193
96904
17968
67030
41755
36460
2577
91241
96904
96904
96904
24754
17968
58766
96904
17968
1810
96904
6492
96904
92000
77740
96904
17968
44716
23062
19459
38970
4094
1377
20164
18133
77979
3856
76244
17968
76804
17968
95752
96904
27476
36942
17968
30847
17968
58389
4546
17968
17968
96904
58556
22487
17968
20353
41663
18654
96904
17968
17968
54353
17968
17968
20813
17968
78922
2928
74607
41247
96904
96904
38984
96904
5994
70124
19006
96904
85671
23062
84322
17968
96904
17968
17968
26190
96904
17968
62386
96904
96013
22880
17968
30002
11117
17968
96904
17968
35733
25962
17968
17968
17968
94177
96904
47533
7065
1157
17968
96904
62184
17968
17968
96904
96904
52614
17968
96904
17968
96904
27528
17968
85751
96904
78809
83030
15374
17968
7318
98737
96904
60942
49649
17968
11727
17968
87909
34866
1008
42300
17968
17968
96904
19105
17968
17968
96904
92208
3628
17355
96904
99974
96904
17968
10729
67835
71813
96904
11464
17968
96904
96904
81363
36083
92522
96904
17290
47976
96904
44347
17968
12456
17968
47259
96904
44517
2706
89382
96257
93719
18518
17968
17968
96904
72581
53277
31561
96904
68516
98697
37544
65448
17968
80928
17968
43153
66857
75426
96505
37358
37065
22703
96904
6689
62111
96904
96904
96904
85212
53761
44672
57475
37400
81214
82259
17968
51166
20103
6737
61879
79140
96904
96904
17968
71579
71397
83846
60202
17968
96904
89314
64669
96904
47051
881
26317
96904
45716
41284
54820
77210
96904
14145
96904
17968
20852
31749
94470
96904
17968
2376
96904
16444
52006
76466
60225
72234
17968
36474
96904
77253
96904
96904
74402
96904
27132
96904
37322
47133
39241
5700
96904
17968
96904
96904
96904
17968
53389
40669
47380
32347
61460
10878
49107
26923
62562
1586
17968
96904
17968
56824
96904
17968
34113
96904
28764
13689
96904
13304
96904
71515
56436
17968
22295
96904
17968
1972
95469
96904
11283
12180
20591
2087
68648
37024
13023
88547
96904
17968
18064
17968
31310
96904
58625
68446
56252
40069
17968
18561
17968
96904
96904
47442
2913
96904
96904
30376
90465
96904
96904
96904
96904
54466
96904
17968
71298
33593
59446
34053
28970
96904
62313
17968
96904
86327
17968
8487
17968
17968
9521
17968
72126
96904
17968
96904
13563
59457
17968
44643
50066
96904
12195
26924
96904
96904
44870
6342
17968
84741
17968
54891
96904
25157
72689
7234
17968
51482
33334
96904
17968
17968
67246
79135
96904
17968
16890
17968
17968
28483
43391
28480
17968
10532
22121
17968
96904
17968
2525
15844
96904
96904
27630
96904
9546
15196
34699
77347
96904
13374
96904
14543
18106
17968
96904
17968
96904
95027
17968
17968
20671
96904
96904
31549
86776
21114
96904
16778
44712
23875
3989
17968
96904
17968
96904
17968
44491
17968
44060
17968
17968
17968
17968
98133
3683
96904
96904
96904
22260
17968
24645
17968
33604
96904
99771
63769
17968
78012
96904
74076
20969
2895
43300
96904
96904
17968
67447
96904
9236
17968
96904
16917
17968
96904
44534
75531
96904
17968
64702
8950
96904
17968
96904
17968
96904
17968
78527
18437
6662
96904
17968
71486
95761
41313
96904
17968
64281
37192
96904
55668
96904
80536
92012
17968
83845
96904
17968
34694
95069
96904
71612
96904
96904
96904
17968
17968
99278
96904
28515
67681
96138
44271
17968
96904
96629
96904
51948
42437
5378
39322
50591
86402
42313
96904
96904
1912
17004
68526
79857
71839
40337
60997
17968
61917
27113
96904
97766
9085
34717
96904
17968
58675
96904
17968
62272
17968
45319
51308
12057
33704
96904
96904
96904
17968
17968
69076
96904
61098
17968
65888
93934
96904
69438
96904
12531
96904
39541
96904
5618
17968
96904
36883
87175
96904
35304
96904
4681
61859
96904
5343
96904
96904
51109
96904
96904
17968
1912
75970
96904
15818
17968
17968
62974
36550
17968
17960
23625
96904
95873
69450
17968
58699
17968
17968
96904
18816
43045
96904
15502
82341
52232
25247
74986
96904
17968
96904
66226
7422
60782
96904
17968
66521
32991
26401
17968
50237
2807
17968
208
17968
44309
41602
57060
6533
141
72339
48298
76294
91944
96904
17968
81432
17968
9676
96904
17968
17968
96904
77974
17968
17968
17968
17968
96904
17968
96904
17968
96904
43358
96904
17968
17968
70565
17968
13401
17968
41347
35309
96904
96904
96904
81404
39011
36663
92851
33289
79360
38733
27972
42485
2276
17968
96904
69764
17968
96904
96904
96904
96904
43813
89665
6096
96904
17968
96904
40968
740
47506
17968
71790
17968
17968
96904
57699
96904
68467
78827
41006
87159
96904
96904
96904
96904
96904
99870
96904
37798
28381
96904
17968
10841
48190
65958
96904
69227
22560
17968
68033
12619
17968
16172
88716
60798
17968
96904
21960
91214
49427
96904
48163
17968
17968
17968
96904
61137
96904
17968
28274
96904
17968
50656
96904
96904
99013
96904
96904
96904
37604
16393
97708
1672
9737
20225
96904
80619
96904
57991
6654
55312
17968
17968
17968
96904
54697
96904
17968
96904
39715
65766
96904
29170
17968
98809
67099
17968
96904
58122
17968
17968
96904
10567
17968
96904
17968
64970
96904
58175
88360
40929
29812
1088
74273
17968
96904
10112
11249
17968
4229
67867
641
17968
55980
96904
96904
64740
96904
79697
96500
17968
96904
26880
39129
17968
87013
96904
17968
49380
28603
33499
64838
17848
7512
89696
66216
96904
1233
34999
96904
96904
3121
7566
13238
33644
38774
62367
44524
96904
96904
3654
9509
39082
96904
35350
68076
36781
75062
9162
17968
17968
11006
33675
96904
17968
87987
97711
96904
96904
96904
24959
96904
38302
85904
59761
83653
95654
96904
8091
36906
95753
53668
24015
42114
96904
15520
85478
96904
8403
42119
17968
3632
17968
17968
17968
48501
96904
17968
96904
96904
17968
17968
96904
96904
93575
17968
96904
25410
55568
55390
71034
17968
9473
3962
56855
37638
17968
33395
17968
17968
86324
78994
96904
86991
49355
17968
74631
91799
5860
2838
82533
96904
17968
23158
7066
96904
96904
96904
62433
17968
3159
58140
96904
80915
18674
55100
59404
53480
17968
12521
96904
17968
1058
95172
17968
96904
96904
88701
17968
32046
60413
3767
7465
87936
8765
17968
6913
92832
9107
2580
17968
42560
96322
17968
96904
19687
96904
17968
59221
1137
86257
2276
60614
97704
19130
17968
17968
31686
72833
1137
17968
48378
84310
90209
17968
65476
96904
96904
56471
58777
96904
96904
17968
96904
96904
80105
17968
74906
96904
96904
96904
96904
29270
92221
17968
58797
17968
38534
42635
26640
94749
17968
82396
96904
61637
17968
24016
92667
7074
96433
17968
71425
92520
88913
17968
96906
17968
96904
83259
65811
99921
96904
69271
60776
311
17968
17968
64234
53659
78386
11893
69377
29569
33289
65650
22067
45899
17950
17968
12423
79964
17968
16209
17968
96904
6888
14711
69436
17968
96904
96904
98751
81232
96904
72490
17968
6557
29190
96904
86394
96904
25787
17968
17968
50631
15673
27518
32128
4467
96904
96904
17968
96904
96904
81555
17968
17968
385
96904
12485
28663
17968
2094
50375
43020
17968
96904
96904
98030
98352
96904
17968
17968
6370
88291
59774
75439
96548
17968
96904
17968
37050
15758
2621
21561
21568
18489
86162
96904
47318
80103
17968
833
78839
6372
17968
35723
70656
53541
96904
40820
96904
78001
17968
15701
55716
16258
17968
17968
96904
95716
39044
12945
17968
83649
76936
2896
17968
17968
96904
17968
10804
92108
22092
75292
8387
96904
84411
60961
96904
89731
96904
96904
96904
96904
31543
67900
97650
1223
96904
96904
80895
17968
72526
17968
62200
50709
17968
17968
96904
96198
17968
96904
96904
78650
96904
55765
17968
17968
17968
43847
27747
20061
34128
39086
17968
5410
96904
91506
78184
96904
70239
96904
17968
4649
33098
96904
52071
96904
17642
10987
17968
96904
90569
92069
17968
17968
17968
96904
2331
17968
69890
96904
96904
96904
48161
98716
51369
96904
17968
17968
29305
89197
96904
96904
17968
833
30270
96904
96904
66653
24629
17968
82749
54912
17968
17968
17968
17968
17968
96904
71823
17968
59383
56044
2363
79134
5240
33060
17968
96904
96904
79778
72350
17968
17968
65585
17968
38277
75178
85722
8247
48087
87540
96904
49078
96904
72484
57076
96904
96904
17968
17968
17968
8504
24992
96904
39247
96904
17968
51732
92551
96904
17968
96904
2122
96904
96904
92007
7629
96904
96904
96904
96904
6728
17968
17968
6995
73111
17968
3359
17968
96904
80761
96904
96904
14068
17968
28271
17968
17968
17968
22452
96904
96904
97396
17968
86556
63096
96904
96904
41725
96904
96904
15288
97384
17968
14731
85271
97847
11204
43056
54641
17968
17627
28733
55199
86480
28489
2423
6308
96904
19153
17891
96904
17968
17968
38956
42661
94273
17968
41679
96904
28486
43116
58579
47994
17968
96904
26375
96904
59622
87898
17968
17968
13131
17968
14419
17968
38631
97762
67743
18563
65980
17968
17968
98295
50568
96904
25059
26492
17968
96904
17968
97250
17968
96904
96904
46046
96904
50171
96904
17968
66904
89431
96904
85018
66609
96904
96998
17968
29033
34843
22336
96904
17968
65644
96904
83265
59112
3163
96904
17968
96904
17968
10608
17968
17968
35273
97750
7838
96904
59864
96904
84
34037
92786
96904
82674
63363
84867
96904
17968
26547
17968
17968
96904
17968
15533
17968
96904
96904
17968
7301
3687
43979
3779
12092
91949
51633
26924
17968
96904
58478
22704
15941
96904
96904
45673
64070
95992
17968
67983
96904
96904
71021
74376
192
96904
30419
86041
17968
96904
31449
17968
96904
34681
72167
96904
96904
70275
17968
57734
18430
25013
59267
17968
3267
74360
17968
6094
56804
45171
17968
11334
55878
96904
17968
17968
96904
17968
28362
96904
14428
17453
57639
27883
15736
96904
17968
17968
52795
62548
17968
29609
17968
1318
17968
58657
99689
17968
3668
69133
96904
50115
23747
17968
96904
96904
96904
5298
17968
17968
75095
69245
96752
3632
17968
6082
17968
76931
96904
81459
95984
55815
96904
96904
2087
33599
17968
17968
27215
96904
52421
3764
17968
96904
50433
17968
17968
40111
29794
29170
17968
40620
71685
96904
96904
27154
20582
96904
96904
17968
17968
2649
97527
17968
96904
25566
96904
47314
63891
26326
96904
96904
96904
96904
85081
36211
96904
95859
64988
96904
50165
96904
17968
63161
55365
71913
72248
17968
96904
96904
10121
15160
61821
17968
96904
17968
17968
50718
38754
17968
61266
71368
52046
17968
4188
47191
37709
10214
96904
96904
51989
54559
7053
17968
36971
96904
27612
96904
82133
96904
17968
97787
96904
2709
96904
33030
96641
91638
96904
72253
96338
24028
17968
17968
96904
73360
28579
50881
69607
96904
17968
17968
2692
17968
65751
96904
71124
42482
91805
17968
94182
71153
668
17968
17968
42720
15915
1857
17968
69723
6256
5762
7903
1912
45673
96904
95274
41374
76499
17968
78712
17968
70060
17968
96904
1400
96500
64612
27694
31326
1707
17968
11151
96904
17968
26423
49029
17968
8155
1978
17968
96904
17968
96904
59878
56285
17968
68879
9069
23790
26101
46404
10693
17968
72879
98145
88025
96904
96904
28855
96904
13389
34343
70679
17968
16025
4494
74217
72297
27218
97201
8037
48057
17968
28499
28140
85111
33183
17968
74035
17968
81871
4542
95324
17968
96904
96904
33670
19469
96904
17968
96904
96904
17968
17968
68103
37895
96904
96904
33694
25839
507
96904
17968
94178
96904
99450
89912
96904
39195
17968
96904
96904
68357
55672
68283
19648
17968
88869
17968
32050
14724
17968
79909
13526
96904
54980
96904
21027
17968
287
17968
96021
4681
75812
61271
96904
30158
96904
33370
17968
96904
42584
96904
34801
2623
17968
43476
17968
96904
63822
17064
96904
96904
49373
17968
76696
83299
72021
20407
96904
17968
30096
7221
6731
77294
17968
76285
17968
66115
43047
10165
17968
50837
41292
43065
84347
60742
96904
31722
96904
96904
96904
68609
17327
83291
35163
17968
17968
17968
86569
77966
8459
18126
81869
6995
31866
41705
18546
96904
95385
36205
96904
22313
96904
50902
17968
85118
96904
85749
96904
96904
43541
24910
22426
25398
80612
32563
17968
96904
892
13816
96904
17968
96904
18577
17968
84249
96904
85911
96904
58655
23550
74612
17968
34210
17968
17968
70197
96904
12883
3326
20422
62390
17968
11087
40205
17968
11484
17968
96904
4881
17968
17968
17968
11044
8681
85035
34861
17968
96904
92258
28031
17968
96904
96904
67420
8271
91741
96904
17968
29030
17968
6250
17968
96904
57514
1884
98318
5087
87910
73589
15830
18627
17968
17968
96904
80447
17968
13754
75820
20737
28588
355
41709
66267
75454
35801
22319
88350
17968
35488
17968
17968
41908
96904
96769
67774
96904
54845
17968
96904
17968
17968
36251
1986
90941
35536
48268
96904
5203
17968
96904
53825
17968
47624
92535
24590
39799
76462
96904
2300
17968
85937
13878
14588
17968
85842
24910
17968
32973
12078
96904
4426
96904
44324
3575
81881
17968
75640
17968
31243
40806
8009
96904
67720
35810
15047
17968
17968
96904
96904
13160
52342
17968
17968
17968
3188
74454
73102
15339
60605
17968
91743
31401
56349
96237
17968
8293
68531
17968
73471
96904
17968
35548
27591
16453
74935
17968
17968
17968
20343
64257
781
17968
91274
40236
23327
51046
46132
96904
76925
97254
17968
96904
80809
27923
3387
81693
17968
17968
8343
96904
10388
34547
9772
83946
93590
38571
96904
17968
3738
18478
13958
5693
17968
96904
17968
46366
17968
85455
55878
54292
20415
96904
17968
17968
21129
49974
96904
94607
17968
65962
96904
58580
46493
17968
96904
94244
17968
17968
91676
17968
17968
31444
96904
58231
50388
70164
57432
17968
58214
96904
67149
73305
49146
86947
65466
17968
17968
43914
9625
34734
29859
75210
67502
17968
96904
54510
76680
96904
74885
48436
96904
99906
77345
4071
17968
19231
17968
62012
52727
17968
19642
96904
38833
96904
90468
21403
25241
96904
74095
53610
17968
50378
96904
17968
62631
33255
17968
17968
96904
96904
10619
78021
11744
96904
23654
75033
96904
96904
96904
96904
24955
96904
15330
13334
17968
98818
96904
57763
7607
2306
78358
17968
70806
85913
8563
40889
17968
23217
96904
86241
86288
96904
17968
93922
17968
17968
6181
15431
96904
91722
57370
17968
1010
96904
84455
96904
17968
17968
44041
89520
82182
17968
36136
53538
19817
17968
95091
74455
27877
17968
96904
17968
17968
17968
96904
38904
36356
76087
17968
65982
13915
67507
86736
34991
90463
8678
4972
22063
74546
29953
96904
96904
13838
96904
117
96904
96904
21432
96904
73911
50988
60935
30400
43717
96904
19251
52986
2689
18089
37697
96904
54653
17968
96904
17968
56247
36936
96904
53796
1196
96904
5612
17968
54889
17968
96904
30348
37609
31282
87915
48942
96904
49434
96904
96904
94576
73853
88309
44250
17968
2317
17968
43661
61810
96904
92679
17968
66619
16400
17968
73081
96904
17968
64708
8277
95159
72951
35237
30319
17968
15188
23944
96904
17968
26050
96904
17968
57346
28063
96904
17968
17968
17968
43515
38906
54587
17968
96904
11212
10768
99984
81870
17968
7141
96904
37287
2532
96904
17968
17968
56586
96904
59277
60546
96904
17968
96904
96904
97579
17968
5388
78613
96904
52243
88792
55317
96904
3263
17968
96904
17857
59398
51814
96904
58847
17968
9861
17968
88169
98594
17968
34158
96904
85917
96904
17968
85486
3236
38399
18265
62933
96904
53267
17968
96904
68172
7079
51712
96904
71442
16010
17968
17968
26221
5851
13279
26320
54763
26375
96904
96904
96904
16365
25676
7658
17968
17968
96904
22950
17968
57390
96904
92919
55333
42339
15504
17968
96904
96904
96904
17968
93543
43539
39435
96904
7736
20992
70841
17968
96904
88829
17968
11295
83307
80172
96904
17968
383
43100
34262
95064
21075
48076
25858
17968
17968
44037
35194
96904
96904
59179
10090
38371
14897
96904
54017
16550
17816
98370
81666
17968
17968
96904
45862
91646
36760
60251
25566
17968
985
17968
96904
96904
40078
93465
17968
17968
96904
96904
17968
96904
17968
96904
96904
96904
52095
17968
12602
53412
96904
37395
17968
8434
16043
17968
19049
96904
17968
21258
17968
96904
35813
20858
68796
96904
74863
41814
31377
15914
96904
88140
86788
829
21590
54052
17968
96904
96904
23360
36345
1148
35353
65973
38426
42821
17968
17968
54859
11278
96904
9068
1380
96904
92925
81927
31276
96798
38423
17968
6241
96904
17968
17968
88834
78148
96904
8998
11722
21695
41748
17968
17968
94020
96904
3105
96904
3670
17968
62851
17968
96904
81466
96904
96904
35192
2839
96904
96904
61815
80426
27506
28958
96904
96904
80401
45509
96904
42812
6025
17968
96904
60628
82722
70123
70224
17968
52188
15266
17968
1536
15700
60174
96904
17968
96904
96904
96904
87883
77325
28261
169
17968
17968
96904
3155
96904
96904
17968
66258
96904
79485
96904
62984
12495
15309
91822
97689
83856
17968
96904
17968
94498
48381
96904
17968
96904
62823
96904
27503
55689
17968
60997
24816
24384
17968
31323
78568
96904
46216
96904
17968
32338
96904
96904
98222
17968
96904
16892
63312
83103
52232
38426
84786
96904
96904
19547
54810
96904
668
7464
17968
17968
17968
85261
17968
80424
17968
74362
43316
12524
17968
94441
10095
96904
17968
53353
62926
86957
2721
96904
10264
17968
37608
17968
96904
71868
12190
17449
96904
17968
17968
38396
17968
96904
96904
50954
76820
28074
55340
15637
17968
89507
17968
83679
17968
96904
96904
14596
6642
60364
57088
17968
1419
18729
17968
19127
61102
92055
17968
64011
76409
75960
31789
17687
47697
96904
76017
17968
17968
96904
36697
96904
17968
14355
36994
17968
58346
17968
17968
96904
96904
85475
17968
55481
96904
33409
41361
51400
96904
48463
58350
52884
12008
17968
17968
18684
37548
17968
19348
59318
17968
35580
7139
81414
20338
96904
17968
96904
44035
41419
17968
96904
96904
74762
60696
96904
6698
48990
17968
17968
17968
17968
6473
93836
77961
33630
46443
15264
21257
65619
96904
26999
96904
17968
51967
96904
17968
94680
53085
54779
17968
76884
74564
17968
96904
96904
96904
28328
21453
6790
17968
17968
96904
96904
35597
76235
66683
17968
96904
17968
96904
99513
96904
74363
96904
40841
96904
17968
17968
62661
96904
57124
70846
96904
96904
17968
19903
17968
44400
48647
93346
17968
25863
25229
22626
3215
35205
17968
17968
77781
24035
17968
96904
84724
46017
73341
56252
54803
9971
96904
56396
96904
70507
17968
35451
14679
29515
76698
17968
92396
9140
69239
17968
58826
17968
80523
58990
96904
96904
17968
17968
96904
15586
30192
17968
90235
96904
68319
17968
25835
43743
17968
17968
60516
82029
96904
17968
96904
88179
53705
96904
96904
30304
17968
96904
32997
96904
96904
96904
34113
87679
17968
17968
40541
98639
82392
96904
96904
17968
81720
17968
32241
17968
96904
96904
9510
96904
1483
19659
17968
96904
33208
96904
962
86033
96904
51100
17968
17968
17968
17968
16688
84421
17968
21755
96904
84665
67132
63006
17968
93866
96904
18554
77260
87922
96904
44045
96904
6799
61275
96904
22505
48809
73249
56813
88267
17968
92333
17968
19713
98576
33703
97795
17968
30765
96904
60812
46836
96904
96904
96904
23715
96904
6847
59146
96904
6013
17968
52555
723
96904
96904
79977
89128
58576
22887
17968
96904
96904
71605
87462
66345
50808
20043
96904
96904
36046
28314
34489
96904
51920
24136
56515
10247
15616
96904
38423
17968
96904
96904
96904
16027
60890
51300
96904
17968
44242
47376
94721
18284
96904
96904
96904
28761
97867
48613
96904
17968
32052
69472
85523
11812
38960
96904
44377
50304
17968
83135
83651
22077
17968
12828
96904
17968
17968
12870
96904
96904
96904
8843
81941
87699
3994
36759
17968
34645
17968
17968
22424
96904
83729
17968
17968
1195
7371
17968
23156
32142
40284
46737
17968
91097
22690
53709
91598
61333
17968
17968
8975
10526
51114
90213
17968
51755
185
28691
21492
17968
96904
72161
14929
96904
642
17968
17968
66561
5481
15314
17968
17968
96904
45308
64665
16549
17968
16232
17968
5305
83206
39133
55867
6927
89954
96904
11739
17968
96904
80292
65827
23009
53781
17968
28310
59391
50292
96904
3245
17968
96904
36733
75404
98292
22767
85041
60960
67023
96904
59639
1945
12844
17968
96904
20749
69928
33908
17968
17968
19161
91494
79157
1729
96904
17968
17968
17968
96904
7132
30745
50087
45444
96904
96904
62845
1607
96904
39637
72166
17968
96904
14374
17968
8273
96904
17968
52508
17968
21316
41089
89641
96904
17968
787
51283
17968
96904
43749
83590
77867
81699
61802
96904
96904
78061
96904
83686
17968
17968
98445
2411
51387
1233
25706
17968
38583
17968
96904
73541
34213
24216
96904
30123
62735
4636
17968
92059
59738
96904
96904
1790
80823
32973
96904
96904
96904
17620
75285
34134
17968
96904
96904
87393
17968
88287
17968
96904
17968
75070
74126
24990
40683
52689
10612
96904
17968
1040
91471
17968
96578
96904
14302
17968
41049
73557
17968
84819
76924
42601
17968
17968
96904
67882
61925
66049
96904
30375
17968
17968
19098
69781
21936
95684
17968
96904
96904
96904
25916
17968
17968
21728
17968
70619
58368
28370
17968
17968
34946
64870
38680
97010
46768
78440
96904
14973
54333
19173
13498
87178
98564
55188
60075
96904
5815
15701
21059
20437
60927
89580
18683
74003
96904
18377
96904
81690
96904
65156
96904
96904
17968
54304
68229
96904
17968
17968
12844
31223
36350
32196
3743
7475
70367
85354
50282
17968
17968
17968
18556
96904
60845
27866
32245
89801
96904
75832
96904
96904
17968
17968
17074
17968
70360
3743
12
17968
17968
40178
96904
54
17968
96904
96904
80168
67705
96904
17968
34455
96904
11679
17968
96904
99397
22998
17968
51784
96904
34301
60845
34612
8480
14267
96904
96904
51952
33899
95877
96904
17968
26135
96904
43908
96904
95255
66854
17968
72938
96904
9577
95179
16291
17968
96904
17011
19619
96564
96904
92292
96904
88414
1704
17968
128
17968
96904
54433
108
6899
49342
84388
17968
4012
73325
96904
96904
4775
35846
31862
50524
17968
27249
99927
32873
15083
96904
44022
50218
73733
71845
74411
96904
96904
17968
26509
22741
4973
17968
96904
62537
96904
17968
11453
96904
3918
97814
34886
87625
32920
95479
12554
45246
45618
28691
17968
17968
17968
96904
17968
17968
17968
96904
17968
96904
17968
59160
38383
96904
20696
17968
96168
96904
63293
17968
33984
67432
15587
72553
28826
96904
63340
8283
31967
96904
84591
5028
17968
17968
17968
75293
96904
96904
96904
17968
96904
96904
11032
96904
8272
18109
28901
54061
87448
75866
36577
10931
96904
96904
30614
17968
71371
99937
96904
23314
42731
876
96904
96889
39169
96904
96904
18561
67013
96904
83216
96904
38350
14701
33626
60024
68359
76567
34917
17968
17968
4853
91202
8573
17968
96943
17968
62395
36931
34779
14544
80165
7368
30088
25694
17968
8429
53848
17968
96904
96904
17968
44094
17968
17968
14779
83644
96904
2207
96904
96904
23130
52750
17968
98317
40938
6693
1509
54260
17968
96904
75887
17968
95223
31733
14821
79026
17968
1604
96904
17968
46179
17968
96904
4478
96904
17968
42169
80637
46104
17968
96904
17968
17968
95726
17968
78486
72457
29770
77036
61494
96904
30693
27245
51137
17968
73357
96904
57269
5839
34342
88399
81931
90925
96904
17968
17968
95534
42527
48218
17968
3012
1994
17510
76976
6206
74318
4229
69300
96904
96904
17968
23707
17968
70626
96904
55273
96904
36561
17968
48175
69546
96904
45702
56599
96904
59958
96904
63737
96904
51062
17968
17968
23316
54292
41355
42944
96904
17968
17968
17968
96904
17968
96904
95894
17968
14731
87626
17968
17968
96904
1323
80096
22517
17968
26006
89369
83256
54300
96904
96904
96904
96904
17968
96904
96904
19396
77639
47385
17968
96904
77499
96904
17968
97905
17968
30162
78813
17968
55541
73989
17968
91322
6633
82663
61084
40615
39661
17968
96904
17968
96904
17968
96904
2658
68310
49964
96904
41707
96904
39319
70717
18823
5664
18523
17968
96904
96904
21583
72271
42489
18484
64358
79633
96904
48578
57487
17968
34845
96904
28856
17968
17968
80522
2747
96904
60704
96904
17968
96904
43435
52090
40047
34377
17968
3321
11319
59993
22838
892
32538
40655
2103
68321
96904
38526
96904
6939
96904
33643
98688
96904
195
96904
42491
55682
39043
99015
89148
6705
17968
6648
96904
96904
31616
17968
96904
66110
49571
9573
56838
35088
17968
15061
7053
17968
9968
53456
96904
75010
17968
96904
58786
44555
96904
17968
17968
62201
96904
81011
95843
96904
77828
96904
17968
17968
69105
17968
28707
96904
89522
34224
96904
38943
17968
10649
42673
51618
75240
17968
96904
7237
17968
75591
37890
96904
30663
96904
17968
96904
96904
33389
17968
66926
5677
47484
39706
84986
17968
32586
8236
96904
48718
8678
96904
7829
96904
17968
7708
96904
17968
54338
53304
47481
96904
6896
96904
61547
11672
17968
96904
35218
65351
17968
69730
17968
17968
17968
17968
96904
96904
87595
17968
53232
76578
17968
7082
42729
32565
17968
96904
11321
96904
96904
96904
96904
96904
10614
77536
8324
96904
17968
96904
17968
96904
72499
17968
96904
52382
17968
17968
96904
17968
1797
83149
85539
71892
4571
2454
96904
17968
12678
46442
65703
11107
57756
58951
96904
32014
96904
99057
17968
53461
62518
96904
31823
17968
97693
31223
9581
68580
96904
75083
17968
43163
96904
96614
17968
17968
91367
96904
98533
38362
89629
26535
36974
96904
96904
17968
65287
96904
92234
17968
58575
17830
67923
17968
63764
92255
64230
10010
17968
39284
96904
96904
88420
21842
17968
9427
17583
19461
65701
87575
17968
17968
17968
96904
96904
4872
74160
19880
17968
17968
17968
17968
89796
96904
96904
96904
49976
86613
66014
96904
22248
17968
34075
14959
2649
17968
3738
6065
12563
17968
34059
17968
96904
96904
96904
660
17968
31329
96904
96904
96613
96904
46242
21363
96904
17968
31272
30037
96904
45758
17968
96904
3396
96904
69385
4652
17968
39335
46942
41627
23623
64822
52554
96904
64802
49755
37014
96904
21720
17968
87243
76564
46494
96904
3389
58975
96904
96904
96904
29327
61371
94265
17968
96904
61025
96904
77319
46168
17968
14875
66350
96904
94960
17968
95578
97503
96904
16619
82773
17968
17968
96904
35519
17968
16322
38257
24830
96904
17968
57106
17968
17968
96904
68673
17968
18227
1195
509
96904
34690
96904
96904
87123
17984
32656
34030
17968
83300
96904
96904
18974
17968
91818
31376
96904
17968
95926
72733
66929
96904
5991
68251
95469
93173
78629
65654
34888
17968
14038
30627
96904
16087
96904
52511
61860
37190
96904
13098
17968
17968
96904
37752
77461
61053
32762
96904
96904
7779
80480
3259
96904
96904
96904
37040
51106
6146
17968
1526
96904
10207
78601
17968
46344
97980
17968
96904
5736
96904
30980
17968
77624
50615
96904
96904
66133
21713
50124
17968
33058
17968
44600
7800
96904
96904
74209
62298
96904
96904
86216
98405
82937
17968
96904
17968
96904
1830
65291
96904
17968
29497
17968
18453
17968
96904
17968
17968
8840
92035
17968
60685
74024
39503
29061
67621
5469
17968
53484
20321
17968
12349
17968
17968
96904
43091
96904
17968
43074
91859
56854
72757
83586
96904
37430
17968
96904
68383
96904
88622
7222
96904
96904
17968
96904
51266
96904
17968
37643
96904
40884
30470
17968
17968
17968
96260
57080
17968
96904
96904
11438
11640
17968
17968
30158
17968
39934
83591
17968
11731
96904
17968
17968
72900
17968
18892
86559
96904
36311
43002
96904
68527
96904
11241
19810
89234
88218
98552
17968
63647
17968
96904
98918
44858
59137
92432
10148
17968
17968
57007
47692
17968
11332
2509
17968
37001
9957
96904
35794
50641
25648
89621
42012
4010
17968
96904
72822
17968
53837
17968
61177
3479
60805
9179
96904
5754
66162
17968
27376
28450
3704
17968
17968
48073
36530
17968
66666
89052
17968
66908
17968
17968
57751
24873
17968
96904
96904
6399
86877
17968
51757
17968
96904
22542
2196
57267
96904
17968
96904
96904
99464
17968
71572
85478
31155
48060
10221
96904
96904
68123
39322
96904
63420
17968
92447
91168
8495
6169
96904
17968
17968
46515
17968
4594
17968
96904
17968
17968
88608
96904
17968
74584
17968
65817
96904
52033
17968
50084
96904
8600
99814
35891
35044
12481
79579
17968
61319
96982
96904
17968
58848
77234
48078
96904
17968
96904
17968
17968
23266
34845
90694
90416
12807
96904
45569
23086
79259
96904
25610
97188
708
53788
11697
17968
17968
96904
23580
96904
61426
17968
56653
37455
80376
58502
1668
41705
96904
68811
40608
96904
59598
17968
7511
50313
39551
17968
32835
22405
52279
33327
67832
53817
96904
32487
29253
91787
17968
82275
80675
48223
77061
17968
17968
96904
6197
17968
41464
85836
17968
17968
89616
17968
59746
33454
17968
65592
96904
87045
17968
61574
50432
27498
96904
17968
6401
96904
17968
96904
14867
80970
16138
32600
50274
74670
86677
35424
94519
63079
12651
96904
17968
17968
4166
96904
95515
17968
14338
17968
96904
96904
15616
96904
422
84108
96904
96904
72281
17968
17968
19778
17968
96904
92270
96904
89637
96904
83097
29575
17968
17968
1495
17686
23128
17968
70053
96904
17968
96904
17968
5552
53598
16258
96904
96904
4473
17968
96548
96904
17968
17968
32164
96904
96904
17968
22778
72324
96904
96904
9588
96595
17968
89295
96904
28411
27437
43068
69450
91240
7975
62962
6593
15406
78066
59405
17968
96904
10644
17968
96904
96904
8821
96904
96904
17968
96904
17968
34054
96904
23622
17125
96989
85329
17968
94845
96904
17968
17968
96904
17968
71358
17968
30488
83149
42730
17968
96904
53350
54812
41716
17968
90619
98567
17968
17968
17968
17968
79359
117
57536
96904
53188
70815
27729
47050
96904
96904
61296
63119
17968
17968
96904
96904
91572
43864
48823
72573
66905
12943
10702
17968
96904
11171
79496
17968
10859
80624
96904
17968
17968
96904
34113
42754
91143
77936
88445
35620
47898
17968
96904
14533
69321
16767
81140
65586
53272
26033
19979
11736
16898
96904
96904
96904
96904
36032
17968
2814
41782
91714
17968
96904
96904
96904
96565
51138
96904
96904
58768
44055
82728
17968
12369
35145
96904
50145
73554
64845
33319
30757
21876
72160
21056
96904
61155
17968
17968
31920
8201
53501
17968
50448
96904
12327
96904
35600
96904
17968
33359
17968
43419
55009
96904
96904
31598
44178
79621
17968
92398
4211
3709
17968
38000
76502
98673
26660
75720
75412
24302
7770
35138
41196
17968
67720
17968
62739
46338
6738
17968
58945
99472
17968
32332
96904
59205
64065
18901
10743
96904
37537
96904
96904
33978
94348
17968
15012
17968
57150
96904
24931
29028
96904
650
28852
14124
37464
96904
75259
17968
638
79188
18478
68780
48146
17968
96904
50482
57064
1604
89566
96904
95187
96904
17968
96904
96904
96904
68022
96904
17968
11389
29126
17968
77399
17968
78700
98470
27330
82399
4492
1667
5597
17968
17968
96904
27287
17968
96904
24912
96904
780
98664
17968
1707
99607
96904
93686
36298
17968
38216
17968
17968
80969
96904
17968
96904
12507
96904
38651
96904
64128
96904
74061
58036
31032
96904
96904
48947
17968
57638
96904
46184
96904
32135
17968
17968
68014
96904
17968
17968
96229
46106
90173
96904
34665
3326
21655
17968
17968
96904
96904
96904
96904
10850
21972
38792
96904
94779
41303
28131
81446
96904
43441
17968
17968
17968
79347
66175
19195
96904
44342
70761
17968
96904
79535
55855
59704
87047
64161
46930
96904
57378
24415
96904
88184
21123
96904
96904
17968
96904
10844
17968
17968
29587
17968
17891
17968
96904
96904
84887
17968
95721
96904
72114
18729
79873
15110
96904
96904
24095
96904
12845
48753
96904
9001
96904
84500
88180
17968
17968
95091
35308
17282
61339
17968
17968
74800
17968
62824
64249
18989
31233
91160
85621
37700
94795
96904
17968
17968
98960
96904
37226
96904
96904
37569
97527
49731
96904
76878
12277
42923
61870
51705
96904
98716
61789
54101
95347
17968
17968
81184
96904
17968
8410
9891
96904
17968
65135
91050
65257
17968
16866
17968
17968
96904
17968
66553
92121
57799
55269
18333
17968
17968
17968
36191
9829
96904
96904
96904
96904
88923
92996
58204
17968
35181
79447
17968
96904
77925
432
79220
8236
53980
41685
96904
8996
43773
35142
31646
8467
25850
17968
96904
96904
13763
17968
70751
28644
96904
64959
661
96904
96904
3508
96904
22866
96904
20653
94826
17968
96904
96904
8252
96904
96904
96904
53043
96904
96904
17968
46716
97420
24493
96904
8710
28914
17968
41252
40710
58751
26618
96904
74000
17968
17968
17968
40351
370
74449
17968
91720
92034
17860
17968
96904
17968
68354
63245
6729
39977
17968
3962
96792
91201
17968
17968
17968
74087
42168
96904
96904
96904
96904
23278
31301
17968
75716
42603
96904
17968
96904
96904
96904
60856
96904
17968
96904
3703
96904
17968
61499
17968
17968
96904
81962
26416
96904
37938
17968
34030
32774
59523
17968
6426
70595
96904
96904
83487
9414
84667
96904
96904
61999
46038
83332
54665
17968
96904
2606
41866
11809
34819
96904
77919
64229
28777
11825
17968
31980
17968
39797
17968
96904
42789
97616
41460
22610
32748
96904
96904
96904
96904
13786
68643
32336
17968
61106
17968
17968
3891
65056
27900
17968
52816
73468
96904
58646
58265
96904
43863
76098
26273
39128
6771
62744
54472
91327
17968
61818
9963
96904
96904
96904
19492
3245
87447
91114
7882
54716
17968
23915
75646
96904
17968
96904
36859
63382
15729
10457
14183
20860
96904
17968
61709
44796
96904
17968
95319
98698
71097
23947
42676
96904
96904
97801
96904
96904
37778
17968
89765
96904
38842
21539
72953
76809
96904
96904
75615
2786
83876
96904
42172
53464
17968
51212
39482
73526
96904
13852
17968
17968
96904
34151
63207
96904
11166
96904
38284
26604
76215
96904
96904
96904
35136
2207
96904
17968
35029
83479
81671
45283
15218
83012
66815
8712
96904
19833
96904
38211
17968
17968
4467
32552
83341
32145
24488
17968
17968
82618
17968
52270
89460
18379
19885
17968
17968
56504
96904
96904
12925
17968
17968
25017
17968
23792
10261
96904
96904
96904
45834
17968
35603
17968
17968
17968
17968
74986
17968
37329
54153
94912
34250
17968
17968
17968
51260
91907
17968
96904
29
17268
96904
28663
96904
78518
61187
17968
17968
96904
17968
63482
74764
96904
66444
23726
17303
17968
17968
90215
44336
17968
56559
96904
17968
51866
86216
72302
17968
17968
17968
34120
95969
46276
60293
83642
25389
14231
87243
17793
17968
22544
65531
26977
96904
17968
96904
53923
17968
75694
96904
17968
96904
4434
17968
96904
11913
66568
96904
99724
17968
76049
46680
49294
27353
82641
9927
17968
2532
96904
62435
96904
27496
17968
96904
67026
94732
28324
37336
96904
87825
96904
62328
96904
96904
17968
79559
88019
96904
16817
64065
16342
17968
17968
96904
96904
11389
17968
19086
17968
17968
17968
12611
17968
96904
39313
94847
18836
29109
17968
96904
96904
16014
96904
96904
17968
49241
17968
17968
63628
96904
96904
70142
17968
13357
20779
96904
60474
75088
96904
51757
96904
1659
75456
96904
99996
26672
71059
96904
96904
52596
96904
33231
96904
96898
6989
96904
17968
54258
96904
17968
96904
12337
96904
17968
17968
96904
15547
1148
17968
96904
96904
96904
46407
17968
29116
15207
96904
17968
96904
28275
35900
64413
32972
14731
88982
88704
17968
12120
17853
81382
25739
17968
17968
76354
57664
17968
2460
73502
22427
42505
72805
44427
17968
75296
65189
47101
96904
17968
96904
30390
96904
66976
47708
96904
87360
17968
96904
96904
1533
17968
96904
55131
84976
17968
17968
96904
17968
17968
17968
59990
96904
17968
79084
96904
17968
96904
96904
87580
78166
51328
96904
17395
94032
19710
9014
36451
42992
96904
85574
96904
13833
86957
533
80539
96904
17968
96904
93194
96904
96904
96904
37458
1799
96904
62945
44792
34967
4439
12731
41929
1552
17968
35798
2422
40374
17968
81493
89291
19227
5294
17968
17968
96904
97888
17968
41208
17968
61027
96904
95387
17968
17968
11542
17968
50230
96904
15501
55141
12693
96904
96904
176
6733
17968
96904
96904
17968
96904
17968
533
26563
96904
60712
17968
47617
17968
8813
86961
17968
40136
17968
81271
17968
98764
96904
69489
17968
96904
37241
37732
76066
8201
17968
46860
78178
96904
27107
96904
83458
17968
17968
86231
2950
68617
65900
43555
96904
17968
96904
17968
80880
14408
96904
40780
72566
70542
32937
17968
17968
96904
4126
17968
96904
22156
96904
17968
17968
96904
96904
94726
1162
28784
96661
96647
75665
17968
96904
9549
48170
96904
17968
96904
96904
56771
96904
17968
96904
72959
96904
58570
26525
47276
66839
17968
17968
17968
3588
44846
65428
96904
96904
17968
17968
41095
96904
16764
23242
17968
96904
86525
96904
17968
14333
25091
17968
58227
94712
71102
41602
81144
88974
83392
33384
17968
17968
17968
24161
17968
96904
96904
17968
17968
13358
96904
96904
35873
1330
6035
33553
71186
96904
76425
53784
92731
18741
90808
22834
96904
72920
87106
23718
17968
13774
39128
79752
14728
80870
96904
32835
17968
75692
96904
19929
17968
6247
17968
4179
94394
96904
96904
17968
19990
71356
3597
39128
17968
46156
17968
77644
38728
71058
57838
48977
99661
96904
17968
10546
7694
53540
6535
34061
62555
48029
46173
28569
96904
61498
96904
96904
96904
96904
17968
81764
17968
96904
96904
96904
17968
96904
17968
76572
96904
90973
26282
17968
4681
17968
91731
96904
17968
8677
44692
49739
96904
7488
17968
96904
13274
63129
13976
21040
38904
65958
31830
17968
96904
17968
17968
17968
21309
17968
49654
14368
93569
90374
92406
96904
67954
57202
86221
17968
17968
96904
96904
3949
14981
12297
5520
17968
77988
38058
17968
17968
17968
96904
96904
17968
23465
96904
31803
17968
97163
17968
96904
17968
96904
17968
56260
41380
3698
46287
49943
77351
17968
49669
27561
9577
17968
90960
95484
85907
46165
17968
17968
96904
52447
13436
17968
17968
17968
96904
96904
60234
23614
96420
56590
17968
34909
64537
33129
17968
96904
28933
95288
53747
17968
17968
28127
96904
17649
96904
1921
17968
17968
36830
48522
96904
96904
96904
96904
74085
10555
79453
96904
96904
29801
49925
17968
28389
17968
27928
10801
27978
88876
43131
96904
39213
96904
36955
96904
17968
36609
13082
51632
37086
17968
86315
17968
34482
98587
17968
848
80871
96904
23609
19093
76362
56835
18900
96904
96904
17968
69471
92372
78462
17968
79089
96904
96904
56464
35557
96904
63778
78540
96904
96904
65024
1247
96904
26410
17643
22600
76016
35359
94426
26453
53022
61990
47274
96904
58058
22463
17968
17968
17968
17968
6567
24997
20273
36371
39620
17968
74774
77550
56849
5787
96904
10211
17968
31568
86670
23017
41490
96904
40067
17968
96904
92956
45318
99868
81462
17968
17968
9177
22923
82656
1691
96904
24488
87919
3687
397
5297
24748
96904
14093
17968
96904
17968
96904
96904
17968
96904
17968
29122
96904
17968
24108
83961
90825
51202
41807
96904
7260
28502
18724
96904
104
6834
96904
95366
52809
17968
59055
52727
17968
66867
64297
17968
5183
7866
96904
96904
54126
28379
96904
49695
25247
15628
17968
59121
4040
17968
33226
20135
32602
2321
67355
17968
33622
81022
24202
17968
96904
26907
8112
92289
21885
50754
17968
96904
83746
17968
17968
9202
20337
47013
12453
17968
88298
96904
4638
23295
17968
55750
96904
17968
17968
17968
17968
30623
96904
56652
96904
92282
17968
83156
17968
60754
96904
17968
92063
53966
81946
96904
12357
65612
96904
17968
17968
17968
42776
95238
69821
6164
97676
93447
17968
95594
22256
3493
59419
17968
26066
53217
96904
96904
14376
17968
25938
58950
17968
14212
17968
17968
55405
17968
96904
79101
13167
79345
28415
85070
96904
20569
17968
96904
75813
47940
33957
81528
2960
17968
14820
63913
66911
96904
77479
31425
43114
87876
17968
17968
567
17968
17968
90288
50229
24531
66716
33635
59278
33678
56804
67212
76050
17968
82674
96904
6941
17968
18437
96904
96904
96904
6345
6507
71378
1681
94236
20357
53476
96904
96904
96904
78358
8057
96904
21116
15450
17968
17968
55082
44192
17968
66854
22480
31405
96904
96904
17968
97281
60266
96904
67188
84486
96007
59979
17968
21820
17968
96904
17968
96904
79329
47548
17968
79562
17968
17968
838
35548
17968
42597
64744
96904
96904
32239
10466
11079
42116
40471
74225
79697
15488
17968
33827
19578
96904
6896
64254
1389
6702
13102
96793
96904
98847
50612
17968
51567
37437
17968
96904
93928
66034
96904
82812
21858
68358
74240
17968
96904
17968
91094
17968
11502
47238
99754
17968
67388
88685
38704
53995
35970
50375
17968
81658
17968
80084
96904
96904
68471
96904
96904
96904
96904
70688
17547
51018
38788
8542
96904
96904
66419
62175
43479
17968
17968
19329
34058
17968
17968
93379
96904
18826
1483
5377
62780
96904
17443
96904
96458
17968
95540
96904
17968
17968
36228
46083
96904
46832
29402
41384
96904
17968
96904
76152
96904
22450
81793
96904
35787
26418
57136
30581
1943
17968
5445
17968
90049
17968
88207
50294
41878
17968
52173
50515
93566
12723
17968
96904
96904
84290
62041
42819
85282
55354
96904
95599
21892
17968
96904
96904
96904
17968
96904
81502
90002
14270
92172
79504
89177
88358
96904
37195
17968
63120
96904
96904
96904
78129
79991
29526
17968
77105
7835
15997
43976
17968
20866
17968
96904
29103
96904
65920
26147
14441
96904
17968
96904
85370
3312
17968
46503
17968
17968
93390
96904
96904
94256
17968
78557
17968
11022
40681
96904
47973
17878
17989
35126
56069
48163
3657
1317
30149
90589
96904
5200
96904
17968
25757
85254
558
87380
65360
17968
96904
96904
17968
3944
96904
17968
17968
66777
96904
5224
93220
71019
96679
40402
43613
61258
52095
39591
96904
5610
17968
17968
99911
17968
96904
15383
96904
17968
96904
12561
76062
17968
63803
23720
17968
96904
66380
17968
35280
96904
51586
17968
13
96904
37687
17968
42228
96904
96904
17968
31522
96904
94780
31363
44490
7442
17968
39509
43481
1389
62373
70980
27801
607
10533
76430
17226
73913
17968
96904
2982
89523
17968
53343
68882
84708
8600
86317
17968
96904
80242
76556
12268
17968
17968
74268
96904
17968
54012
96904
35139
96904
99230
6124
57409
96904
63600
73191
96904
25387
66211
10279
69609
87309
28443
96904
6474
96904
24529
96904
17968
40214
16309
3615
17968
81091
15164
74343
17968
92762
93462
96904
77714
7552
63759
29878
73281
5430
74416
96904
16014
96904
33094
17968
17968
96904
66656
17968
96904
96904
25110
68679
82725
37064
65341
28225
45157
96904
73734
45196
17968
96904
51619
19909
17968
90174
96904
15549
73268
97276
17968
90100
59299
17968
23896
96904
96904
17968
39128
96904
16369
28067
14054
26881
11625
53465
68710
59533
17968
2999
17968
17968
96904
84421
63782
91646
17968
95709
70584
58629
17968
3820
55882
93425
28336
32834
3193
41972
96904
682
17968
95314
10502
17968
17968
83072
17968
75139
1216
14490
28136
96904
17968
64287
61507
93811
4564
96904
61813
18180
75867
17968
57213
17968
96904
17968
77516
96904
12455
24109
96904
17968
12351
17968
93450
50556
17968
63154
17968
25086
58701
96904
96904
12857
99486
17968
96904
66267
17968
20612
81879
42052
17968
96563
9014
56254
69755
42549
2561
96904
17968
96904
17968
29587
93689
49611
4302
17968
96904
1113
61713
96904
19282
7018
89968
17968
17968
17968
96904
96904
17968
96904
12015
41114
75785
55267
66140
10466
18119
8741
79405
96904
99442
60821
90813
30714
72762
96904
96904
9050
96904
17968
94410
94701
32409
96904
96904
17968
1681
96904
61053
16766
17968
2099
76687
14619
96904
44421
17968
33104
522
17968
96904
17968
69325
17968
43904
96904
52814
31808
17968
17968
21412
17968
17968
2161
96904
23050
6506
17968
96904
34927
71060
14350
17968
2665
35861
52170
6768
96904
17968
79214
17968
47764
17968
39075
72934
79493
19552
80620
17968
32855
18162
96904
1196
833
38896
17968
81518
96904
17968
32757
50249
53864
17968
96904
17968
96904
22442
84178
17968
17968
61736
558
9396
96904
96904
23024
88797
29336
77374
96904
92031
96904
33340
17968
17968
10246
96904
96904
23603
18070
96904
17968
11494
81370
96904
17968
93016
76068
17968
43906
17968
4985
68795
49283
96904
50523
96904
96904
17968
2792
11584
17968
79120
69201
6162
17968
96904
34868
51052
17361
23127
5438
96904
8674
96904
96904
29340
35959
89032
17968
31234
38844
81970
50433
96904
96904
25685
96904
96904
21581
50089
17968
69192
96904
17114
96904
97761
33152
46432
66599
39144
96904
96904
72261
17968
89504
25829
62403
17968
96904
43642
96904
86964
96904
96904
17968
96904
17968
17968
17968
96904
90610
96904
50761
15447
59593
43829
96904
83514
16111
17968
47894
92058
2685
46493
96904
37777
9306
67399
17968
58837
32835
96904
96904
17968
17968
92792
9942
80859
83632
96904
18085
17968
17968
37864
17968
96904
38062
71367
50025
96904
96904
45897
35939
66006
17968
96904
17968
75553
9621
80980
69726
21493
96904
96904
84356
15405
96904
21695
17968
17968
96904
96904
30783
96904
35860
96904
96904
96904
43158
28832
16974
18477
38279
97524
17968
96904
17968
30958
1236
17968
178
17968
17968
85984
17968
96904
96904
10090
17968
47711
96904
96904
17968
54820
2579
23250
21130
31366
35308
26134
7565
96904
16586
96904
96904
96904
17968
6986
36878
17968
94276
96904
96904
43863
68727
54686
34597
52266
17968
96904
17968
79998
96904
96904
12599
17968
17968
22121
23602
71939
36065
86147
39925
96904
31806
91827
5934
6692
17968
81993
31441
29133
49258
28065
96904
88626
17968
17968
16607
7082
17968
2420
41872
2649
83137
94474
96904
43539
51510
53910
17968
96904
1561
46771
50811
17968
96904
65492
17968
6531
80969
17968
17968
91804
17968
34550
17968
17968
36476
17968
20215
49690
7043
35014
37494
87614
17968
17968
56486
96904
17968
23830
17968
22091
17968
94337
55988
96904
17968
71900
36944
17968
45752
15729
96904
32172
9043
1701
85359
85763
63814
44075
96904
47069
96904
17968
78412
30297
17968
96904
29005
42517
1409
3259
44763
96904
85419
85229
93135
19555
17968
59663
27847
17968
67709
2906
78283
17968
16803
17675
58054
41299
17968
83234
98392
53675
56453
96904
6484
17968
7247
79918
53885
96904
53324
96904
42337
60203
17968
82495
51744
73302
96904
73976
30588
62717
17968
17968
11489
57005
17968
50487
32313
96904
56776
94290
91960
96904
15709
49391
16026
79047
17968
17968
16780
96904
60955
96904
42932
52948
5334
70345
95908
65896
10528
17968
17968
17968
52555
90992
6497
97566
208
13094
17968
96904
12337
96904
17968
96904
6183
17968
17968
24237
73121
96904
96904
96904
65116
17968
96904
86387
96904
25544
4524
33521
23886
17968
17968
31457
71505
17968
31824
25058
96904
17968
28956
22300
33718
17968
77394
49482
11524
2927
96904
88983
96904
96904
59620
77950
96904
60410
4012
84791
21072
77237
35057
19731
53469
96904
40080
17968
13588
17968
97514
17968
96904
14373
96904
66038
96904
55740
72456
17968
96904
96555
4524
91790
20584
47460
53362
96617
9504
96904
96904
34747
65746
96904
17968
96904
96904
88445
17968
6650
17968
87765
96904
96904
17968
17968
33771
29434
17968
17968
35533
6839
96904
70272
96904
6141
16214
25569
45979
17968
17968
17968
17968
96904
80170
80501
31230
61846
96904
16584
17968
31564
96904
79038
47146
96904
17968
96904
56803
55561
28468
18979
58749
70476
99429
23114
56037
75464
76595
62984
81421
96904
96904
85509
59071
41005
17968
19854
28270
96904
9071
54996
96904
96904
52571
96904
17968
30837
51163
12924
17968
56934
96904
7576
79928
17968
17968
33375
20720
96904
59467
32627
96904
11032
96904
4544
17968
96904
76230
7512
28462
81338
97239
96904
17968
46595
17968
52584
20163
96904
17968
96904
89245
10651
15603
20647
96904
17968
39059
82985
96904
22413
57754
47757
24480
16467
17968
96904
42435
17968
17968
17968
19482
27964
97668
96904
17968
17968
77413
78196
41363
64566
61170
16420
96904
96904
96904
72467
17968
17968
13047
62712
3794
17968
57120
96904
48295
17968
96096
96904
80979
37765
91082
96662
12816
48619
96904
99902
20165
17968
96904
5118
36936
17968
96904
86358
15585
17968
35592
96904
650
96904
96904
96904
4925
96904
46190
65835
79349
96904
37661
57371
96904
96904
4450
54718
94949
39157
96904
17968
45179
96904
18989
83934
17968
96904
23979
17968
60121
45949
96904
29546
96904
11049
96904
96904
4785
17968
96904
99212
60171
94228
17968
46791
35312
96904
5247
35197
96904
96904
77458
99321
96904
17968
6912
40196
4271
17968
17968
39970
80775
45760
96904
7559
53993
17968
8292
23004
17968
96904
17968
69047
17968
7955
17968
27785
28489
53583
94659
96904
37775
38559
3861
96904
86768
17968
15787
22118
96904
96904
17968
17968
17968
70214
93213
43176
42959
96904
75601
17968
36408
61770
17968
96904
14147
70481
99187
72113
17968
79260
17968
96904
34410
21441
53201
17968
84798
75330
96904
96904
17968
3827
24591
17968
17968
10113
540
96904
17968
22555
25138
78780
96904
34151
17968
84120
64655
55053
49756
22237
18225
63305
17968
25021
96904
42848
17968
17968
66446
104
96904
96904
70886
17968
17968
71514
92331
96904
17968
32634
96904
70241
17968
60658
19507
94005
17968
98311
37752
17968
4341
67848
50497
26732
20152
70379
17968
96904
96904
96904
54054
16935
96904
96904
6068
33191
82913
91053
98878
28247
86977
81712
4112
96904
92183
73370
73801
44074
72146
12
96904
72956
6776
66240
17968
91028
19157
40951
42518
43414
96904
96904
50671
17968
17968
4916
664
3902
17968
96904
77
30060
96904
17968
33684
96904
96904
81313
96904
17968
25295
96904
14140
78182
96904
17968
96904
29507
96904
17968
17597
96904
54562
96904
50995
96904
17968
96904
64797
26826
96904
17968
2647
44156
96904
65324
96904
31285
96904
26631
66928
17968
17968
60920
42317
55062
96904
17968
60149
96904
96904
17968
17968
85543
9578
22035
17968
17968
96904
8541
87521
41589
93335
96904
96904
58413
17968
17968
99262
96904
59645
67416
14904
62450
17968
96904
21232
17968
34950
96904
96904
41011
17968
30548
760
22069
96904
96904
17968
17968
99702
17968
17793
14771
17968
53543
48428
96904
96413
96904
24187
96904
43324
69156
27658
42721
64817
2977
69386
17968
74657
17968
96904
96904
96582
96904
76077
6275
23281
36084
96904
96904
90372
93195
16224
83858
74176
17968
60256
17968
96904
17968
17968
96904
75692
96904
17968
8652
96904
31211
93701
17968
76317
96904
83557
7799
55581
3527
32115
96904
67211
17968
17968
96904
17850
17968
17207
57768
56163
3121
17290
2460
3225
3934
33977
17968
44686
17968
96904
17968
66765
39269
96904
83582
96904
17968
72486
43334
22586
85024
7348
96904
42165
17968
17968
11843
17968
96904
5503
17968
43604
17968
71562
17968
57404
17616
96904
17968
24301
49584
46066
17968
96904
93152
63571
515
56929
17968
60700
80233
17968
96904
49180
24456
96904
60082
43339
67831
96904
12474
37759
17968
1777
61715
60531
39862
78142
96904
14769
80064
6208
17968
96904
80394
38426
17968
96904
17968
82961
96904
47659
2665
12542
96904
91578
96904
17968
1430
10030
56303
17968
96904
20803
8569
94128
33155
96904
17968
34344
96904
33495
63167
70030
96904
17968
2094
32291
304
8562
96904
68386
17968
96904
13333
30376
96904
95674
31035
16197
17968
96904
34705
11354
96904
17968
17968
45377
96904
54541
17968
57049
3506
91914
46401
64898
616
96904
28793
96904
39967
33344
10949
17968
17968
96904
70320
96904
96904
1948
96904
57852
95502
96904
2017
17968
96904
33601
96904
27395
46124
96904
96904
347
1684
15210
41451
38146
72035
96904
80714
96904
86152
17968
96904
86303
96904
43336
96904
96904
96904
17968
8974
32276
6422
96904
10591
96904
37598
96904
2427
17968
42872
17968
17968
17968
14346
15286
31920
36650
93300
17968
96904
17968
63547
96064
77916
4001
17968
17968
35819
96904
44744
14875
17968
16953
17968
38964
17968
79346
96904
7326
5814
96904
77642
17461
17968
5623
17968
90322
96904
96904
77294
2800
74167
66979
93794
17968
92211
96904
45880
17968
51291
96904
96904
89149
96904
99315
2404
96904
51121
96904
17968
58835
44436
66883
17968
17968
91940
53079
63582
86246
15831
96904
26146
96904
96904
17968
17968
63081
46194
49684
96904
93205
17968
25335
10933
17968
76333
73764
17968
17968
47819
33205
18218
72987
6827
41133
96904
17968
80822
96904
96904
90008
96904
17968
14582
96904
63940
17968
33043
49516
96904
96904
40441
27143
96904
48605
96904
39728
17968
17968
65197
7474
96904
96904
92488
96904
96904
96904
96904
86848
96904
17968
17968
17968
17968
17968
19552
96904
5197
69789
5093
12170
50295
82601
98515
17968
93278
3577
65979
17968
78148
24607
96904
96904
52611
96904
24851
96904
71301
96904
17968
78467
91991
13008
17968
4368
17968
3972
1194
96904
88202
45034
2330
96904
96904
26406
17968
17968
83959
96904
17968
96904
51385
20787
17968
97407
21510
85615
2431
94820
96904
17968
25057
17968
28814
44449
17968
96904
20256
192
38581
3866
17968
49620
76200
17968
17968
96904
96904
57933
17807
41744
66694
11302
17968
17968
69421
17968
3346
96904
96904
59525
48733
17968
96904
96904
96904
96904
96904
71811
29714
17968
96904
96904
96904
40883
82396
17968
88553
17968
89407
3005
17968
45922
72761
17968
96904
17968
96904
36117
96904
59506
17968
25067
17968
93125
96904
55314
11769
36494
5550
82746
66395
96215
26161
57556
62910
12485
96904
85734
25509
96904
61122
96904
49394
35380
17968
48302
27967
21304
96904
96904
96904
28410
88167
53152
97577
19731
84954
96904
39466
70766
41111
96904
96904
27351
17968
17968
17968
96904
17968
80475
39168
18874
17968
17968
17968
6568
46791
96904
17968
17968
17968
17968
17968
17968
17968
96904
17968
91749
17968
17968
17968
96904
17968
17968
96904
60338
17968
96904
38897
17968
56670
17968
78361
6035
51231
96904
96904
96904
17968
19447
86785
10111
96904
14890
46308
22608
17968
96904
76294
96904
537
13014
95301
18629
23348
28430
96904
17968
96904
2016
66985
17968
55893
41853
96904
20618
26723
59023
1744
17968
43236
17968
87918
40242
96904
3683
88050
96904
96904
12999
17968
1111
96904
70003
96904
90538
27415
85931
5838
96904
23427
96904
4894
45380
83994
17968
96904
53340
17968
62418
25595
96904
12040
33071
6913
783
17968
13
96904
17968
97783
17968
96904
630
51304
17968
96904
29544
22954
96904
17091
17968
95096
16032
96904
8386
96904
4110
92803
96904
55392
22095
17831
96904
60620
96904
63923
17968
98204
17968
26626
93179
92149
56429
17968
17777
76283
38213
47509
63404
17968
17968
41621
96904
67649
17968
28686
67958
28808
97984
75859
54040
96904
49629
96904
4853
43362
96904
22427
31042
55517
84444
79225
17968
17968
75704
17968
17968
17968
17968
30794
85755
17968
96904
10312
89438
17968
17968
69459
96904
77
51666
10859
24553
41985
62883
45266
96904
67162
17968
87745
8497
17968
20265
17968
17968
92361
75323
17968
96904
15421
16422
81427
52238
96904
23832
37643
43945
17968
83268
17968
39514
17968
17968
96904
94907
17968
96904
5063
93121
19608
20394
17968
96904
55751
96904
83218
66878
91686
17968
17968
32896
53540
78309
17968
57259
17968
4369
56849
17968
19554
92958
89015
432
11741
94366
17968
96904
96904
30623
28767
17968
1453
64093
17968
36683
17968
27374
33693
61588
18214
17968
51001
92229
17968
50275
56482
39743
54611
96904
17968
17968
39166
65779
83440
96904
22946
59635
44897
69974
17968
69274
96904
56677
21616
17968
20557
14694
21773
99549
27923
77663
96904
15819
49640
96904
96904
96904
62089
96904
34158
96904
96904
49666
96904
96904
56379
17968
433
47065
17968
14082
17968
10367
96904
17968
96904
79232
96904
3211
20015
17968
71618
20376
96904
30866
17968
10267
96904
95806
11167
74426
91858
38621
17968
50130
96904
49791
96904
67169
5853
98618
79256
39622
92359
50509
17968
17968
11292
68713
96904
43614
17968
81440
68899
17968
342
96904
96904
90886
17968
10176
20019
17968
46928
33760
35178
46954
66213
17968
17968
12526
96904
17968
53634
74206
96904
17968
49277
17968
84853
96904
33658
97212
61147
28953
50269
24545
12634
17968
82407
13798
48888
51209
17968
93030
17968
96904
80692
20491
17968
85052
96904
8475
57312
31136
40327
96904
17968
4920
17968
34684
14072
96904
24676
18833
76237
17968
49465
96904
15501
17968
9583
17968
96904
96904
84586
91532
17968
6265
96904
82306
96904
96904
23453
36297
17968
16297
16126
12252
17968
17968
72226
96904
17968
7197
69321
96904
96904
17968
96904
29215
17968
96904
41041
4635
96904
55301
17968
53788
96904
64466
6320
96904
17968
70890
49649
13185
17968
82553
10676
46689
4723
17968
17968
3042
88756
74425
91582
17968
37774
17968
17968
97365
17968
96904
4556
96904
17968
17968
5105
343
21465
70251
96904
17968
17968
85408
36824
17968
45049
31558
96904
95520
96904
96904
11507
4111
83603
96904
30421
17968
53633
58494
56629
7163
96904
17968
4566
58810
17968
96904
96904
96904
46733
58728
15764
96904
17968
96904
17968
74365
25002
17968
506
66100
17968
54057
87495
94662
96904
94383
56394
80384
51442
17968
10792
96904
10582
96904
70522
96904
75574
96904
18997
10766
81360
87411
96904
75051
79970
17968
96904
10136
22937
83604
23293
77466
96904
52739
21582
17968
69275
97388
70728
42276
70049
59339
26268
17968
8018
92327
59347
17968
96904
10272
10464
96904
45339
96904
6511
23634
77909
21670
46616
55352
40915
13906
17968
17968
3978
13692
60304
14961
57506
96904
17968
17524
16981
51330
96904
11007
17968
33159
30371
6302
96904
46015
92267
17968
17968
90429
88052
96904
96904
55127
55202
62689
83035
12764
76940
94604
51206
13923
72638
17968
36275
37155
96904
83478
13750
96904
17968
19055
17968
17968
7240
13207
17968
17968
39425
6566
66326
55505
17968
17968
17968
65074
17968
31015
44566
68438
601
7106
66159
96904
76
50564
17968
93520
23585
31979
95781
54967
87672
31833
77855
17968
96904
17968
54623
96904
50799
96904
17968
96904
64725
46818
96904
82031
34225
17968
20928
72751
77105
12569
84282
66626
17968
50701
96904
17968
7535
12776
59150
10777
4775
79486
84763
17968
17968
48499
96904
17968
17968
96904
83117
10553
45021
96904
96904
96904
77408
91408
17968
96904
13522
17968
96904
16503
80014
96904
84329
6386
39696
48041
17968
28185
63479
17968
82747
17968
17968
17968
17968
50638
9456
32835
96904
33574
96904
17968
14733
17968
29382
97425
17968
17968
2786
15960
35221
59953
17968
17968
96904
96904
35013
17968
17968
73554
17968
89357
82314
29348
90462
63274
96904
78944
3584
8991
17968
17965
88001
96904
17968
45080
87231
17968
17968
8327
96491
96904
3715
501
5737
41105
17968
96904
17968
42217
17968
84768
29273
17968
38565
96904
57103
20029
98373
11486
79689
6399
13398
34920
60701
53236
65404
46620
1318
17968
54000
12993
96904
9532
13059
17968
96904
73504
17968
17968
96904
12937
96904
96904
17968
42440
72639
17968
84491
17968
42058
96904
36178
17968
4133
142
96379
96904
17968
44417
96904
67161
71976
17968
37166
96904
17968
52209
96904
17968
24548
96904
31508
26408
17968
8577
96904
68109
68237
96904
17968
27519
8600
47889
95992
96904
92548
91137
39540
96904
52770
17968
59958
3591
74194
93061
17968
96904
92234
84902
92330
4631
96904
37333
96904
40776
96904
17968
68868
96904
19194
4825
60301
27719
96904
17968
8146
99058
17968
96904
19613
96904
17968
2519
17968
17968
99143
2334
681
17968
17968
89374
94312
96904
17968
8769
90718
96904
26682
19532
17968
39149
96904
17968
22636
96904
87128
17968
2596
92161
29683
22252
96904
17968
15484
89724
73873
29181
56344
17968
11804
96904
13674
11378
96904
74409
53026
28452
96904
17968
20933
51187
62013
42697
71445
17968
34178
8684
14772
2839
78623
96904
96904
78436
99487
17968
304
96904
14332
19520
84125
96904
36574
96904
17968
6504
17968
96904
17968
58477
17968
17968
96904
17968
17968
20928
1938
17968
81574
47856
17968
96976
569
68908
17968
96904
72738
17968
96904
25108
2569
3577
72339
32447
96904
18693
31042
96904
96904
96904
32465
17968
89248
68883
17968
59180
97072
48411
17968
97630
17968
95079
47742
1452
38058
36657
7882
17968
96904
13689
36572
96904
17968
64071
17968
17968
17968
8589
89410
96904
18777
17968
69699
32460
83528
53375
17968
96904
17968
17968
70413
40765
95024
20107
62178
88659
59607
96904
34747
67879
30587
17917
75087
350
17968
7772
56466
17968
40252
41310
26903
96904
17968
17968
14116
17968
8815
87846
17968
1216
96904
46177
44085
96904
45354
980
1995
97842
99474
28402
15749
30710
96904
17968
98217
67523
80118
4681
31845
96904
38091
78095
81463
96904
18560
48657
96904
17968
17968
17968
26263
96904
68835
96904
96904
96904
96904
96904
96904
17968
79459
85125
17728
96904
13513
17968
92808
96904
17968
17968
73550
30794
1953
1347
17968
17968
96904
63043
96904
96904
95022
69427
17968
96904
96904
96904
5165
96904
19796
96904
17968
96904
17968
17968
17968
17968
45393
7116
29437
17968
99352
17968
59
96904
24234
1902
1350
40521
70571
96904
96904
58069
17968
17968
47599
60529
17968
13644
22368
96904
7883
96904
78524
23922
72107
45687
96904
96904
86057
17968
91753
17968
96904
46574
36735
17968
96904
96904
17968
96904
96904
96904
17968
95038
57415
17968
17968
54904
17968
10987
8691
59908
35093
54874
38163
71599
96904
17968
26578
35816
49887
68768
96473
17968
4202
17968
96904
84012
94492
96904
79909
54783
96904
96904
29517
96904
96904
17968
84638
17968
17968
96904
17486
40751
96904
83617
94664
96904
96904
33963
20900
25378
17968
18142
17968
96904
96904
22138
17968
63160
96904
96904
83579
8898
96904
5178
20423
17968
17968
96904
34076
96904
57360
17968
17968
34292
31580
18093
70896
35733
17968
42745
74335
25362
76770
17968
57370
93915
49449
16711
96904
17968
17968
96904
17968
55632
17968
55916
96904
96904
96904
96904
96904
57309
17968
24510
17968
87244
17207
96904
96904
34043
17968
62571
16143
17968
64859
65793
72417
14970
10535
96904
17968
96904
68791
97941
96904
9656
96904
80484
96904
17968
96904
96904
33001
96904
17968
38302
17968
20286
67584
11100
96904
96904
96904
17968
57208
17968
18410
96904
96904
96904
60172
66688
77839
96904
17968
96904
45172
17968
80994
42106
9218
39101
17968
96904
86543
17968
39653
17968
1380
96904
17968
6330
48818
96904
31594
5133
17968
94754
96904
87974
73636
1804
96904
17968
55830
17968
96904
15881
17968
96904
17968
17968
96904
94117
17968
65410
17968
96904
7386
25394
58259
7704
79455
82085
17968
2956
42342
74393
17968
29509
56347
17968
76046
70188
12393
35701
33175
7124
19676
17968
92840
17968
2814
17968
20352
17803
17968
27445
88055
17968
17968
52196
20957
44636
17968
79970
17968
74126
96904
73678
82739
96904
17968
13149
96091
32672
17968
10665
48574
17968
96904
65605
77389
37051
99982
383
96904
75875
96904
350
17968
17968
96904
75257
13353
17968
2551
96904
8706
7694
17968
38904
29519
96904
17968
17968
96904
42249
82350
36161
43706
96904
12761
17968
96904
45780
41776
17968
96904
48056
98499
83747
17968
96904
94499
96904
76230
17968
96904
96904
60021
17968
17968
96904
17968
81383
28426
33374
96904
17968
96904
59548
17968
96904
37513
12138
73585
17968
52364
17445
17968
5186
17968
17968
17968
17968
17968
27185
96904
84642
4611
54899
17968
70265
17968
17968
70398
363
17968
17968
4742
96904
93684
3258
86926
94259
90502
3807
96904
15648
14071
17968
82149
15622
17968
17968
40869
96904
96904
17968
96904
17968
17968
45250
55288
44256
96904
3962
96904
96904
38958
70518
17968
96904
71784
96904
35091
17968
51720
17968
15422
26858
76440
13368
96904
24974
24425
83080
84880
2103
17968
10558
17968
96904
94928
96904
17968
13698
96904
47037
38282
17968
39579
24444
17968
17968
46113
54255
52960
96904
15397
26807
66016
96904
96904
94832
45175
17968
16898
99264
10089
96904
17968
96904
46513
66130
58101
96904
19348
8992
4849
17968
89257
96904
96904
11705
17968
96904
96904
96904
96904
17968
96904
30823
31438
73115
1264
49698
9403
17159
90897
17968
96904
21262
62225
37370
17968
17968
30794
73033
21793
17968
17968
17968
71043
66401
33666
96904
82971
12150
17968
88235
8059
96904
7382
17968
17968
76254
35513
96904
17968
71118
52270
17968
85
88715
94772
96904
28859
67745
17968
17968
61475
17968
55205
96904
99690
17968
17086
96904
81414
49042
17968
96904
42230
96904
17968
63151
17968
17968
57426
50297
96904
86288
73679
17968
42364
95700
38006
13781
29294
69328
96904
17968
22173
96904
17968
96904
13803
17968
28474
96904
96904
96904
96904
96904
17968
83725
89017
13268
76753
55410
53405
93810
17968
15613
58927
72271
68000
39648
17968
11604
96904
65023
17968
92216
96904
60416
86261
96904
96904
20254
45696
17968
82170
47579
96904
96904
13236
27011
96904
79613
1912
96904
77687
96904
32666
97700
17968
43282
96904
2103
96904
17968
57313
65046
29325
57514
74511
17968
93881
17968
32741
96904
30179
17242
50457
96904
9175
56213
36426
96904
75638
25310
96904
30531
64484
96904
96904
96904
60343
31075
39816
96904
2747
96904
96904
17968
66586
96904
53723
17968
50382
68230
17968
62790
59561
85137
9168
83651
24063
96904
97230
29446
92961
96904
68768
30245
413
16152
17968
47782
1367
17968
17968
96904
15555
17968
61387
17968
91816
37379
65956
56292
58798
65261
8620
17968
4730
90361
96904
96904
23802
8514
99781
96904
28079
25195
14423
49647
90320
42003
96904
20936
78410
8632
96904
28176
37896
68543
7315
21851
96904
61366
17968
16745
80711
67959
93981
96904
96904
26649
96904
36701
49081
92355
27734
39928
96904
17968
80940
92094
96904
21195
96904
82100
93343
96904
96904
17968
28248
17968
16005
11436
96904
963
17968
17968
96904
95742
96904
17968
17423
33148
17159
43443
5403
96904
43429
46334
18178
81896
17968
49524
59821
55579
39815
96904
12639
96904
32663
58837
15719
6430
17968
51590
17968
22647
61527
62295
96904
3827
34304
17968
89127
17968
23631
32937
96904
17968
96904
79598
60124
96904
96904
17968
60695
17968
55999
51805
17968
98527
63505
57484
17968
94490
17968
96904
33411
58543
62630
92976
93489
17968
122
76652
48338
96904
96904
22225
17968
40000
17968
40743
23796
96904
96904
17968
17968
17968
96904
38453
7173
63063
17968
96904
96551
96904
17968
96904
96904
17968
24872
17968
98580
24898
61407
81005
25262
49676
43879
17968
17968
3962
43281
81327
30078
33776
7924
15357
40251
17968
22573
17968
71093
17968
30498
17968
72010
17968
17968
75542
88426
96904
17968
96904
55620
22093
68004
96904
56472
96904
96904
17968
17968
96904
17968
96904
59084
36089
27867
79097
17968
69237
12221
26700
96904
61645
17968
60022
88097
17968
25332
53881
48943
78078
32559
20221
17968
66480
64533
96904
8515
96904
17968
17968
31359
62746
44348
92827
40127
17968
17968
27823
22746
38904
17968
96904
29948
17968
35411
59388
44857
97693
96904
58603
96904
14104
17968
23590
88675
4880
75357
96904
17968
16467
55135
71324
17968
17968
17968
17968
89449
21767
13417
66868
96904
17968
17968
96904
53053
53095
41708
96904
14729
28585
35315
3489
94173
61567
58423
17968
96904
17968
17968
41350
96904
17968
98429
96904
96904
96904
59567
833
96904
40625
96904
17968
70214
17968
96904
69642
15236
17968
92372
84542
96904
54222
55157
44887
43180
96904
36016
17968
14271
49199
96904
17968
77731
61734
17968
80364
96904
96904
7535
96904
27985
76556
26474
96904
17968
98052
48137
4845
47452
17968
18761
96904
96904
96904
59312
23086
27442
17968
96904
96904
30523
71170
17787
29690
47694
96104
96904
22414
17968
13086
83752
31829
17968
96904
96904
17968
31856
92243
84598
72730
17968
71441
48205
91417
96904
59916
17968
96904
1419
17968
96904
91671
96904
64349
85817
96904
17968
96904
25259
17968
91278
51674
55871
17968
17968
67246
17968
21292
40280
17968
82723
96904
50309
6208
48313
96904
56660
3879
17968
96904
49091
17968
16602
1011
8202
87504
60360
96904
18293
32835
17968
96904
17968
55823
17968
17968
13955
80904
96904
17968
17968
90346
29278
17968
78165
17968
87422
34772
96904
35271
96904
17968
96904
96904
68850
84056
44214
23827
61392
17968
86844
94462
48928
96904
3358
70510
96904
79126
10715
96904
13097
25575
97859
96904
17968
8188
17968
16435
14490
9330
96904
57184
13739
16903
4946
17968
49635
26477
30121
57733
29738
63633
49979
26796
67449
19940
235
96904
91772
2846
28919
11430
45576
96904
30679
38329
17968
40782
16818
1638
43446
17968
17968
44004
99988
61936
25721
83546
17968
17968
96904
20638
96933
17968
81395
50330
40196
74587
15121
59301
96904
86359
64176
96904
23008
96904
96904
79942
30612
66172
96904
17968
17968
17968
90143
16378
74262
17968
78452
96904
8455
17968
96904
96904
8108
13353
96904
19231
96904
96904
96904
14420
96904
15550
17968
17968
46125
30281
70717
9500
96904
16387
23581
31515
43241
42739
44996
96904
56667
17968
95334
3864
15713
62682
17968
42450
72588
8938
17968
96904
96904
96904
66708
9783
79374
40285
96904
79416
17968
18805
10451
21129
17968
96904
17968
78737
92187
17968
8222
96904
97490
30649
17968
76955
12093
57144
96904
43291
17968
96904
91735
17968
64109
12933
71085
96904
96904
17968
96904
73185
39029
75169
96904
493
31387
98424
23446
67792
17968
96904
17968
17968
17968
13228
66004
7867
17968
96904
17458
96904
17968
96904
1404
96904
74069
19209
44847
17968
17968
10647
15255
96904
17968
17968
13611
96904
96904
96904
17968
96904
2584
15694
16691
96904
96904
96904
96904
96904
17968
96904
16086
69262
6928
37080
96904
17968
89099
20748
141
8674
11453
76346
82013
96904
42010
69798
17968
17968
421
71351
42524
3428
42294
73294
78134
14737
57542
76929
17968
17968
96904
3431
17968
24320
96904
12472
98912
41481
1494
29615
63178
74742
4548
5852
16917
17968
96904
96904
17977
17968
60368
96904
34900
17968
17968
17968
69677
96904
15817
39691
17968
96904
17968
96904
63401
64218
17968
53483
43784
17968
12523
70478
35168
96904
96904
84234
58949
62430
57610
2780
71080
17968
81028
96904
32792
96904
20402
7483
64059
17968
70207
96904
52599
94048
67906
69739
98251
40070
96904
36955
17968
21055
6007
44574
91733
96904
17968
6916
17968
17968
66992
39863
74599
53996
10796
17546
38426
17968
96904
96904
17968
96904
28186
17968
96904
63671
6058
81901
96904
46204
17968
96904
17968
82228
85568
17968
4176
67221
93032
52
62582
96231
26885
5497
96904
30199
47064
17968
17968
8861
17462
16103
2357
75110
96904
4353
17968
6300
96904
96904
97555
83183
5148
2517
20338
17968
26530
15091
74468
17968
56005
96904
96904
15570
96904
56078
87561
40169
26436
14657
17968
51273
96904
70193
22149
17968
14176
97992
96904
99199
55598
37942
26606
49183
17968
16698
96904
87580
8606
49462
28815
93178
96904
82033
17968
73628
96904
92944
12372
96904
71477
93133
4251
96904
1157
17968
17968
67465
9733
12801
96904
48076
87652
94526
96904
65607
51946
21028
17968
6557
36400
17968
63759
96904
96904
58198
17968
6775
96904
17968
25774
17968
96904
17480
17968
96904
1345
22258
45560
9199
83450
17968
17968
25026
96904
36980
26543
96904
96904
43449
64317
99867
69297
99517
22111
59132
96904
22176
80073
96904
96904
17968
17968
17968
22688
39686
23329
17968
28813
38818
17968
17202
96904
96904
17968
17968
42918
1929
96904
90259
68746
17968
45869
96904
46086
7635
36739
17968
96904
17968
42920
96904
17968
17968
19386
49352
96904
17968
97779
96904
89496
63079
17968
72338
26508
93620
17968
94322
96904
4743
32921
37662
44404
96904
21234
96904
98554
35586
17968
17968
77697
17968
58470
17968
17968
17968
21356
15915
96904
17968
96904
96904
6640
61020
1434
58092
30981
17968
6762
96904
96904
26517
17968
17968
48638
90690
2516
22624
33041
52438
96904
96904
41926
24592
90180
17968
17968
28715
17968
41240
98316
17968
96904
17968
70221
52329
11241
63744
17968
77484
17968
445
48839
96904
54132
15377
863
33685
96904
84579
17968
21635
57334
96904
96904
96904
96904
17968
45909
91056
6504
87317
68028
55055
96904
80209
3253
5580
49308
96904
41220
55325
26509
30052
34710
96904
55342
96904
96904
17968
89763
97620
44970
24633
84083
16646
64120
17968
64524
17968
23092
17968
1902
16875
9489
90805
71795
17968
27169
38873
66551
17968
96904
17968
17968
29837
23947
17968
87182
22209
17968
64770
8625
17968
96904
43023
60763
38904
96904
40317
80271
96904
96904
17968
96904
96904
76566
66376
31389
26099
17968
64224
29299
17968
37749
96904
96904
2882
46131
17968
96904
96904
96904
19305
66515
96904
89570
86819
72463
96904
96904
10859
96904
81654
96904
24258
12356
14814
60129
23775
20445
43010
96904
96904
45166
96904
83070
54590
44069
96904
6308
17968
7743
96904
99291
96904
57083
17968
26156
96904
44256
22971
85576
49223
41968
86815
52951
17968
65425
23146
96904
9275
17968
96904
96904
75343
73528
42468
96904
15728
10364
17968
41566
10527
96904
8526
45114
642
96904
74613
17968
96904
82231
84416
17968
63064
17968
96904
98169
13091
90741
82349
17968
17968
96904
17968
17968
74391
96904
54678
96904
96904
17968
92197
17968
49211
59690
79099
96934
96904
11325
15875
56950
96904
98507
10752
17968
17968
99087
20134
17968
57926
9419
25971
96904
14404
85946
96904
17968
17968
31122
18629
17968
70528
17968
96904
39208
17968
96904
30725
17968
995
96904
96904
31661
25103
58816
17943
26319
48751
68069
51604
99932
56077
56304
7040
96904
17968
54738
17968
45076
3915
89295
13909
17968
19226
96904
1480
96904
96904
8039
57749
96904
48980
35980
36204
41053
96904
49930
13567
96904
86101
34453
93940
6596
17968
17968
17968
11888
3245
17968
96096
97916
17968
96904
36590
30198
96904
34015
82103
17968
62174
17968
29573
55910
46952
96904
96904
76667
17968
96904
96904
96904
37328
45826
65957
64931
23285
92062
87689
66423
48401
17968
75839
12221
17968
12238
5476
1085
26212
17968
62117
96904
96904
80856
96904
17968
11804
96904
17968
9362
96904
66689
24268
42932
96904
23926
86344
74140
17968
55010
96904
1906
96904
4155
17968
34781
21851
96904
4775
49287
67739
17968
96904
96904
28660
17968
17968
21771
18339
15728
42893
17968
17968
43020
96904
63728
35640
17968
17968
96904
33799
17968
17968
94924
75008
40784
56304
7637
17968
17968
96904
17968
96904
743
96904
37139
8126
96904
24095
10217
96904
98341
82556
96904
44100
17968
96904
61351
82678
17968
23776
76351
18944
62150
51173
20968
17968
67519
17968
17968
96904
96904
96904
17968
1798
17968
26991
96904
96904
53750
96904
23891
25180
88435
56943
17968
22212
76438
36779
34801
76091
35423
96904
96904
32318
96904
50047
46423
96904
17968
5516
17968
1022
31998
34605
32640
88952
26406
4541
96904
17968
3803
46059
30766
17968
17968
44884
5390
17968
96904
28590
87683
96904
17968
20705
37043
59745
19941
96904
96904
17968
1561
12695
76122
17968
62388
96904
13892
41553
38108
75447
18111
73304
15849
49771
89653
71975
53999
17968
17337
17968
17968
96904
94354
96904
1271
17968
47420
17968
83241
39609
95658
57663
92977
39553
8937
57188
96904
96904
64936
6905
17968
74669
99841
5760
17968
17968
64301
49550
69884
17968
49802
19379
13966
96904
87157
61944
49654
96904
1267
96904
35700
18756
10765
69271
87463
61170
37513
48609
64678
17968
96875
17968
17968
17968
17968
96904
17968
17968
96904
88081
82705
17968
35710
17968
8407
17968
74264
40187
17968
96904
17968
13920
96904
33035
99031
58986
17968
57902
17968
17968
96904
87327
72118
89211
8033
26682
65065
8335
30473
11465
3865
96904
82898
38468
90722
21921
96904
96904
1497
96904
58986
96904
96904
17968
17968
79338
17505
17968
57259
69904
96904
65563
17968
17968
17968
13534
17968
34421
25256
66957
5081
31418
17968
97823
1110
62472
96904
99263
18741
17968
17968
6914
34964
41591
96904
17968
81539
17968
93909
8080
86093
96904
33740
1902
12570
17968
17968
96904
10573
99214
95246
92695
43788
91792
29783
91
17968
59424
96904
17968
304
12252
96904
39823
47378
17968
96202
17968
22532
86242
65556
45561
96904
72659
96904
96904
17968
96904
56587
53240
17968
75783
85982
38985
37779
12928
17968
61124
44365
22545
96904
64681
49009
96904
7284
17968
53169
5170
17968
96904
75250
96904
96904
96904
96904
98731
17968
17968
78015
96904
17968
17968
96904
5105
46184
96904
96904
8126
90304
25572
17968
26946
60258
17968
96904
17968
27704
49729
37781
96904
17968
96904
17968
83085
96904
17968
96904
70841
42181
14283
36700
17968
17968
96904
14732
65571
17968
96904
17968
2415
85477
96904
96904
63343
96904
17968
77321
61395
19828
13276
75541
96904
74648
17968
69026
14173
38289
27315
31122
17968
34828
17968
10305
72638
37640
19101
17968
89724
81009
56094
80787
45767
17968
96904
83681
96904
51047
35093
53385
91369
16028
15820
23010
60666
29199
12710
96904
10150
96904
82148
52292
17968
17968
84481
17968
44873
96904
45153
79794
90690
74361
96904
99538
83163
96904
96904
13418
28005
85700
31269
8271
62403
50008
46960
65007
96904
83046
60171
51929
61956
79443
17968
12692
42047
96904
30102
52713
96904
3946
10861
17968
3428
96904
96904
96904
7660
73647
33977
48344
85843
15901
75038
39799
28585
93516
96904
95834
96904
16200
74016
60826
32889
17968
96904
21553
96904
60426
6751
80200
32394
17968
3287
75821
96904
17968
17968
17968
34760
73352
96904
17968
17896
49721
17968
96904
96904
17968
17968
10249
65251
17968
44341
2871
65090
71684
96904
15662
96144
17968
96904
34074
44089
18989
563
17968
6468
17968
96904
17968
27271
96904
88225
17968
1045
77875
17968
96904
17968
96904
29766
32536
27551
96904
82715
28839
96904
96904
67456
17968
96904
96904
4274
96904
3694
93479
43811
2406
16264
82979
17968
96904
37681
96904
44286
96904
2989
31667
96904
9572
10301
12866
96904
79652
69701
68589
63951
31734
76198
7723
26426
56084
17968
13756
96904
17371
35252
42706
17968
81352
17968
84204
342
17968
94839
96904
70953
17968
53412
17968
96904
88579
47171
17968
96904
96904
58405
8329
81430
17968
855
92281
17968
17968
33109
47011
98449
71569
53546
96904
96904
20999
55139
28278
17968
869
17968
48024
91534
37809
88261
96904
96904
96904
17968
92302
17984
96904
96904
51806
25019
32731
17968
17968
49871
68397
96904
17968
68921
86323
96904
17968
32749
96904
96904
17968
1888
96904
76604
95061
96904
2015
38072
37208
20766
57655
71864
34596
90486
17968
82547
17968
43395
58309
17968
51609
96904
96904
17968
96904
17968
96904
17968
52133
84375
16202
69744
68831
3622
96904
22882
17968
17968
48648
15992
17968
39323
17968
86204
17968
47370
96904
38104
74280
48290
17968
4047
65565
64772
96904
66613
41890
20545
17968
96904
17968
17968
50747
96904
89758
96904
96904
17968
96904
96904
46186
14266
96904
8604
59790
46702
67827
52965
34238
19967
96904
17968
26390
96904
21795
17968
96370
17613
78797
96904
30988
65843
96904
17968
13027
67051
96904
17968
45888
39468
96904
17968
63980
3489
27169
96904
30595
17968
50592
17968
74988
16915
77542
17968
30383
17968
43163
72720
96904
96904
17968
85598
17968
96904
96904
96904
57565
7743
96904
92440
77684
96904
17968
17968
1463
31196
17968
7212
96904
96270
17968
5169
17968
96904
21078
17968
96904
96904
17968
96904
96904
17968
5049
98168
12542
17968
74218
96904
499
17968
96904
96904
58004
48333
96904
56011
74649
96904
9707
98839
32569
63397
96904
68914
96904
17968
2475
17968
17968
50163
5750
58287
71433
96904
17968
5993
80530
37192
8781
1891
96904
96397
80452
17968
83026
75412
63994
55304
17968
91263
39227
28411
17968
96904
13833
73160
84380
96904
96904
36312
96904
99300
96904
9020
96723
12316
19281
14759
17968
17968
79485
4533
22012
92169
17968
96904
85706
13587
11934
17968
17968
17968
58663
84025
96904
11003
17968
30079
15551
26566
17968
92093
17968
78416
17968
17968
25966
19071
50713
17968
17968
32281
52512
17968
96904
94003
96904
96904
96904
39226
2665
96904
17968
45072
96904
96904
34827
35318
46462
16892
65471
51834
17968
17968
96904
19139
25902
740
96904
17968
17968
26149
17968
96904
56066
61778
8844
17968
13655
87606
2111
87631
65400
23304
96904
96904
78404
96904
85399
17968
57909
17968
17968
42505
96904
64738
60387
17968
27586
25356
17968
96904
39612
42160
17968
19657
79424
52706
96904
17968
1677
41836
1552
96904
66193
60402
96904
17968
97513
16618
96904
96904
17968
17968
96904
17968
96904
76810
17968
96904
96904
99897
17968
96904
92093
23672
19925
17968
96904
56905
35082
97291
18752
17968
97410
42178
43799
17968
61300
47930
49457
18819
73429
42907
94825
83391
2569
67219
27860
93518
51380
38892
17968
31958
29269
44157
96775
96904
17968
10643
51589
92386
97758
17968
19645
26191
33195
17968
96904
77704
5364
38523
17968
59194
38045
66341
16625
86179
52778
17968
17968
19256
77650
77932
36685
96904
31011
1409
17968
17968
7723
17968
47432
17968
17968
96904
3743
28685
35206
39034
67625
38506
96904
92690
56674
96904
96904
96904
84449
96904
37676
96904
96904
96904
77507
53588
23190
49855
5423
17968
9625
20836
4894
38690
96904
17968
82945
17968
17968
64108
82439
64607
22131
80042
96904
71564
53922
17968
15041
96904
15445
96904
17968
54069
96904
14841
96904
96904
17968
16928
96904
23267
29543
81350
39962
66068
96904
82130
96904
17968
68507
23855
17968
42537
64155
41562
9119
64837
53918
99706
86053
96904
3979
28115
40696
26521
16362
17968
34520
95679
88563
17968
87392
17968
65761
23694
36260
17968
15145
17968
21720
96904
17968
17968
17968
17968
36831
17968
96904
96904
13987
96904
9613
1194
96904
63243
78785
96904
28202
18019
96904
56601
41561
96904
96904
5050
17968
48478
10094
97312
96904
93068
21511
96904
96904
96904
71447
15698
96904
17968
98836
30828
17968
31223
44333
48430
17256
36582
75401
14736
10912
7260
17968
90004
96904
93862
96904
17968
6823
81733
96904
35124
42651
35616
11121
91284
46139
34313
25894
90952
61929
96904
65052
96904
35784
53825
40377
9032
17968
57773
99125
8246
89302
76739
92646
17968
22497
46651
96904
1834
17968
62629
17968
17968
96904
17968
93462
17968
57872
96904
78066
36240
17968
96904
37265
92193
96904
96904
15366
96904
53775
65002
17968
20755
64204
82596
17968
96904
17968
17968
17968
66528
96904
6597
17968
5477
30361
38841
56182
2358
17968
17968
96904
41832
96904
96904
19329
17968
96904
76072
96904
29086
96904
17968
30713
57036
24143
59253
51500
81509
77453
94702
96904
96904
45038
17968
88146
17968
17968
2275
32099
77072
81873
17968
2782
17968
4080
17968
59780
77846
17968
9609
48746
96904
84923
17968
17968
17968
9413
73876
99160
49767
2948
96904
96904
96904
41210
71156
96904
67508
37073
32493
80289
27614
96904
17968
5568
96904
96904
36174
53237
78415
96904
95908
18811
96904
28223
17968
17968
96904
69164
90268
6493
49177
94699
1301
96904
17968
75498
28834
96904
17968
12528
45020
35039
79179
17968
64623
96904
96904
60730
17968
96904
80232
53534
84182
93509
17968
2161
17968
17968
96904
96884
2376
6403
17968
79798
13196
7526
65837
17968
19291
90965
13933
13110
48903
17968
96904
91792
1110
17968
65929
9940
69097
33088
17968
78835
96904
30241
17968
17968
17968
26368
92999
96904
96904
50711
96904
22434
96904
50383
8681
17968
17968
17968
7074
17968
96904
82322
8641
14564
82733
78661
821
40860
40120
62955
96904
17968
52106
8451
96904
17968
84335
1388
96904
65860
17968
41537
32841
96904
13933
17968
75074
33902
75073
76390
22594
75758
17968
62841
46429
56817
11114
96904
29552
17968
16642
3409
21386
35144
96904
71125
37284
17968
60401
17968
96904
96904
77346
12234
96904
96904
44942
40556
17968
17968
55584
21403
17968
294
75159
96904
22219
86466
17968
85101
42261
30016
58633
17968
83726
72621
17014
17968
79610
17017
16461
73113
17968
96904
17968
80728
63929
65877
17968
13560
17968
19599
20285
16956
59458
62745
96904
17968
96904
1524
89399
96904
17968
17968
17968
96904
18041
7017
34492
18214
17210
2155
19613
17968
16986
96904
41761
16276
76240
22334
41903
96904
17968
96904
96904
81318
27950
60576
98477
73573
1904
32707
96904
58194
17968
75623
61652
96904
21196
90794
11344
17968
87546
17968
96904
6269
4963
17968
90144
36496
96904
17968
96904
17968
17968
96904
700
42941
84205
11975
54757
94565
96904
45597
96904
65004
9097
20629
94097
74148
64239
16319
41481
18429
30720
96904
3817
96904
54822
57527
99444
56264
96904
17968
63183
18620
17968
17968
17968
33671
96904
17968
38152
30769
4217
49470
17968
96904
69411
17968
17968
24913
82272
17968
59471
74377
96904
59713
43802
20124
32350
30911
17968
91669
9979
41141
96904
96904
46089
17968
32291
44250
46852
96904
24912
96904
17968
37984
64299
96904
77813
17968
86438
14284
81915
38969
60723
6671
33441
96904
76804
68520
57625
62663
45004
82239
60646
87857
72152
4601
15758
17968
58705
17968
96904
17968
22193
96904
96904
63227
76793
78027
82145
96904
17968
17968
17968
88316
5875
96904
88366
96904
24170
96825
73845
17968
17968
34369
17879
96904
96904
17968
67959
570
66622
17968
17968
39280
3985
77945
6485
96904
82629
76069
16605
75948
17968
83336
97984
97810
2530
17968
87318
17968
17968
96904
96904
591
38733
96904
54252
96904
17968
96904
96904
91560
49941
17968
879
17968
18528
96904
17968
17968
17968
17968
20038
17968
83616
96904
96904
97009
96904
5231
4524
17968
6899
59684
25001
36393
40972
17968
89126
76094
96158
96904
3889
17968
96904
4027
18584
77656
17968
74862
9771
90085
23268
96904
17968
17968
96904
10607
28104
59355
17968
77623
38029
96904
17968
96904
28450
96904
47667
17413
96904
75207
19847
17968
63581
44124
18413
96904
96904
3985
96904
89668
96904
81037
1271
2352
21062
51737
17968
4645
96904
63114
25444
31999
1607
24666
96904
96904
67999
96904
65197
17968
17968
11907
14106
86248
2684
98462
96904
96516
32049
64107
16296
17968
79952
24403
17968
11125
63534
94203
81515
80587
96672
1110
1914
11299
17968
1171
17968
93207
13115
2637
37260
96904
61851
85018
95011
96904
58032
57790
33318
95977
10527
97319
81515
96904
17968
6771
96904
27246
96904
96904
17968
48188
56015
1346
26995
22069
17968
17968
17968
59689
69261
45794
96904
17968
35365
96904
3375
57508
96904
17968
60192
51715
6725
30769
83890
17968
83916
78796
95816
17968
86463
96904
96904
96904
62370
87173
32053
39427
17968
96904
63292
17968
78554
9989
96904
96904
79275
13121
14951
17968
32473
30307
96904
28388
17968
65594
96904
17968
96904
41531
1587
54430
96904
17968
20318
21794
57042
96904
33621
33347
49181
96904
96621
7686
96904
17968
61445
10438
76840
87291
47062
42438
33151
40488
96904
17968
54356
17968
26281
96904
96904
17968
7197
5286
37715
33947
17968
39365
53623
74551
96904
96904
46367
75548
17968
18183
67965
17968
37281
17968
67906
95060
8650
80531
17968
39738
17968
17968
17968
37214
17968
96904
10979
17968
96904
60084
17968
17968
96904
98377
17968
17968
17968
67282
17968
72032
96904
71744
96904
25601
17968
96904
51201
33793
9049
84875
17968
17968
23340
2460
95924
45562
30240
61007
96904
8097
72968
71902
17968
98851
64512
96904
41426
17968
48623
680
72905
43225
33947
17968
96904
17968
82233
47470
96904
28712
96904
96904
96904
96141
96904
46015
34359
875
57972
96904
96904
62435
17968
70686
73686
23250
60509
51667
59869
85110
99017
17968
96904
17968
62377
17968
36984
96904
96904
96904
20587
96904
80835
45016
96904
17968
5892
74325
17968
1276
71192
55525
96904
17968
58853
96904
17968
85824
81853
99190
10315
22007
1167
84666
9616
96904
96904
96904
46697
34893
96904
96904
96904
3226
17968
23142
96904
12611
17968
96904
34971
77071
40130
6349
17968
17968
17968
17968
96904
35683
73224
9157
96904
18124
10560
96904
17968
22126
6470
17968
77
66413
5540
17968
96904
18840
88654
14775
96904
72131
57293
81361
17968
31496
17968
51988
90921
96904
96904
316
49720
11043
96904
5133
72629
84915
64502
17968
99835
2905
57615
60129
44736
82390
96904
17968
96904
10353
99351
41282
17968
16345
33796
10036
17968
95486
17968
54087
6568
17968
17968
96904
17968
96904
17968
17968
17968
96904
42175
96904
29437
96904
43021
17968
30049
96904
17968
65622
94664
2491
97998
48049
35787
96904
21851
17968
96904
97146
80513
47167
96904
76192
17968
61808
91227
17968
96904
17968
17968
96904
17968
31148
96904
5363
94401
96904
96904
96904
96904
17968
96904
74605
17968
93303
17968
17968
96586
96904
17968
83666
96904
9023
73950
96904
17968
17968
87790
17968
11314
62053
34541
43666
61297
26617
60152
737
17968
96904
32377
17968
85779
28504
96904
2815
17968
99662
25458
43838
67390
47327
96904
40694
51888
35689
17968
96904
71386
17968
17968
17968
37533
15393
96496
47973
63999
79418
17968
96904
28703
10139
17968
96904
17968
96904
17968
79509
90756
96904
70953
53589
17968
65414
94548
44563
96904
96904
73661
17968
16143
17968
96904
96904
96904
55113
17968
92237
33724
17968
69384
17968
17968
86868
23451
96904
44545
17968
11483
33463
24644
1148
24602
15386
28544
96904
17968
17968
23292
17968
79132
74528
17968
96904
9701
64174
45075
17968
12128
40842
17968
96904
96904
17968
5024
96904
17968
96904
17968
14664
96904
96904
35299
96904
96904
96904
5849
96904
33330
75439
17968
68120
96904
6776
17968
17968
17968
96904
28008
17968
96904
96904
5771
69970
89252
17968
17968
96904
6024
52624
96904
96904
83492
17968
17968
54712
17968
98589
44900
13804
2099
67319
17968
17968
17968
14455
96904
2880
38993
54869
96904
82176
71972
91620
24444
96904
79604
40836
96904
98736
96904
95297
35623
17968
37382
96904
77817
96904
17968
62900
4837
70694
6880
67593
17968
96904
9513
17968
42170
96904
17968
65507
17968
96904
40182
5866
21248
30305
17968
83060
34476
96904
17968
96904
17968
17968
17968
15454
25177
37165
17968
60345
96904
34131
43895
34566
17968
17968
96904
28969
96904
96904
17968
48367
72582
17968
96904
25117
17968
22001
17968
96904
65137
66411
61721
96904
87618
69874
29004
17006
28585
96904
76957
942
17968
85932
23973
26308
96904
9594
50623
1233
17968
13865
84151
17968
22278
11656
15925
78669
96904
15659
71157
80802
96904
55989
51055
84037
92788
96904
23806
96904
33199
96904
25753
79422
31797
96904
48394
3539
17968
96904
92399
2347
17968
96904
96904
73472
89290
84567
829
7445
55181
53791
96904
17968
17968
88286
96904
17968
97944
96904
18960
15216
67515
96904
72383
77702
96904
7077
46748
73252
42540
38487
83993
96904
87040
1846
13931
89580
96904
17968
18764
17968
84589
32236
27706
69088
96904
80430
17968
4994
50250
96904
58624
69814
17049
33176
23202
74910
17968
96904
96904
96904
46102
96904
96904
96904
96904
7863
17968
96904
43885
25643
96904
68715
17968
33940
96904
79784
43396
2369
69669
17968
96904
65443
96904
30244
17968
44889
17968
96904
78558
8105
71527
17968
96904
26295
60060
17968
86241
6986
9818
77242
96904
38445
96904
84372
21213
68952
29432
29748
17968
45654
8839
17968
96904
36509
17968
22450
77205
25731
35023
8677
96904
96904
96904
17968
17134
17968
69250
56013
75315
17968
17968
17968
95526
14797
13515
1045
98082
30620
96904
17968
96684
2943
17968
18698
17968
96904
47087
7988
96904
96904
16687
17968
17968
68127
44491
52387
96904
96904
12538
6483
12067
24373
23066
17968
17968
4129
96904
99396
87684
91070
83448
96904
96904
49621
96904
46139
20966
17968
17968
24411
17968
96904
17968
94389
90944
33855
96904
32571
35308
63291
67812
15575
11192
42315
23006
17968
17968
24966
64465
96904
91604
96904
13705
17968
68273
44856
17968
23003
96904
17968
28670
51139
96904
74542
91880
23197
89697
17968
71038
73878
5237
12757
82694
9322
96904
47596
25299
6899
96904
17968
96904
95598
17968
96904
17968
96904
17968
61710
57270
96904
1189
77447
55152
46663
10830
96904
46963
33686
17968
96904
96904
96904
96904
96904
50485
2827
47311
54690
35669
17968
17968
17968
96479
96904
96904
51176
68494
92221
96904
96904
96904
96904
17968
17968
91558
96904
85861
39068
6171
35789
97216
37663
96904
96904
16087
96904
96904
96904
49980
79271
8325
17968
9300
96351
71986
44947
19016
1310
3589
95136
96904
96904
17968
17968
2647
65418
17968
17968
31983
63736
17027
58939
50128
89285
96904
78266
96904
17968
54288
4360
61087
54955
96904
17315
171
96904
93993
66904
96904
17968
59273
74104
78084
17968
17968
36055
58395
61629
41398
17968
17016
17968
17968
1780
79546
5760
96904
96904
17968
42635
96904
78268
28056
17968
17968
34962
96904
35732
17968
31358
1380
69808
35205
17968
5283
15700
17968
54222
40630
33110
96904
17968
96904
17968
9466
61418
582
49481
40554
30021
96904
93484
43576
96904
17968
81286
9658
6708
13629
17968
17968
44973
90843
17968
37178
374
58674
17968
42829
66304
96904
96904
10314
96904
84475
96953
40679
96904
29653
96904
17968
17968
17968
55652
96904
86344
82414
96904
17968
17968
8869
96904
17968
15872
90369
69197
63664
56304
3462
35514
96904
96904
69374
27824
91350
96904
84343
17968
17968
78275
51381
17968
12941
17968
17968
96904
96904
37660
9593
15665
96904
43683
17968
17968
96904
24437
17968
6423
94507
71404
28466
23750
1481
96904
17968
96904
61070
17968
96904
17968
11655
96904
96114
66960
17968
27487
96904
43728
18685
36543
60764
17968
5554
68379
10990
96904
13449
98053
96904
23500
42387
96904
9374
96904
98461
1418
17968
96904
65057
96904
65665
17968
41371
45353
17968
96904
96904
68585
96904
96904
50235
96904
8187
17968
96904
17968
96904
57137
63150
96904
96904
96904
42818
7688
96904
17968
96904
34769
17968
16079
43188
77080
17968
83312
48484
47845
13183
17968
17968
34506
28184
33950
42115
17968
7081
96904
22391
23444
1832
96904
96904
7957
96904
96904
1715
96904
96904
35551
17968
17968
67815
17968
96904
68809
96904
96904
59968
17968
17968
96904
96904
35093
46709
80396
37730
22101
17968
17968
17968
76505
16436
17968
41394
12512
39840
5939
43320
99602
96904
17968
96904
71257
17968
96904
21363
17968
75886
8870
73763
26077
26779
33815
57997
17968
44223
17968
38343
17968
96904
57597
56081
90030
96904
14068
17968
35668
65299
28550
17968
83349
57871
77184
96904
6529
65005
24329
17968
92743
21692
7856
17968
85050
17968
32218
17968
1102
96904
78929
76
24327
25170
17968
17968
64587
34025
96904
9970
52412
98570
12845
96904
52109
96904
17968
17968
44481
76779
27002
17968
30089
97996
72545
17968
67259
33365
96904
96904
45
10627
98314
96904
17968
51846
41737
96904
39460
96904
87615
18417
26402
94502
50107
17968
79308
96904
96904
17968
17968
37098
49768
21042
17968
50680
16079
17968
34278
41669
96904
51329
93247
36803
13343
67594
48911
37156
96904
35335
17968
60884
17968
59806
17968
64207
69935
96579
17968
35308
17968
35693
80978
97932
9341
58428
95185
63643
13771
44798
56293
96904
95663
94502
68546
96904
96904
17968
37438
17968
96904
96904
17968
96904
17968
25596
17968
70967
6424
94654
96904
40018
48413
76839
59005
29424
8906
96904
40601
51522
14313
96904
93450
96904
20166
16641
43723
96907
96904
19231
9239
72453
96904
96904
78244
67682
34618
20144
16047
96904
17968
15775
96904
17968
17968
96771
72451
21099
48788
16425
24641
76662
98654
17915
17968
17968
50477
17968
75849
96904
74706
37863
17968
24139
95415
17968
17968
97509
215
96904
96904
74196
67754
17968
61928
96904
17968
88333
96904
58201
6336
37380
56114
49991
27358
17968
96904
17968
32283
5615
96904
17968
28340
17968
40392
68826
96904
96904
28161
96904
32400
52709
5868
17968
96904
89766
96002
96904
24452
17968
5323
96904
17968
90811
89972
93314
9511
10882
76
49817
49698
56984
96904
17968
13121
96904
63851
17968
51764
7596
17968
96904
69757
17968
17968
93075
50194
96904
96904
70613
98410
17968
42238
34450
14100
17968
7916
73304
96904
4687
17968
75395
96904
17968
81202
6308
96904
96904
75392
17968
49465
17968
51400
96904
90761
78061
72873
96904
96904
17968
17968
29010
93722
96904
96904
29496
69448
81396
17968
69004
96904
17533
17968
96904
17968
69879
17968
2827
17087
38145
582
7716
17968
31005
994
85645
19408
56329
52165
93907
17968
96904
41186
17968
5639
41048
23474
96904
41428
12269
19709
68305
17968
98732
49065
99888
96904
96904
17968
48727
19967
34330
70927
52094
96904
32698
66517
26083
77845
87390
96904
95080
6548
84
17968
34276
17110
96904
96904
96904
90785
17968
61347
40908
96904
73694
96904
66974
18478
58511
96904
13560
29131
94184
56305
24318
17968
6494
96904
98866
17968
35495
72181
17954
33512
67031
34895
95201
2387
38289
96904
70995
18123
96904
17968
29585
26269
96904
17968
71043
71015
25285
80727
17968
17968
96904
96904
62681
60683
96904
17968
20211
39732
17968
84020
98795
17968
96904
43371
96904
42271
17968
96904
10974
42800
17968
64075
85243
17968
19979
36910
96904
22707
47831
47307
11721
17968
17968
17968
30633
17968
92066
14821
96904
3813
77237
92883
15797
43439
11106
96904
31872
50322
50261
96904
96904
65445
17968
26397
51784
20277
78369
99514
92591
68148
68171
51145
96904
84421
30255
23663
5196
17968
96904
12524
17968
90561
96104
96904
96904
34084
77939
96904
12904
45175
54299
49475
47861
17968
17968
43136
62421
69813
96904
96904
96904
82814
15667
19512
13304
96904
48943
14568
86056
17968
25461
96904
93834
17968
26142
96904
96904
36094
45580
11533
89469
96904
96904
37300
97833
34498
8790
17968
36019
28967
56628
96904
17968
96904
96904
40653
17968
24588
96904
68957
3606
383
96904
96904
37743
7348
23926
65696
17968
52379
62496
96904
17968
88218
13471
17968
21451
96904
43399
72218
17968
35826
30794
17968
4565
55469
96904
21770
3842
19306
99102
96904
36714
4999
96904
39977
17968
28941
17968
13546
76118
78417
41107
90742
27660
65221
96904
25710
4385
17968
96904
96666
78183
17970
96904
17968
40856
12744
92663
96904
96904
77904
17968
8246
5936
2525
96904
28859
45317
97676
17968
17968
17968
17968
3643
67092
17968
84220
64384
32859
96904
76402
48719
39084
5037
11014
17968
17968
19287
60791
6807
78740
17968
96904
18811
37043
17968
50554
3687
96904
96904
52677
36618
17968
53040
86765
18444
96904
54836
90417
53709
35017
17968
17968
24140
80266
96904
50035
17968
17968
5570
1773
17968
75496
17968
17968
17968
10253
25357
96904
96904
5483
17968
17968
67568
28147
79391
6332
17968
96904
35725
35012
557
16077
15303
6694
96904
96904
96904
18652
17968
27102
14820
96904
63708
96904
17968
38753
4232
44310
17968
96904
96904
7085
17968
96904
35758
62548
96904
653
43643
17968
96575
9891
17968
96904
36855
96904
17968
39796
25934
33098
96904
69948
90616
96904
17968
8591
35281
80026
96904
17968
21237
36103
2967
83339
23846
4981
55622
17968
96904
96904
96904
96904
30152
34721
44504
21511
88630
96904
96904
17968
41839
96904
60604
79647
96904
17968
64908
17071
65844
3297
42925
26203
1552
85448
17968
96904
17968
17968
35047
50168
17968
96904
23953
17968
96904
17968
497
96904
96904
96904
6966
15881
96904
91075
12552
17968
79514
32924
59277
88523
96904
97000
54994
65024
31547
22843
29726
17968
3555
92607
42983
96904
23806
86823
96904
5392
81668
82500
96904
81859
17968
96904
17968
75532
38162
83457
52736
96904
43667
27202
75834
17968
17968
76298
14974
92345
17968
76815
11684
96904
25543
96904
23234
96904
60922
17968
96904
20955
17968
26930
58750
96904
70729
96904
17968
96904
96904
96904
17968
97040
97241
41754
18631
68583
79685
43027
63632
39944
96904
96904
39944
17968
92860
65454
16917
64017
17968
17968
96904
17968
17968
17968
74131
96904
18399
20819
2520
76164
96904
96904
17968
17968
64025
70802
17968
15878
81956
83200
17968
96904
8863
56302
34033
17968
96904
15744
14731
96904
96904
57353
28647
17968
96904
96904
59189
53081
7680
22855
96904
81606
96904
35049
67110
96904
88057
97745
17968
9031
96904
29764
3775
77639
96904
72122
17968
85147
17968
17968
51422
93878
63345
96904
96904
96904
58660
17968
40429
73908
17968
17968
4624
59470
17968
38671
71335
75489
28770
17968
51581
34417
96904
96904
86276
4173
10102
11710
17968
93417
96904
12252
19330
17968
17968
17968
17968
96904
27185
96904
22662
96904
94228
79320
17968
71500
47356
57349
96904
92595
24674
61285
17968
17968
17968
43055
49662
96904
71221
89987
96904
31808
96904
17968
81969
17968
17968
1711
96904
17968
22714
55793
60054
1383
17968
96904
17968
17968
96904
96904
96904
14459
96904
73833
90582
96904
50607
17432
96904
96312
78499
17968
76506
93795
76986
37043
96904
17968
9590
17968
96904
96904
96492
17925
17968
17968
96669
14203
96904
17968
45372
96904
17968
8854
10768
17968
74116
77754
47261
96904
7153
96904
21292
51290
1419
99767
41989
17968
27271
96904
81161
17968
36846
96904
38716
96904
96087
96518
96904
96904
96904
96904
25161
40192
17968
96904
72320
96904
68314
68622
96904
17968
15378
42318
43083
17968
17968
7079
17968
43818
22598
32398
17968
63977
96904
5304
58598
26375
52182
91884
10499
96904
506
17968
99355
46761
96904
70843
64604
17968
17968
62293
96898
96904
17990
96904
96904
64244
96904
94114
3353
17968
24528
96904
17617
96904
93486
61592
87203
35083
46335
68925
75691
96904
17968
96904
17968
13875
41394
19546
17968
96904
96904
17968
17968
96904
96904
12407
96904
96904
96904
17968
47205
58947
83932
79099
80160
96904
5997
81901
21873
17968
8578
71844
96904
96904
96904
99645
96904
58735
17968
55933
96904
38417
70419
17968
21095
96904
96904
68602
42582
2494
17427
17968
37443
17968
95577
17968
17968
36973
17968
96904
74122
78997
17968
75019
18536
96904
99357
17968
2569
81597
66212
96904
17968
96904
96904
8381
98805
17968
17968
94903
96904
96904
96904
1846
12341
17968
9348
17968
93806
81431
27944
17353
29526
96904
96904
69649
37653
17968
70984
17968
87706
72493
96904
96904
17968
44163
70994
47464
39745
17968
6390
96904
27108
6763
11826
96904
73712
17968
96904
11943
17968
72437
17968
96904
89882
59344
15320
9069
96904
64209
17968
17
17968
44788
24274
83141
31936
96904
27757
55662
8748
28272
97192
17968
26527
50478
17968
266
17968
96904
17968
14548
17968
71867
96904
44112
17968
17968
10907
17968
58263
84402
96778
96904
18823
71066
7315
17968
39126
96904
51217
54447
96904
12575
80446
17968
666
19709
17968
17968
96904
70724
39132
58263
24708
31504
17968
2518
25914
96904
56328
17968
17968
70693
11164
96904
96904
6454
46725
96904
3199
17968
80108
22795
16946
50049
58832
96904
17968
96904
14405
17968
45037
24451
67867
96904
96904
829
17381
17968
57345
17968
95450
39128
17968
323
43525
22545
36037
39761
90007
22754
92877
93499
45996
96904
17968
96904
96904
17968
62444
65071
17968
96904
96904
17968
47049
93710
35937
32049
74365
17968
40103
40657
74750
30865
15187
37269
96904
51111
55677
96904
98968
17968
10681
56238
93031
56681
17968
61646
65817
92784
71279
17968
17968
17968
24052
22457
17968
66068
17968
98948
49895
96904
26005
83883
19082
96904
17968
68897
17968
96904
17968
74974
48573
96904
43478
96904
96904
59975
17968
57952
34619
90534
48901
69022
17968
96904
41420
82
96904
4586
46551
8702
17968
73750
17968
86347
96904
17968
27626
71119
42913
13165
17968
76984
93235
17511
96904
96904
99579
94531
24409
96904
87502
99345
75619
96904
84224
85328
96904
17968
39141
96904
84566
96904
7872
61020
72998
17968
20146
22515
17968
846
15403
73617
35978
26471
22174
23395
73048
81084
96904
58070
41736
96904
82011
40725
17914
85924
61851
9406
23470
67870
25857
60332
96904
17968
83719
96904
56194
17968
3053
17968
17968
74172
57926
32752
96904
17968
57711
29552
11878
78680
17968
96904
17968
96904
9189
17968
72901
96904
20580
55833
17968
38506
96904
17968
96904
96904
65360
96904
32594
21883
44419
96904
96904
96904
32076
36500
60779
6705
17968
96904
38904
65395
22544
17968
19386
40915
91578
34939
13298
17968
34116
5574
432
96904
17968
98495
17968
72884
96904
96904
17968
3326
96904
96904
17968
84191
96904
40428
83839
94966
17968
96904
17968
98847
17968
11905
46272
96904
19893
96904
46577
6657
45766
17968
36796
61936
17968
28144
96904
81287
42978
23233
49900
17968
15212
88880
78348
18059
93919
96904
90000
72124
2503
33090
96904
81318
96904
35947
96904
9488
7343
81150
17968
27558
1504
31585
11821
90924
92105
61017
25587
70510
35250
96904
74405
17968
30253
65375
25299
96904
59893
55725
96904
59906
8485
89635
96904
98297
52529
94452
96904
96904
17968
58574
48580
17968
96904
17968
17968
32383
69632
17968
25312
17968
17968
96904
42969
96904
17968
17968
96904
17968
96904
96904
23722
17968
34015
35872
17968
17968
72632
48477
96904
68121
40858
1659
17968
35987
81443
47396
96904
21981
96904
17968
17968
53927
5136
3053
26509
14950
99001
3842
4299
62073
45658
82445
58138
38761
38000
86038
83023
88266
93235
45497
17968
41295
10485
94944
31834
96904
90123
96904
96904
96904
71305
31164
95587
27999
96904
96904
96904
45102
1626
76930
96904
82997
40097
53463
96904
91485
96904
71243
44104
2525
96904
37578
11603
96904
76519
37486
96904
96904
21666
96904
53245
17968
14956
12450
17968
28115
17968
17968
96904
72870
96904
96904
34407
96904
17968
29339
17968
96904
17968
44128
36821
55688
75016
40561
96904
17968
17968
23254
83914
1354
96904
91854
7603
5273
50121
17968
17968
90993
77190
29387
28475
23128
1707
96904
50838
94279
17968
96904
24092
17968
96904
23385
26959
96904
17968
13
17968
96508
17015
96904
25325
23767
88537
75719
17968
36527
16530
93867
94356
17968
12896
4810
78233
17968
96904
16581
79782
96904
96904
42619
42409
17968
76268
963
20534
96904
17968
13648
61038
67168
29601
40066
53897
70670
96904
17968
1141
99493
71974
24633
24544
9201
78799
36324
54878
66536
47000
17968
17968
17968
32453
75158
71584
96904
17968
26703
4074
42063
96904
31454
75951
88450
14426
35132
58094
96904
30887
12842
17968
17968
32461
94968
91849
17968
95983
96904
42603
73179
96904
562
17968
38643
96904
37232
96904
32238
17968
86459
84542
17968
96904
37277
96904
6568
96904
90952
96904
96904
84385
96904
8714
96904
66584
96904
63023
83104
34286
88378
96904
17968
76957
1261
79987
62844
26712
31808
62695
96904
96904
31402
36405
86721
17968
33695
81933
98140
98104
68901
96904
75992
17968
38728
42000
33548
17968
24527
39845
4179
96904
21682
96904
59142
96904
24381
37101
96904
96904
26444
96387
96904
48904
17968
95008
39388
2099
17968
72404
17968
46957
65158
17968
58307
96904
96904
36752
56970
55864
17968
36855
17968
17968
18579
44136
29439
72892
96710
17968
25095
17968
92977
96904
96904
34328
96904
96904
69029
17968
96904
17968
34812
96904
17968
96904
80652
17968
66238
4155
17968
96904
6184
17968
48790
96904
17968
17968
17968
17968
22692
26836
17968
17968
67850
51893
96904
20749
64423
96904
24951
50247
96904
18824
17968
12503
17968
17968
78634
56481
96904
17968
1752
93492
79742
96904
96904
96904
18307
17968
17968
96904
74226
4593
41490
96904
1419
17968
51693
87169
96904
16917
96904
70076
42359
3178
52869
49959
75253
29685
96904
83279
17968
17968
96324
96904
96904
44950
68858
17968
12678
17968
17968
17968
17968
46782
24933
17968
45958
17968
96904
17968
65513
2195
62276
93805
23412
16889
72091
65097
17968
17968
33617
55911
96904
17968
17968
24776
96904
17968
96904
73681
31354
48825
31168
32648
17968
96904
17968
17968
96904
86628
40241
53576
96904
96904
39162
86007
26380
26783
96904
96904
16659
17968
38522
96904
60232
96904
23730
17968
17968
96904
97277
9885
20357
59116
38405
14303
81553
60837
77196
42973
96904
96904
17968
9889
96904
17968
72125
36867
24713
69308
36893
96904
40575
96904
26140
17968
48857
17968
96904
59579
17968
88111
59899
45327
96904
19318
23733
96904
17968
17968
46674
44687
47993
13257
96904
17968
70027
17968
9755
96904
77552
17968
17968
96904
85354
4594
17968
17968
96904
96904
3213
15841
12803
96904
96904
80266
34619
45323
61020
5404
43240
83856
96904
17968
56002
17968
64404
17968
79513
17968
17968
17968
19872
17968
17968
86646
93818
96904
17968
7772
96904
17968
96904
96904
64045
17968
96821
35658
17968
17968
17968
60234
11662
96904
94106
96904
17968
96904
14600
36609
17968
17968
96238
17968
2917
17968
17355
96904
84
74282
17106
96904
58311
17968
9636
62012
96904
9440
17034
24407
94525
96904
96904
96904
17968
17968
33518
67822
63464
17968
17968
17968
61708
60888
30203
96904
96904
85308
96904
25911
96904
17968
44261
34237
14869
49744
16612
10035
85447
68540
17968
96904
6782
14807
17968
96904
30005
17968
78029
96904
96904
82592
72403
55218
20980
43834
63275
94170
20106
12592
71768
79241
6394
17968
77960
49364
73391
31990
17968
96904
96904
40676
10480
96904
96904
17831
1708
96904
67462
82668
57567
96904
20537
17069
98542
73376
61473
50504
86326
96904
29801
43964
11200
38434
48429
96904
96904
4246
46055
96904
17968
96904
17968
67817
17968
58441
17968
96904
52158
13603
41484
45589
96904
17968
17968
50020
96904
63242
96904
79164
84564
72585
74151
17968
56738
66784
24189
96904
96904
93288
74288
7082
18178
3326
81937
94561
17968
34269
95848
96904
10980
17968
78257
96904
33026
96904
96904
96904
51217
17968
24668
96904
73401
54885
16495
88432
33828
34428
96904
4650
37690
17968
39667
20905
17968
96904
96116
1586
16494
96904
96904
57268
96904
72817
96904
96904
67431
96904
96904
41392
96904
84
17968
96904
17968
17968
87706
61800
96904
17968
65023
67154
77152
53733
17968
20886
71814
83607
94734
96904
17968
85670
80221
96904
37232
34155
96904
96904
31594
67303
17968
81728
96904
17968
49202
80328
31544
96568
32831
26142
96904
96083
76304
17968
96904
38701
96904
17968
21492
1124
17809
17968
51402
86922
11457
54651
96904
38142
35796
96904
96904
27350
15597
99734
17968
96904
17968
42023
21024
96904
58636
96904
6650
62754
96904
90363
2288
34820
96904
79657
17968
93814
10765
17968
96904
17968
94197
96904
17968
17968
34685
96904
71849
96904
1463
81428
46237
31683
96904
61248
96904
17968
21466
25386
93843
17968
73639
96904
96904
96904
17968
48231
96904
96904
17968
96904
70592
11210
96904
84809
17968
96904
17968
33689
39944
17968
24971
96904
17968
88607
96904
65849
96904
74777
96904
24344
3453
96904
17968
96904
17968
55918
17968
68151
96904
25369
54183
1641
17968
38874
29243
38003
10156
27368
70763
28295
99615
22673
51767
46862
17968
17088
17968
5759
96904
1595
58906
21669
780
45998
96904
17968
96904
93145
96904
6076
86268
17968
35104
96904
17968
17968
96904
96904
17968
96904
24115
40812
74259
49933
66643
96904
60072
17810
60141
96904
96904
46786
96904
96904
24414
17968
17968
17666
96904
86334
25720
51462
96904
96904
58082
14301
22020
87890
96904
96904
17968
17968
60483
82002
26485
96904
6417
5687
96904
17968
54375
42670
11192
13
17968
17968
17968
96904
457
62313
8791
78829
17968
69852
96904
71226
17968
17968
17968
17968
55827
96904
17968
73173
61475
17968
96904
91191
76531
32754
81038
17968
96904
17968
83236
96904
34482
96904
96904
855
4633
28739
17968
96904
96904
51958
96904
17968
17968
2729
72189
47692
37803
17968
81377
17968
78957
77664
96904
17968
17968
52038
33725
43585
85711
66906
96904
24823
65349
27784
11162
51622
17968
39737
17968
2760
82056
27496
96904
79531
96904
17968
96904
17968
43635
46632
3122
12087
58898
92598
61047
11103
17968
17968
35308
97303
52171
74689
28319
96904
66527
17968
81969
5093
52514
58435
17968
17968
33241
74854
96904
74123
17968
42208
96904
87943
52526
17968
17968
96904
96904
17968
17968
20393
86852
17968
17968
69779
40739
96904
17968
66845
96904
96904
17968
2379
96904
2207
506
17968
98407
86698
17968
15611
17968
96904
16990
23299
1597
96904
2116
96904
96904
67248
17968
17968
17968
71237
96904
68939
86652
24155
96904
96904
47258
10553
70809
79936
8327
17968
37880
52874
17968
30188
17968
96904
8814
96904
38303
17968
30900
84477
77025
17968
86266
17968
17968
11656
95061
17968
99849
17968
77623
39211
17968
17968
28200
26046
17968
829
72385
42317
34712
54686
45474
70395
2460
7716
26653
96904
89756
17968
87246
21863
17968
17968
96904
17968
95372
469
18136
17968
17968
17968
93193
94893
96904
96904
53544
96904
60165
96904
96904
96904
37294
8325
91404
85614
17968
93897
96904
98785
17968
67153
18908
96904
89203
5481
97857
96904
17968
34185
67948
63612
75370
82864
86518
17968
8573
96904
96904
6519
96904
19699
17968
44891
96904
74071
96904
96904
6646
3028
8365
21094
15670
96904
2634
51882
16118
84048
96904
56401
17968
28730
96904
52652
96904
96904
16116
6105
17968
94081
68764
2137
96904
86905
17968
96904
37758
17968
21036
30495
50072
56633
17968
17968
96904
81798
81066
86126
71475
61787
17968
17968
55351
17968
48164
96904
26042
68082
35725
96904
75989
48775
17968
17968
68194
17968
17968
17968
37062
17968
8847
17968
32728
17968
4268
17968
74676
17968
96904
96904
96904
51880
18407
30998
46538
9335
96904
43400
96904
17968
52547
17968
96904
96904
92236
63440
96904
96904
73019
96904
2334
17968
17968
48291
17968
36855
5208
96904
96904
62777
17968
96904
4916
86107
83350
96904
96904
17968
9299
17968
92448
72947
17968
65162
49257
94251
96904
17968
17968
75857
96904
96904
66534
1950
25063
99430
54316
80194
59667
96904
55341
51451
17968
96904
46703
90935
166
28855
96904
72269
22783
81031
6689
95808
66868
30691
16212
81578
40237
66291
96904
96904
17968
64746
17968
96904
42662
80427
96904
96904
16162
1853
76608
76719
34381
45929
17968
10533
17968
17968
96904
31681
96904
17968
65137
51344
17968
17968
74324
20390
50767
17968
96904
54006
18996
62332
62542
60384
24921
17968
6070
96904
55141
29204
17968
17968
17968
99430
96904
16577
54274
6771
18050
3230
60318
5080
56790
96904
96904
17968
11826
17968
17968
98339
63623
6360
96904
86468
77034
72576
45702
81113
96904
84843
70399
27220
96904
17968
35834
96904
88873
96904
11192
17968
96904
49670
20684
40429
96904
94695
84213
88086
65984
96904
38127
41131
17968
5854
94563
2527
43747
38582
92526
8848
77646
96904
17968
22772
17968
59042
50770
96904
17968
26900
17968
17968
87388
96904
85540
55240
48348
19024
28078
17968
96904
17968
57569
96904
14242
32131
96904
96136
77744
69699
73651
17968
96904
66355
14572
17968
96904
11373
49568
17968
76430
94366
17968
6577
53680
29334
17968
579
79080
38647
7077
55117
17968
82552
63736
83990
17968
96904
28558
19479
26492
61863
7269
43570
17968
17968
24828
96904
17968
91102
67638
96904
91447
96904
17968
51797
96904
61616
29270
47781
96904
99378
93145
20953
37203
49617
17968
96904
74406
37170
41939
28499
33352
56783
5491
17968
17968
96904
37321
96904
52018
11808
90424
95110
96904
96904
47323
75271
48871
31726
52207
75725
25612
96904
82183
1607
17968
77950
6171
37121
17968
14235
96904
96904
4122
91516
96904
17968
91738
13689
17968
31502
51986
17968
11312
96904
39563
67188
39359
1247
96904
83576
29119
78512
10753
17968
17968
9362
56836
79858
96904
17968
96904
17373
96904
17968
16728
2410
17968
29105
17968
7347
32305
79314
52935
17968
17968
96904
17968
97414
67984
1171
17968
17968
96904
96518
57782
17968
17968
21362
51864
17968
17968
72960
22249
66472
17968
29126
96904
96904
66269
96904
96904
5331
5511
48598
9551
96904
17968
29021
96904
96904
96904
63672
22567
58934
2137
71237
96904
12815
96904
63249
96904
17968
71579
96904
96904
17968
85952
6977
3981
34045
91750
42360
96904
22602
97160
61863
3819
34321
17968
96904
96904
17968
96904
96904
96904
46615
1746
96904
85572
96904
85718
82371
34450
96904
96904
96904
2185
96904
57980
17968
96904
18104
6895
96904
66805
17968
76
4578
10604
96904
12275
11840
73339
25342
6328
17968
17968
96904
13756
26825
17968
96904
17968
56936
58176
76189
17968
17968
71614
17968
17968
96904
19264
27341
96904
17968
55616
24936
96904
17968
94596
96904
17968
34793
32036
9995
81841
17968
88769
17968
96904
83488
58375
7391
49250
37832
96073
10669
56952
17968
66715
17968
17968
59189
96904
90168
96904
96904
92919
5948
15679
5319
59379
17968
38174
17968
72816
37888
5181
41928
96904
96904
82995
53143
96904
74764
52616
73640
31279
17968
1241
2103
44038
69203
96904
72137
96904
15845
49728
17968
19983
18379
17968
84942
21808
43115
17382
63866
17968
96904
17968
69929
17968
17968
17968
91020
17968
35427
93384
3589
5867
96904
25009
12807
83707
95536
96904
17968
96904
86489
96904
75890
96904
76262
17968
79641
33914
17968
96904
45699
96904
96904
78286
96904
35168
58022
17968
62203
35205
47285
96904
50174
4128
67663
74515
87320
20702
84210
96904
64936
96904
96904
96904
92435
71460
96904
98480
17968
17968
96904
96904
95540
12529
17968
3613
30377
96904
38156
74107
17968
96904
33672
3297
17968
17968
96904
17968
32378
17968
96119
63380
96904
17968
85720
31916
12469
73026
200
96904
72190
96904
35515
99029
27698
7967
96904
91302
17968
53894
73891
17968
3036
96904
17968
96904
33286
22543
97316
17968
19353
97708
98456
96904
17968
73862
96904
6233
32014
43140
16634
7719
17968
76863
94836
2421
99470
34209
43916
61398
14585
17968
68746
53064
96904
11501
96904
71604
96904
17968
70780
35253
2597
96904
21826
64213
12019
17968
93752
96904
96904
96904
16318
96904
76681
32526
58667
96904
18693
26832
72917
17968
17968
7739
68511
96904
17968
32141
17968
58603
96904
69907
96904
17968
17968
23355
39718
62423
72618
17968
96904
60915
17968
9891
79302
41769
96904
96904
9002
17968
17968
96904
1228
17968
17968
96904
65187
96904
99745
17968
17968
7357
96904
96904
96904
21353
81466
28355
8453
9403
96904
97613
96904
43134
4039
53171
69248
17968
17968
26429
62101
17968
96904
53211
96904
39139
96904
74057
17968
96904
35146
17968
79466
17968
96904
15761
79555
96904
63323
2776
19942
93574
96904
17968
17968
96904
17968
17968
16576
17968
26269
12
51881
66987
17968
96904
29772
45461
17968
88661
9343
13055
14803
664
67943
60162
93849
43136
52270
65480
96904
24829
96904
11041
17968
61303
68776
96904
17968
85129
24027
45750
17968
10314
31230
96904
53172
84956
45944
17968
25088
90471
17968
96904
3891
1085
17968
51788
48574
17968
3058
9029
96904
17968
5319
83746
17968
96904
87134
25744
96904
88458
96904
1027
85226
26238
13072
96904
76843
17968
96904
96904
17968
94417
96904
17968
10520
48708
62873
22580
17968
96904
96904
72758
21498
50684
96904
5537
17968
96904
96904
59119
17968
347
65954
96904
96904
31216
17968
17968
96904
71203
26317
96904
25627
17968
81236
17968
96904
59177
18199
96904
23945
75649
96904
96904
60544
963
17968
14543
96904
17968
96904
60741
17968
78493
17968
11813
192
42140
19494
8089
25668
1777
96904
49030
17968
67693
17968
91865
96904
163
51951
17968
17968
96904
11942
96904
1936
96904
96904
43527
70478
17968
18103
49288
64261
17968
88563
48803
96904
90797
62834
96904
96904
53062
73299
57486
79658
96904
25575
39136
7142
69487
15815
13083
26203
17022
17968
46826
96904
6618
76185
6492
69732
42471
75879
20788
96904
96904
96904
56851
13006
67007
96904
17968
96904
96904
96904
9419
17968
17968
90163
18287
1360
96904
52382
96904
92645
96904
17968
17968
76490
64903
10586
96904
3692
17968
17968
89601
21938
17968
96904
51661
98791
96904
96422
55113
46621
63834
96904
73157
96904
14584
96904
96904
96904
17968
77000
96904
96904
1043
17968
17968
96904
96904
96904
96904
56570
96904
99895
17968
61963
17968
383
4018
17968
17968
41617
17968
44574
96904
49601
96904
96904
52995
77837
17968
47089
8674
12573
17968
96904
62566
68070
97080
96904
96904
21887
78118
17968
35474
96904
63984
17968
17968
17968
96904
97718
17968
72977
96904
96904
96904
17968
96904
31589
17932
17968
17968
19769
68820
7545
65825
85100
17968
20994
58718
99235
31571
82081
10783
59467
51369
12651
21464
53955
38525
65906
17968
17968
22027
96904
97756
98788
96904
96904
64027
29030
55396
96904
96904
45503
49121
90893
96904
96904
96904
19290
17968
17968
80276
96904
86523
93761
17968
96904
96904
17968
96904
7219
56148
9534
46189
96904
68080
17968
12201
4118
28733
87949
80213
55380
17968
4688
17968
30959
96904
96904
21006
17968
28703
72645
96904
76010
17968
14605
30807
2024
17968
17968
54792
2911
82343
37594
57149
17968
73731
96904
18425
52160
28404
14867
6685
96904
17968
57079
17968
50456
81297
17968
552
17968
96904
28371
96904
17968
17968
52480
96904
32607
17968
94
17968
28482
74635
17968
17968
17968
52731
2701
96904
96904
16173
96904
96904
15666
17968
17968
96904
17968
5964
42882
28703
96904
17968
9362
17968
95632
17968
66758
96904
51804
98347
1426
60675
91370
17968
69934
75463
96904
9672
96904
96904
17968
17968
82861
96904
50996
17968
96904
14167
96904
81468
37603
45629
95089
17968
96904
85938
49105
40125
17968
60547
62221
2421
17968
17968
17968
96904
1681
50791
17968
17968
96904
11766
96904
8864
17968
96904
17968
96904
41091
59028
17968
87087
19128
94254
51414
96904
17968
78814
17968
57258
9286
96904
21511
5114
96904
57809
14724
17968
17968
12257
24852
827
96904
96904
81274
96904
5648
72095
17968
96904
93146
8825
88046
17968
43874
87229
9140
30143
56416
49226
21821
47806
96904
96904
84320
48401
36860
96904
95190
10352
96904
84476
17968
96904
99251
96904
96904
17968
96904
28341
96904
41299
21700
39796
67042
95116
17968
17968
17968
31764
70176
68562
34529
17968
96904
46884
96904
36106
35088
72182
35028
64665
40972
24753
18466
17968
96904
17968
88207
71241
39905
10450
15780
17968
17968
96904
52741
96904
40433
78981
12252
96904
28884
97479
48923
14343
17968
96075
68780
17968
92418
9740
96904
96904
86925
96904
38217
53151
20613
55345
96904
38390
56413
17968
96904
96904
17968
5144
17968
96904
96904
96904
58837
88500
77681
96904
36488
90876
10112
17968
34320
65267
17968
15484
30607
5858
21769
96904
96904
96904
26580
84907
70429
96904
17968
69633
863
17968
12550
37553
17968
17968
96904
49492
17968
98970
34336
96904
85628
46867
5735
96904
79478
96904
17968
96904
21684
17968
34526
96904
23530
33342
72635
11475
44341
27618
41500
41000
15382
96904
96904
51752
3539
96904
96904
96904
9124
17968
17968
96904
45966
12266
25473
17968
17968
89697
44644
26516
17178
96904
24966
27484
77111
17968
97919
17968
55516
17968
81169
68347
18456
17968
17968
96904
17968
40607
8888
99866
5955
17968
31848
96904
17968
44397
6422
27676
96904
96904
17968
96904
96904
38667
58901
74092
78668
17968
93524
96904
17968
17968
22348
17968
31010
17968
96904
96904
84329
96904
11798
4456
39834
17968
17968
17968
90428
92749
51229
41914
84188
96904
17968
96904
7731
96904
36864
56630
3192
96904
17968
17968
28749
68824
18450
96904
17968
91850
17968
96904
17968
61993
17968
17968
17968
17968
96904
17968
91774
96904
21494
96904
96904
84779
96904
96904
7424
17968
41207
86522
54473
10669
17968
96904
59194
5635
81470
17968
29327
39415
17968
20527
17778
35139
17968
31990
96904
66112
96904
1750
17968
93856
75685
55847
22849
17968
20797
96904
4540
66968
96904
19009
17968
3097
1263
72006
78571
96904
17968
15216
96904
17968
96904
96904
55769
17968
98972
5504
12001
96904
91124
85936
84341
11414
17968
17968
11452
49318
17968
94877
93749
109
41679
74327
117
96904
85285
26406
17968
19537
17968
10669
17968
32424
5224
84508
64700
92447
38987
96664
17968
58015
96904
73003
20809
84508
86260
4910
77019
99074
37025
7116
33837
9946
33905
81283
90445
17968
17968
68499
67779
73538
12245
96904
88800
38313
96904
17968
58929
17968
69606
96904
17968
17968
25649
83007
53691
47276
96904
93859
98680
96904
87878
20442
94664
17222
1369
13367
17968
86035
17968
96904
90590
17968
17968
89209
32359
1389
96904
30084
98622
4324
86886
45613
17968
66630
96904
1152
56025
20412
17968
1411
96904
17968
85544
17968
80866
99571
48346
81850
17968
2959
96904
17968
78362
38173
17968
35728
2747
44525
96904
90561
96904
13560
17968
96904
42742
41361
37818
17968
17968
96904
96904
37362
73900
93020
17968
96904
96904
51446
17968
17968
96904
55281
17968
17968
98490
96904
17968
94133
3744
17968
38881
96904
96904
72606
17968
93954
1950
47359
27527
92597
20120
34271
96904
96382
17968
96904
17968
89538
75195
55839
70010
46784
56088
96904
91856
96904
23411
17968
84526
17968
45224
385
61020
27220
17968
2089
56626
49042
35394
96904
96904
96904
93279
71422
89743
59194
17968
32550
96904
60282
17968
96904
38983
75321
32999
27653
96904
88089
17968
17968
17968
17968
21537
85396
96904
17968
96904
17968
10552
96904
23398
8304
33943
96904
17968
96904
17968
17968
96904
96904
96904
96904
44226
96904
70730
96904
1912
67370
17968
17968
92799
6686
92005
52411
98648
56722
63455
33139
17968
96904
61010
96904
11160
29378
17968
17968
46273
96904
17968
43187
17968
96904
89824
96904
71174
98810
86262
96172
84222
57966
96904
62892
96904
75309
96904
17968
17968
81451
47231
89870
17968
48535
8073
17968
17968
91372
98598
48926
77683
45591
2841
17968
14613
17968
96904
6574
17968
9385
25240
2726
96904
96904
53997
33720
67052
63552
99539
75380
2122
24374
17968
84895
832
34042
96904
17968
41091
92699
26509
25500
96904
20858
96904
80229
22517
85872
67454
17968
22636
35419
78768
32999
75640
96904
17968
17968
17968
3949
24969
17968
48433
14425
79629
96904
17968
5410
24616
17968
17968
17891
96904
46263
17968
34168
57799
35624
96904
17968
17968
56405
96904
96904
21571
85627
64435
8205
96904
92874
96904
59269
17968
18965
13945
17968
45118
17968
17968
77215
96904
17968
17968
87893
96904
82735
32598
17968
52195
87613
96904
96904
1409
25318
96904
96904
38768
29530
17968
17968
62664
96904
96904
33542
59126
68493
96904
96904
78623
64177
96904
96904
17968
26512
50947
8001
96904
17968
17968
31183
17968
96904
67298
17968
36395
96904
17968
96904
96904
17968
96904
17968
90258
29143
86837
45776
17968
8344
17968
91071
17968
17968
9330
96904
17968
52452
55441
74307
17968
63100
12353
17968
96904
63129
79594
17968
8674
17968
47135
96904
38255
17968
96904
17968
15212
17968
88477
28260
17968
63686
23801
17968
96904
43454
96904
17968
17968
47141
96904
79064
63109
96904
82411
28733
64774
36043
96904
17968
96904
17976
96904
47989
1374
43539
17968
26506
71561
53000
53650
96904
62613
26958
17968
22784
96904
29438
98774
13536
17968
32227
63621
44511
12561
20471
67378
27406
77743
96904
96904
16662
17968
10255
12656
96904
3520
14450
17968
96904
35121
96904
17968
19578
50774
96904
17968
94386
96672
17484
17968
96904
79763
88048
7316
65609
9841
96904
44806
17968
75882
96904
17968
17055
47987
17968
96904
54318
6640
64784
17968
9061
96904
96904
20443
96904
17968
49490
60753
96904
49398
26479
51031
64213
17968
15524
1476
70641
17281
96904
96904
75789
17968
51862
17968
37965
96904
17968
83908
96904
10725
17968
642
62749
92756
96904
96904
7569
1140
69711
96904
18740
96904
84835
96904
96904
95361
17968
733
96904
17968
37879
84470
11875
17968
96904
17968
95219
93853
17968
96904
17968
10551
86094
17968
34615
27235
38182
26205
28349
10763
96904
96904
36634
96904
96904
65365
96904
17968
19793
96904
17968
96904
96904
96904
78043
17397
40890
48490
6557
96904
11254
96904
70136
97069
98165
62812
17968
31953
46693
17968
17968
96904
96904
96033
68622
96904
56479
17968
96904
17968
78679
61385
65068
96242
96904
79278
68143
76284
8259
96904
2819
14987
17968
96904
43051
59751
56130
71330
27945
65264
17968
16083
17968
94378
17968
17968
17968
17968
67952
85323
17968
17968
80397
17968
10756
96904
17968
17968
72068
89130
2090
37629
90114
22517
48071
2198
17968
16177
61870
17968
96904
14736
83692
51420
32481
17968
17968
53127
96904
56900
17968
96904
17968
17968
39599
96904
61337
40644
7333
96904
17968
19561
29834
52670
51726
36768
49384
14890
96904
29680
17968
48032
65388
87049
40047
896
25797
56546
17968
74963
96904
59292
57445
17968
17968
71741
84249
17975
17968
96904
82498
96904
17968
17968
58496
83748
74136
17968
17968
3597
96904
17968
96904
36235
62801
17968
44693
8897
96904
52326
70094
48044
17968
17968
17968
35566
10534
19097
48035
17968
43864
5706
80168
96904
23892
96904
9156
17968
96904
37332
46863
44097
2366
38881
34186
54072
60787
61356
88877
17968
83617
97616
3878
59996
17968
17968
35408
96904
7882
93414
17968
80599
17968
83782
17968
96904
4764
150
17968
18204
93687
34015
96904
69154
46463
53114
54826
17493
17968
30606
96904
96904
38550
17968
9651
96904
17968
94471
6308
17968
17968
75001
17968
17968
96904
17968
96904
96904
17968
96904
4371
96904
17968
96904
48685
16979
96904
96904
17968
17968
75419
96904
32025
14384
39928
17968
25050
96904
17883
45534
9488
25
22950
84240
17968
52488
22491
89421
17968
60380
17968
96904
33197
71654
4642
96904
96904
1233
96904
46983
96904
96904
76840
38444
96904
96904
7651
96904
17968
96904
17968
91234
84897
71618
11472
96904
61405
72267
94499
8501
13465
74937
96904
93601
38109
96904
17968
17968
99900
96904
26963
4080
2223
54306
17968
16898
74797
67343
17968
33473
38716
50623
40624
96904
95869
96904
17968
96904
96904
93187
84682
17968
42690
31867
71196
60083
89630
13656
17968
96904
96904
9969
76261
17968
17968
96904
42775
66705
17968
8370
96904
17968
58964
96904
74508
96904
67478
49493
96904
17968
58155
69960
96904
96904
17968
96904
17968
73687
45252
395
3628
24044
17968
96904
52613
6419
54970
96904
17968
94317
76904
68771
96904
25076
75044
96904
83502
17968
11444
17968
93537
24658
17661
17968
96904
67403
40588
17968
57158
99667
92240
96904
34334
38459
18276
93590
96904
43326
96904
17968
169
2379
96904
96904
96904
96904
96904
41469
96031
65790
96904
89977
85548
96904
25299
86902
79002
17599
17968
10618
17968
96904
57492
51565
89158
17968
17968
96904
67467
17968
96904
26528
52791
33639
2137
61576
533
96904
96904
13056
17968
30767
79998
96904
50682
1278
53231
17968
17968
18989
96904
9801
30728
47116
87497
17968
67687
87122
40432
63757
80131
72529
33849
3702
96904
30251
53085
17968
79175
96904
50808
17968
17968
17968
17968
57070
2185
36572
9939
17968
41857
96904
96904
36149
75394
14040
68808
62299
32239
44062
17968
89646
17968
84337
11587
17968
16369
96904
88742
70097
59034
35022
82952
62943
17968
75591
96904
83527
84900
26034
17968
96904
51926
96904
17968
31167
46298
96904
53140
19412
32206
17968
17968
64927
76954
45068
17968
27367
96904
78348
96904
20130
17968
96904
96904
17968
13344
17968
85317
17968
24899
17968
81041
96904
96904
96904
60600
42328
56136
17968
60040
17968
61258
40907
96904
17968
11921
17968
94067
96904
95059
7847
96904
17968
62220
17968
20508
17968
37809
24254
96904
96904
17204
74228
25938
38073
96904
96904
10277
43873
96904
43816
69040
17968
60894
9413
17968
51719
64754
96904
26428
68570
96904
96904
8352
11371
97060
41304
45806
75660
12398
65038
96904
59776
97133
62929
96904
917
41316
55682
15315
96904
17968
506
17968
96904
17968
88359
96904
59253
87561
71079
63447
96904
96904
98496
96904
96904
96904
18372
39951
96904
64441
81933
38066
53582
45497
17968
21511
49790
17968
17968
33051
75274
17968
96904
40228
96904
96904
64101
20038
90777
17968
17968
29593
668
77197
17968
17968
17968
24912
96904
2300
96904
97751
61964
3114
96904
87375
99982
85363
1959
96904
17968
80235
4080
96904
17968
87431
96904
17968
17968
58192
96904
2309
8624
92602
96904
96904
37253
69805
31288
35961
11182
49934
93004
75870
17968
92302
96904
21763
17968
17968
96904
85748
45864
17968
96904
40975
85845
67594
51798
4188
325
96904
7240
23965
88266
72218
94336
27673
27493
45286
96904
20336
96904
17968
17968
88665
50382
2217
93901
48431
5701
96904
96904
96904
96904
17968
54973
17849
96904
19817
15538
59880
17968
96904
5047
15983
22583
96904
17968
41932
96904
74962
18577
17968
2207
43344
17968
17968
91224
35807
17968
96904
96904
66493
96904
81118
29862
11548
92110
22444
53017
13028
55358
91118
96904
20486
74608
5781
96904
763
96904
25160
17968
96904
63515
39502
17968
96904
29328
17968
96904
61606
96904
96904
96904
34268
83501
93261
22462
13304
57095
3455
21345
93754
70428
96904
96904
7212
17968
96904
13561
8199
10344
17968
74129
83244
94783
28077
95070
22776
9305
67277
96904
17968
96904
96434
17968
9316
96904
59961
48800
89990
96904
17968
61152
25340
96904
31838
80447
96904
86732
96904
17968
17968
90597
17968
17968
24002
17968
75298
5922
87019
96904
35092
44370
49622
87038
4681
50142
96904
96904
45231
55936
87594
96904
96904
17968
33887
73823
68062
9778
96904
20317
16459
99655
96904
42753
3838
61078
17968
7932
616
21311
19568
17968
75141
17968
96904
44911
17968
117
10767
11243
75572
30008
46889
81724
85912
48306
27504
48922
27710
71049
34023
44124
17968
59944
36598
63801
80615
96904
69630
63567
17968
49934
1804
30982
80465
32612
96904
96904
29984
32612
28489
71318
7507
96904
17968
94978
96904
56671
96904
95067
53452
71436
24228
23252
96904
84319
15820
40623
17968
96904
31808
84943
7037
96904
50886
17968
19330
17968
96904
29023
96904
30862
81011
17968
78115
67485
13120
96904
17968
24642
49570
28639
70591
71488
62720
37506
96904
96904
96904
25099
48004
13178
16183
71874
22330
17968
6599
27061
79940
43974
85967
46198
93163
96904
96904
45570
96904
54047
4681
96904
1278
6357
67220
66488
93700
18546
17968
1826
17181
98277
32255
96904
96904
34275
11339
97909
84661
96904
96904
17968
70183
17968
57408
10218
17968
66273
33139
64610
96904
5807
28418
1248
65402
99189
89418
96904
17968
46881
40950
96904
331
88927
42561
96904
17968
53606
7322
17968
69935
96904
17968
17968
17488
73872
77712
17968
17968
60270
5681
89565
39451
28995
96904
43835
90611
49534
17968
19028
17968
71639
7225
96904
17968
96904
97450
36609
78955
97973
21857
17968
37131
18755
17968
77590
17968
79158
96904
96904
43393
4285
33130
3023
77598
34727
96904
45690
96904
42761
17968
83062
92969
89465
96904
40228
17968
96904
34649
96904
82565
17968
17968
84542
94911
17968
76
96904
96904
17968
21015
71654
96904
24969
25447
96904
70927
96878
26017
84828
62622
17968
83205
27626
16068
96904
27494
99572
17968
98303
77867
12977
412
55245
17968
32144
33141
60263
8765
25748
96904
17968
67514
1137
2013
17968
14706
12
17968
96904
7987
38780
27687
78476
698
61648
11556
8455
35056
89068
44084
56777
92075
17968
17968
96904
96904
97270
8913
1152
55630
56854
17968
17968
26107
84851
66453
2839
96904
9623
9502
17968
54362
96904
96904
93974
17968
96904
96904
43001
17968
17968
48458
25658
94818
59928
96904
8669
34085
17968
69565
96904
29266
1638
96904
40322
49483
17968
21745
64335
17968
81766
17968
17968
96434
96904
17968
31059
65875
64761
96904
17968
68448
72890
64810
96904
13664
68056
5817
3600
17968
17968
17968
17968
17968
60579
46409
14729
87474
95417
17968
96904
5022
17968
14673
2176
508
67351
70642
50704
7092
17968
17968
37991
67282
10913
9466
62223
43964
96904
7167
87708
96904
31491
96904
90626
10544
75130
62810
96904
17968
3681
96904
23295
76740
90017
96904
66513
2740
96904
92734
21707
29889
4713
53702
51528
96904
12111
17968
96904
17968
48485
96904
96904
70033
10566
5943
17968
86051
12814
33074
96904
17968
27296
96904
68057
62362
96904
50039
96904
3823
80204
63849
98655
96904
17968
96904
58579
17968
53366
51262
25762
68882
93667
42814
25088
96904
17968
96904
17968
51843
61241
30907
17202
17968
69741
17968
96904
17968
99470
75450
98886
75244
9179
60104
4505
56305
60549
17968
28377
11352
83191
96904
96904
96904
17968
40123
62705
96904
47547
39341
96904
22047
47735
94813
17968
5700
62482
96904
84944
38059
31941
96904
17968
59901
54685
46006
17968
96904
17968
61591
34883
96904
17968
96904
80143
96904
17968
17968
96904
17968
36650
50766
92414
35785
61330
18877
14527
38795
15397
10360
43848
96904
5513
17968
17968
67361
17968
44560
71255
83029
17968
17968
96904
79139
17178
96904
48942
17968
96904
96904
96904
36432
96904
3683
19160
37701
96904
9350
96904
80695
8278
96904
96904
43381
96904
53483
33840
16178
17968
67657
17968
85500
17968
75085
41766
70406
97544
96904
96904
27802
96904
96904
32192
63057
96904
96904
31193
96904
96904
96904
96904
88504
30865
35488
68077
21403
17968
18515
17968
17968
83337
94450
72894
17968
46451
1810
23806
17968
9198
24426
96904
96904
17968
24591
17968
96904
38960
22895
17968
91588
34672
78080
96904
22581
6683
99450
17968
86717
65609
80085
8327
17968
20846
17968
17968
14121
19635
96904
17968
42330
96904
91162
94627
80006
12623
15730
68568
11762
2692
32205
13256
17968
96904
4947
17968
20941
20356
47301
51805
50653
58740
78435
96904
10925
96904
38604
34919
23155
1756
25668
17968
96904
97255
65793
14439
30704
96904
3254
96904
15614
51134
96904
32690
17968
43721
10706
17968
83285
17968
15257
7280
70699
67326
17968
51490
25874
17968
5165
34691
74698
12986
27090
17968
96904
51527
22269
7606
17968
17968
41040
17968
96904
96904
26187
62331
17968
96904
69672
83226
96904
8160
84218
96441
18745
3316
17968
37740
2176
56562
51067
77311
22108
48054
69230
13499
4287
96904
95379
81433
96904
96904
96904
86861
17968
96904
3
65272
17968
96904
47274
96904
98288
37716
17968
49445
34627
25456
96904
16686
96904
17968
17968
24256
96904
6639
35308
64413
62616
45534
79670
96904
22867
74059
20085
96904
83699
17968
88965
36957
17968
41934
17968
35498
47295
95430
94569
60167
83779
37572
1978
48711
56490
96904
17968
96904
88722
64314
17968
90762
63411
17968
17968
1195
98545
40731
48647
26936
51378
96904
17968
75257
58263
92141
48112
46817
96904
96904
7686
69080
63599
17968
41818
66177
5573
17968
2992
17726
81312
10230
41431
96904
1333
17968
8386
51687
17968
56224
45406
96904
69065
96904
13253
17968
46775
96904
11158
96904
96904
96904
41782
96904
63527
92120
18487
18263
96904
30488
74158
17968
23221
17968
96904
52606
76696
96904
89591
17968
96904
32431
61541
96904
72274
17968
6426
96904
759
17968
96904
96904
6326
44708
74633
17968
96904
22517
17968
17968
17743
80566
96904
59619
17968
96904
13502
94643
96801
96723
13977
17968
17968
96904
73241
17968
17968
50578
36378
96904
96904
96904
96904
10802
17968
26079
17968
57347
17968
20897
98971
96904
17968
650
16617
95160
96904
17968
13007
1137
26349
72595
17968
17968
17968
96904
96904
9995
24622
65923
10791
17968
17968
96904
96904
45049
10974
96904
3891
35564
96904
87758
1492
96904
40639
96904
73662
17968
77719
17968
6445
882
96904
17968
17968
9454
96904
94231
96904
17968
48197
96904
24567
29892
37936
17968
71660
64136
17968
41336
50298
67825
96904
15931
17968
96904
59199
58767
67055
99901
18531
96904
70916
2749
56311
2429
86861
33853
28230
12235
34599
35877
96904
17968
43873
96904
17968
46873
94646
68605
17968
96904
95004
47267
78699
96904
48848
35271
45465
23259
19258
17968
62436
17968
17968
17968
96904
1847
37887
32273
17968
71302
7765
99303
17968
17968
17968
17968
47293
12016
11168
17968
66949
30752
51298
55243
69459
89766
92563
96904
8092
52972
88172
63350
96904
93630
96584
96904
17968
17968
23403
17968
92831
8530
8758
37240
13949
96904
23595
18950
98998
50507
30359
17968
48416
45747
59790
52444
7301
48682
10168
96904
96904
17968
46212
96904
68839
44596
17968
13338
96904
77104
15446
17968
43407
92381
96904
17968
17968
68800
44935
59441
17968
17968
61233
68714
17968
22926
6568
42144
61541
25342
20640
17968
17968
17968
32516
53010
80379
87833
17968
61430
44020
17968
96904
81439
17968
96112
13601
46165
96904
76390
17968
66896
17968
31326
5471
62043
96904
17968
96904
17968
96904
72270
55907
95747
17968
95815
96904
93270
42254
38810
53289
17968
96904
89000
3527
68767
94206
17968
17968
94742
17968
96904
78269
17906
96904
96904
17968
17968
4302
17968
15360
17968
17968
26696
17968
68524
42005
78870
96904
59573
36968
925
82447
96904
96904
71918
3693
17968
6108
70796
96306
17968
6795
58409
17968
17968
17968
96904
18103
96904
17968
17968
22806
96904
56659
32455
67831
96904
44814
77819
99152
17968
17968
66116
83023
8237
91048
17968
24592
17968
79636
85060
96904
18739
18629
72809
19204
27404
24073
96904
64173
96904
17464
17968
4951
32615
14106
17968
17968
17968
96904
70421
27072
96904
17968
14827
96904
42473
17968
17968
51647
6497
17968
3589
17968
95705
96904
96904
96904
15545
96904
52631
17968
17968
50827
96904
96904
96904
71385
29776
78154
84920
96904
96904
66208
54857
29680
99260
99205
17968
96904
4880
77361
25378
96904
68385
96904
17968
74588
17968
89364
27407
96904
39900
17968
17968
17968
25973
47147
13443
40185
96904
63278
55484
71141
65648
96904
17968
96904
91637
74521
71702
40877
80013
18318
17968
17968
15219
24419
25362
79162
37192
17968
33483
19583
44421
104
96904
1852
38339
96904
74875
17968
6146
63957
17968
17968
71278
73530
96904
60336
52754
17968
17968
24642
16090
96904
97808
17968
62993
1017
84506
96904
10898
4368
17968
96904
84551
84584
2601
17968
55137
17968
34542
1152
61046
45081
53995
26794
8373
96904
46636
17968
14217
96904
23875
26005
39133
17968
13266
17968
47132
17968
9254
28832
55691
17968
17271
54500
17968
21748
17968
96904
17968
7811
96904
17968
96904
72713
96904
17968
17968
90911
95064
17968
86215
34111
46045
96904
73178
99470
11111
55752
49697
28585
5589
17968
99357
10962
73529
96904
96904
94381
52637
75458
28115
96904
17968
96904
17637
19911
87051
94644
96904
17968
51241
84782
30669
12067
42808
17968
96904
83124
43905
1312
13774
17968
17968
97874
47530
15298
91775
23871
17968
26737
17968
96904
17968
47072
96904
19189
21111
17125
17968
96904
17968
65718
96904
46260
64277
64035
59545
25308
96904
17968
17968
11004
17968
17968
80986
96904
33927
96904
51521
37709
96904
58965
76875
95732
96904
44784
96904
17968
70460
18160
96904
43602
15153
4686
96904
9978
96904
50496
77098
84807
96904
95522
85516
17968
96904
11687
17968
96904
17968
96904
8103
27992
83964
17968
96904
65989
2427
95804
73088
86207
98701
17968
23745
58510
7728
24889
39639
19166
85915
17968
17968
15317
85648
17968
96904
78456
1633
17968
96904
17968
96904
96904
69650
3326
96904
17968
96904
14768
11994
96904
55317
79828
22105
85217
35608
89324
74995
96904
48223
17968
78650
17968
31922
96904
40573
58012
17968
96171
9829
6661
52551
3340
96904
17968
96904
17968
96904
96904
36711
75798
12928
27375
26052
96904
24444
96904
96904
96904
87216
96904
51059
96904
10670
96904
1549
33458
63492
96904
78018
88861
96904
17968
65655
17968
96904
17968
83799
17968
17968
58132
80558
39628
20567
28369
96904
98287
25900
53297
49462
29310
96904
17968
5515
81779
52174
99643
6343
17968
75918
1634
17968
96904
17968
17779
41057
9367
43583
25331
96904
7308
96904
86200
17516
12237
17968
56823
25524
96904
16291
96904
87379
13013
17968
63542
78100
55506
49982
44800
17964
17968
96904
59844
17968
96904
73580
59627
18639
728
17968
96904
17168
96904
38917
71711
61658
57926
37000
96904
96904
96904
3583
59750
67682
60990
22583
88672
6534
29456
96904
96904
96904
96904
70422
11412
44150
17968
96904
18075
96904
17968
47124
53281
24970
23051
56206
41081
96904
44658
42902
16568
17229
96904
96904
2310
96904
17968
17968
52795
96904
78407
61928
19771
80570
96904
96904
79739
96904
64918
63098
14537
4578
61042
55103
53083
19052
96904
96904
38048
17968
17968
17968
90539
96904
17968
96904
24966
73989
35371
76765
15362
30865
19068
14284
9076
87439
23913
79190
9351
948
85712
17968
48000
64743
19761
17968
17968
17968
29369
17968
28009
96904
33307
44667
96904
11561
23161
17968
17968
17968
73843
28001
32711
41922
20714
64437
96904
96904
17968
96904
96904
17968
59969
96904
96904
74462
89221
17968
96904
13408
50005
64876
17968
45546
3667
21367
23726
411
83066
1652
26420
17968
70296
96904
71994
96904
89685
32126
42474
5414
96904
59773
53958
17968
96904
17968
17968
96904
14360
96904
96904
96904
43845
17968
96904
17968
30905
17968
50574
96904
17968
95282
17968
17968
26986
43454
31212
96904
43351
98118
96904
17968
7459
17968
24034
70888
56134
17968
73093
75771
61382
77807
42368
96904
17968
17968
49188
17968
94007
13595
97729
17968
33303
8635
98657
44225
96904
90283
4333
25880
28494
96904
68827
96904
96904
17968
95802
96904
58964
23605
17968
72371
96904
55841
62153
96904
96904
98285
67414
18503
7800
17968
97049
57586
34538
99524
17968
27568
96904
96904
96904
17968
68563
17968
21882
64476
35728
10116
17968
75091
17968
17968
26144
17968
54737
17968
60707
96904
69430
77489
88127
45807
17968
55694
96904
50726
29274
96904
78193
96904
82545
17968
62087
17968
96904
90828
53335
96904
70972
96904
77168
68075
78452
90627
52812
96904
975
57114
33213
96904
2849
17968
56908
43830
17968
7563
832
6566
4730
52450
2592
26639
17968
94801
96904
17968
77760
63240
96904
94455
96904
29113
94841
17968
86891
80374
96904
5568
96904
79231
96904
558
77337
86907
17968
96904
3683
96904
72240
96904
12102
96904
96904
96904
56964
28632
32210
17968
96904
73551
82238
98224
9198
96904
99624
96904
96904
96904
17968
17968
17968
17968
73128
91052
63513
13986
42331
45336
17968
45716
78179
4681
81621
17968
17968
17968
96904
27603
8634
17968
96904
2275
78059
24386
96904
39520
85315
55300
61679
96904
81034
81106
17968
2758
17968
96904
96904
48966
10486
24843
17968
77714
96666
35587
50972
84097
39897
943
17968
96904
63294
29790
80032
50212
37856
96904
65467
8714
17968
62054
96904
96904
23925
96904
17968
17968
16075
7125
17968
17968
64617
96904
26856
61292
34835
17968
12945
15125
71051
8536
20772
96904
17968
390
76788
15820
94285
96904
16762
96904
17968
3982
90071
17968
96882
17968
17968
92507
4998
21038
52542
17968
17968
99158
53090
17968
30742
18526
24865
90686
72466
16639
53125
96904
14743
88155
96904
96904
43921
87725
28195
96904
17968
17968
45261
27363
37823
55992
94211
17968
18663
64153
4390
81906
17968
80234
96982
96904
17968
17968
66928
53422
25018
17968
96747
17968
17968
96904
95915
71385
44614
96904
15474
82157
96904
17968
19929
76418
27409
51931
96904
17968
90552
17968
7397
17968
4371
96904
14520
17968
72527
17968
17968
17968
34875
96904
55691
96904
24374
45247
90908
17968
78610
17968
96904
82834
25707
48461
17968
76429
12096
17968
17968
17968
96904
65972
56402
24840
66371
65474
17968
17968
15643
7256
48696
8907
79284
17968
17968
61339
96904
75248
96904
96904
38012
96904
34240
14987
96904
62430
96904
96904
72337
65721
17968
17968
43079
26378
27410
17968
40753
96904
28472
96904
17968
96904
96904
96904
75675
17968
92244
73091
55670
70473
72640
99011
44864
17968
51872
24966
96904
88768
96904
17968
7318
96904
17968
17968
72444
17453
90286
21053
17968
17968
96904
8854
41714
96904
78835
2786
96904
17968
95557
77665
3428
96904
38971
96904
41669
49334
60424
9187
48024
96904
17968
17968
96904
89407
99668
85850
17968
56083
17968
17968
31145
56191
1707
96904
15214
96904
9313
7528
17968
17968
17968
96904
25117
17968
99562
29859
30950
17968
87391
17968
40786
59142
96904
71214
5567
96904
17968
12305
5850
17968
96904
97282
96904
33309
17968
44061
17968
17968
71086
96904
20555
58185
17968
38845
31727
17968
8403
13380
17968
25462
17968
96904
16102
59585
96904
8057
17968
47195
85439
61370
16746
47235
27323
90872
96904
96904
17968
21335
59754
96904
96904
93929
51320
17968
63969
83362
96904
10299
17968
17968
84933
84898
92104
79423
78719
51529
17968
17968
55503
533
96904
48669
96904
17968
29832
41233
23217
96904
17968
26235
65688
96904
36344
96904
96904
7348
17968
96904
32124
30105
63095
83520
62034
14450
63732
96904
17968
17968
98943
34520
50176
96904
44627
6598
17968
17968
59453
63802
96904
98189
3682
96904
94528
7345
17968
36314
96904
92185
96904
17968
52316
82601
2513
61978
96904
48494
96904
17968
48203
92574
70250
70401
19859
17968
51247
84684
28071
69919
90141
17968
17968
58203
9441
80589
96904
42992
17968
96904
17968
29508
87674
37690
50818
3928
670
62883
11460
85807
23525
96904
32510
48234
17968
17968
17968
34839
96904
17968
17968
96904
2379
96904
92339
24460
96904
17968
8309
34158
22134
17968
44352
1062
96904
96904
49997
17968
96904
17968
17968
25254
17968
96904
47099
17968
17848
96904
78825
63470
65438
17968
36869
68065
96904
28658
96904
67284
96904
26048
128
4426
18282
96904
13084
96904
28861
96904
17968
96904
46141
17968
21593
17968
96904
17968
71344
71417
99211
18626
17968
88944
17968
12994
84985
96904
17968
63482
2221
22413
32217
2520
17968
34036
17968
2027
31710
73534
96904
49218
8589
96904
85199
92950
41425
20931
72920
76319
74443
85996
965
17968
96904
24443
91699
17968
34954
96904
32087
17968
42520
17963
96904
17968
96904
36071
17968
10681
17968
55152
96805
3670
9723
96904
69574
96904
17968
96904
96904
17968
17968
17968
17968
84249
17968
17968
98211
39578
75071
45052
28182
17968
17968
96904
96904
22138
61664
96904
18444
96904
96904
75322
17968
29629
17968
67139
59619
17968
17968
29565
96904
96904
96904
17968
31981
85492
79084
96904
33160
39782
47842
10021
17968
25558
96131
56142
96904
66198
10238
54660
96904
93237
35365
30784
12939
17968
42709
87191
46895
17968
14886
96904
17968
87013
17968
96904
37771
96904
9508
51671
13232
50943
17968
17968
24320
17968
96904
17968
34007
92132
12526
87610
17968
96904
96904
17968
89863
13156
64552
96904
96904
17968
96904
17968
23780
17968
96035
17968
54298
21537
82213
22758
14503
54363
81333
96904
72211
96904
17968
96904
49519
27980
96904
91072
45249
17968
97647
96904
17968
41095
57374
34159
96904
17968
46028
96904
5283
50320
96904
22749
45010
56103
28871
13695
31802
41450
96904
96904
96904
17968
62314
78575
14453
61428
17968
26406
71872
96904
31798
19706
17968
96904
96904
27622
17968
50803
17968
96904
24038
50196
83618
74104
689
17968
17968
33183
17968
17968
17968
96904
48855
96904
35488
74769
17968
96904
13592
96904
17968
1414
17968
17968
90737
17968
60883
94558
17968
35041
96904
96904
57743
22784
3660
69090
17968
24920
17968
45335
17968
17968
9633
7957
17968
96904
1917
94216
25397
7243
98642
64669
53428
96904
96904
21522
8650
96904
62131
84629
93876
9772
97589
96904
96904
96904
31307
17968
96904
17968
96904
17968
72256
72549
17968
61951
70458
34908
50925
17968
8393
85238
17968
96904
17968
17968
70167
96904
53822
11514
1371
17968
1546
73637
46854
17968
19228
64494
56934
72782
96904
96904
96904
82751
52049
17858
96904
37624
5218
50900
59043
17968
89570
96904
54861
96904
96904
91522
33917
96904
5812
56121
94128
63678
17968
40768
96904
89178
17968
77647
96904
24781
91623
17968
11509
17968
17968
25711
96904
96904
96904
90616
17968
2877
96904
11723
17968
20046
83415
29859
47793
96904
60165
17968
40538
41160
84639
96904
63760
17968
96904
17968
96904
96904
17968
17968
81463
17968
96904
42274
9076
72669
51265
69872
30033
17968
27485
96904
96904
17968
37944
17968
96904
96904
1233
96904
17968
17968
61359
96904
37192
96904
96904
80759
18930
40028
39911
427
34122
9496
6529
17968
96868
96904
17968
17968
34934
17968
17968
12491
81719
17968
16986
96904
96904
46054
42988
96904
96904
17968
74706
17968
17968
96904
40006
47450
17968
14040
53482
17968
93623
96904
76082
96904
31260
13199
3179
96904
96904
61599
96904
17968
97175
17968
73060
28157
53473
18685
16658
17968
15753
49489
80564
14080
96904
6081
5643
96904
17968
17968
26861
17968
84142
70357
70409
96904
96904
96904
17968
1851
22839
23929
17968
70281
74043
43384
96904
28623
80179
19178
96904
36426
17968
97298
17968
96904
4181
96677
47886
54455
96904
17968
96904
17968
79876
17968
17968
1972
11361
96904
77607
96904
32782
32403
96904
96904
21369
38810
7177
98271
81726
96904
49832
19538
30397
96904
8574
93060
1626
1752
17968
5858
86145
17968
3332
13317
96357
17968
82467
27621
17968
17968
17968
96904
47901
82240
50226
22719
65063
99153
17968
26512
17968
60806
45614
96904
81901
66339
99231
17968
68288
96904
17968
28574
11356
17968
96904
88402
29764
17968
17968
17968
96904
91641
17968
31068
17968
68466
17968
64297
17968
21797
96904
31745
17968
17968
96904
17968
63120
17968
1738
25407
17968
61472
17968
89698
17968
96904
34139
96904
69804
62999
96904
17968
81502
96904
17968
96904
17968
96904
88408
64379
92780
28124
19059
17968
54354
17968
10011
96904
96162
47853
6677
35532
17968
96904
17968
9214
82404
17968
18964
17968
17968
81894
9623
1004
3597
96904
75691
75562
98651
98540
1233
57919
90858
50824
96904
36274
79014
64225
70372
81363
18474
16034
80519
96904
68133
66572
83432
17968
17968
64820
79654
25641
59309
11325
96904
17968
28503
95748
17968
42791
17968
72255
96904
96904
38136
98335
96904
17968
90245
40680
48268
96904
99639
26139
96904
9834
76322
72144
17968
69269
17968
96904
25265
96904
96904
12398
17968
96904
85288
16892
17968
96904
72866
17968
63884
17968
17968
94293
17968
17968
96904
96904
12348
58627
96904
50693
58466
42470
36510
44836
17968
17968
8102
41815
68097
17968
43903
63308
17968
96904
17968
32910
22246
96904
16165
96904
44935
93322
17968
17968
18652
2420
17968
5498
17968
3592
22673
96904
96904
17968
81674
60776
96904
17968
56035
96904
29673
30084
1014
96904
28620
96904
96904
17968
57679
86218
17968
29778
79882
8576
96904
875
13861
96904
17968
96904
37160
44847
96904
37289
21886
96904
96904
37963
17968
17968
53697
96904
96904
28144
96904
92494
79533
17968
99056
96904
91969
37373
17968
51375
96904
96904
94470
28703
14180
62593
12826
26196
3930
17968
17968
10418
98563
89457
17968
17968
17968
97899
17766
59473
16358
55766
17968
7091
66546
96773
96904
17968
96904
71977
84365
95329
17968
27664
14535
20498
17968
65101
1729
53865
96904
90798
5301
36868
31512
96904
17968
24990
85746
17968
17968
96904
90928
29067
64054
30275
46807
17968
77570
49360
96904
17968
96904
96904
76064
96904
95413
17968
96904
17968
94024
99771
79078
88175
31642
91106
17968
17968
34194
17968
96904
17968
17968
17968
6620
34626
49756
40030
96904
7759
52761
58480
13
96904
41518
56054
57511
96904
17968
85014
96904
96904
34355
96904
92819
69872
27982
17968
35582
96782
9766
16539
23602
70941
66571
32278
73382
96904
2268
96904
77627
46958
60691
17968
96904
2721
6421
6615
61503
17968
17968
60692
47098
28055
17968
96904
31935
13423
17968
48504
12765
39923
17968
67458
96904
72991
96904
17968
96904
19231
79405
50416
17968
44186
34783
96904
56555
96904
96904
96904
75291
17968
17968
17968
96904
17968
74912
2174
17968
56950
96904
12387
17968
49243
17968
9402
17968
96904
49454
17968
7095
96904
17968
96904
17968
17968
43739
11253
86251
25
99281
29839
6569
96904
47897
55053
58610
17968
37758
96904
17968
38637
69757
96904
96904
2284
17968
90996
28256
17968
28441
96904
96904
17968
8921
74273
7887
96904
96904
20994
96904
17968
43333
95993
17968
37821
17968
29210
52704
96904
17968
17968
96904
12672
96904
17968
77955
20411
18972
58231
96904
19457
77592
96904
3999
21041
95651
87076
17968
96904
40636
17968
17968
36137
75456
7252
17968
17968
47927
56101
17290
17968
78525
17968
17968
41569
87749
62345
96904
96904
44588
17968
6842
96904
57193
1227
88802
17968
52757
96904
78965
17968
96904
33114
71393
15553
26916
20302
59796
34308
17968
5362
96064
3257
84619
17968
55369
22415
17968
94625
11371
19229
17968
66754
36053
96904
20244
18845
74770
96904
96904
80551
17968
54899
57032
82733
17968
96904
19279
96904
17968
17968
63266
9127
86324
57096
38947
17968
92971
1234
65402
19901
30112
18269
96904
17968
92894
60381
25762
96904
79181
60434
17968
96904
65476
47346
96904
96904
75611
17968
39972
96904
2510
96904
17968
96904
4039
27200
17968
57941
96904
92117
96904
17968
29851
74364
17968
56548
72492
21384
58991
96904
17968
28840
17968
96904
17968
17968
96904
93172
51559
14373
17968
96904
68789
26289
50641
33864
96904
96904
82642
87593
12
17968
17968
17968
2786
17968
34212
24717
96904
17968
8724
96904
56516
99060
75318
96904
89236
96904
17968
66421
96904
17968
82007
96904
96904
83323
47259
17968
28080
38461
2570
17968
33746
17968
9534
96904
17968
28299
79716
96904
12747
83615
80627
88985
17678
80345
17968
96904
17901
51998
5376
31531
57371
96904
96904
14050
44740
17968
77290
65464
40091
72587
87215
9281
17968
70860
17968
5297
96904
56343
96904
96904
36248
30527
96904
17968
17968
17968
96904
33026
41864
96904
42895
96904
34570
32647
52092
46333
17968
96904
18803
1067
96904
81902
28797
96904
17968
17968
42648
17968
70248
67464
17968
87613
17968
57730
17968
17968
79153
96904
52531
23331
95506
96904
96904
41177
15713
25219
51154
38055
37237
13178
91103
17968
17968
96904
55319
88954
96904
17968
17968
96904
3832
91371
4187
73684
96904
40626
82434
2807
29921
64127
85514
96904
96904
17968
17968
16898
17968
96904
96904
70102
24114
17968
17968
98928
67832
65831
56219
62144
29638
60224
94531
38312
73322
84464
39128
96904
17968
96904
17968
54115
96904
66587
28243
34024
96904
17968
1124
96904
39108
17968
17968
17968
17968
91840
17968
35314
79927
96904
17968
78578
57011
96904
72832
17968
17968
17968
8044
17968
17968
24480
29182
17445
17968
96904
17968
96904
17968
96904
17968
48372
99134
87511
17968
17968
96904
74529
1978
7983
48437
49210
56865
17968
17968
17968
96904
29017
96591
43683
96688
96904
96904
29627
17968
6896
96904
96904
62810
53007
83891
1324
46811
33477
51937
5788
17968
96904
17968
17968
30288
57339
70782
87550
17968
51518
17968
37954
17968
89607
13334
96904
4827
6872
52769
2876
17968
96904
96904
96904
73044
17968
11151
96904
69878
36592
2340
16583
14660
84781
48905
39301
8243
17968
17968
17968
37792
96904
73672
83613
96904
38483
96904
17968
17968
96904
12172
7132
96904
17968
18379
96904
44317
96904
71000
38386
86697
61644
4775
17968
10683
96658
68094
17968
16528
17968
78281
17968
59946
17968
96904
96904
36304
30564
15451
65880
10988
14345
61879
48819
20822
92194
46289
75519
63268
45070
96904
61917
96904
17968
23169
59786
28480
55403
33384
96904
96904
59649
33393
17968
17968
96904
19407
17968
64690
34952
17968
9385
96904
17968
17968
17968
17968
17968
17968
17968
17968
17968
29458
6058
96904
48049
96904
14551
17968
96904
15568
96904
17968
13443
53501
3057
96904
17508
17968
17968
96904
17968
17968
37937
19896
85893
96904
62676
17968
62336
2187
32453
96904
96904
17968
96904
96904
96904
97633
15272
77347
54871
17968
39064
17968
39960
41853
48711
96904
17968
96904
96904
96904
39037
96904
96904
97178
15202
27595
17968
17968
84595
96904
17968
96904
17221
72787
17968
52223
17968
41041
21645
20080
17968
17968
96904
63074
53744
31988
36562
80368
58326
12167
72456
17968
96904
29587
96904
15594
13246
98726
70857
70982
17968
8806
937
42169
36260
29202
17968
93913
96904
41168
44401
17968
96904
39720
98281
4634
17968
17968
96904
96904
67139
96904
70604
96904
65491
56830
27497
17968
96904
17968
96904
17968
8090
96904
24798
96428
94493
48909
23568
96904
59778
17968
71462
49298
87644
29638
34425
17968
481
26387
90890
89873
17968
17968
96904
86239
17968
58290
96904
17968
22926
72078
17968
96904
8859
17968
88174
96904
99685
67747
77134
55516
15550
17968
62447
95547
6727
38246
17968
86013
5600
8686
83376
96904
52081
17968
17246
17968
82379
91666
17968
17968
96904
30794
17968
96663
36890
96904
84683
33077
44098
39217
15948
95858
18710
17968
17968
76568
57719
19762
24629
40142
96904
98884
61730
34199
68147
96904
96904
83843
76223
96904
17968
83752
79371
17968
17968
17968
10530
96904
96904
34003
31237
17968
17968
17968
8766
12512
80915
46825
49517
1194
96904
96904
68150
37609
9506
17968
39140
45392
17968
96904
9685
17968
75915
35427
96904
57902
17968
17968
27584
17968
96904
96904
43006
17968
17968
96904
46400
17968
96904
96904
27746
39849
17968
70620
96904
60588
96904
45256
9521
17968
16157
96904
33398
96904
27929
58798
84075
58682
41609
17637
94325
17290
17968
96904
96904
68726
34887
77891
73345
53581
79452
56323
20387
96904
96904
8430
23181
17968
17968
96904
17968
31915
96904
22159
8234
96904
17968
58610
97545
96904
39294
95919
17968
96904
87704
50756
54408
79884
80127
41981
333
17968
17968
96904
96904
50913
61969
13574
74340
79214
10031
56634
8535
96904
96904
17968
40507
42625
22049
90441
96904
65767
96904
44010
20777
96904
7364
96904
26549
17968
17968
17968
2043
96904
17968
17968
96904
40697
96904
96904
11299
43052
54667
81836
96904
10489
96904
69468
17968
17968
96904
88523
17968
96904
91446
48136
66729
16331
96904
3009
63618
17968
48889
68738
96904
84698
96904
97600
81793
29923
82328
17968
96904
91719
17968
15256
96904
85450
96904
8275
96904
61905
17968
44588
96904
26317
17968
17968
17968
63936
17968
15352
96904
43942
12312
45139
49242
96904
96904
17968
31178
17968
7865
96874
96904
96904
50101
17968
17224
83188
66886
17968
48838
96904
81112
85264
96904
10184
17968
18718
94193
91071
96904
9990
6970
96904
96904
96904
7041
56407
17968
84439
17968
58264
772
17968
82580
8265
40401
17968
81042
127
96755
17968
56394
28341
16015
59826
96904
96904
17968
96904
53787
90033
96904
96904
12561
30652
96904
59058
96904
17968
96904
59966
87920
96904
833
95873
74139
3087
10909
27064
89002
99803
96904
79757
9860
39267
27681
96904
17968
96904
15328
89644
88287
26907
79926
90384
88581
17968
96904
7660
96904
52579
66096
96904
96904
96943
34649
42046
16022
64656
55942
61222
96904
87474
17968
17968
79629
96904
17968
18496
17968
17968
96904
24476
88159
61828
96904
17968
96904
11502
22480
59151
5751
45732
62067
11947
51765
81139
14254
37169
74967
55983
17968
17968
68365
17968
17968
87736
87444
64275
17968
71964
20822
22313
84318
96904
17968
23231
95720
33702
19891
87782
51846
46238
17968
17968
17968
63691
17968
7307
7783
96904
12130
96904
96904
29104
84573
20052
26073
17968
17968
2844
31344
42858
37262
96904
99112
8870
38927
48557
85267
83821
17968
96996
96904
38426
93609
24203
96904
96904
12501
76157
17968
96904
64699
23832
17968
24810
17968
17968
17968
85877
42635
18363
432
96904
17968
37462
92876
96904
17968
96904
91061
97499
54056
96904
96904
17968
96904
38436
17968
96904
17968
40488
24404
15775
20120
30979
17968
17968
5468
17968
81708
42653
17759
17968
91571
17968
17968
139
82426
79164
17968
97742
66846
17968
17968
13035
17968
24470
43415
96904
96904
53494
70557
96178
17968
96904
98056
17968
94658
83870
72891
96904
96904
96904
44757
40490
37351
41730
85288
33178
96904
21878
96904
17968
17484
13682
34311
96904
17968
56721
41095
96904
17968
17968
96904
39109
90210
96904
96904
94535
67349
16888
25901
17968
45553
43038
55904
96904
96904
17968
96904
37785
17968
93859
88668
96904
17968
96904
96904
17968
17968
17968
96904
17968
96904
98173
17968
64827
25602
96904
7765
96904
17968
96904
64942
15888
16668
17968
82670
17968
58888
17968
96904
17968
96904
17968
26115
17968
74026
96904
17968
20244
46506
5051
96904
42733
75458
80982
15337
37202
17968
26467
92319
28374
96904
96904
60584
96904
90816
17968
17968
95332
26485
96904
89588
78419
62486
96904
97000
25650
96904
17968
93725
84361
24809
11539
96904
31301
20431
96904
17968
96904
17968
17968
15653
21011
84200
11823
99239
73701
17968
42579
17968
17968
96904
17968
17968
17968
96904
8041
85525
96904
81439
17968
17968
17968
56151
2516
22077
96904
17968
74580
96904
82240
50287
96904
16092
62211
96904
6509
72461
31439
96904
41986
17968
54909
78911
48774
33917
62390
49610
47933
17968
96904
17968
96904
41158
44369
96904
17968
39824
63309
96904
19524
96904
6153
7962
96904
17968
55032
17968
35849
17968
2116
72780
17968
21323
17968
4852
17968
96904
17968
42925
11625
96904
17968
36106
55211
81001
64171
96904
96904
17968
29884
67946
2156
91370
27852
18685
96904
22636
98603
28569
96904
1039
96904
43022
97041
96904
56625
96904
17968
96904
96904
96904
8705
96904
96904
96904
16955
96904
97280
96904
30348
92064
96904
46225
96904
46629
96904
63905
96904
57688
96904
50088
38051
92068
51848
17968
79934
37382
96904
96904
96904
35658
54735
13689
14806
40246
96904
46590
12
96904
36048
1730
17968
53349
96904
73371
17968
96904
26646
17968
96904
17968
96904
17968
52834
1271
17968
17968
96904
96904
96904
96904
17968
76384
71354
55669
96904
96904
17968
96904
53093
73027
17968
73338
96904
36728
96904
17968
32722
650
69012
73015
48486
96904
58965
72003
26103
17968
8173
8536
96904
88418
18523
96733
993
3739
62407
17968
96904
86974
96904
17968
67532
93330
96904
96904
17968
96904
17968
96904
17968
35596
25634
13846
12845
96904
17968
36821
33714
96904
96904
1485
17968
20173
56529
96904
52719
96904
17968
85353
96904
75274
17968
50878
45566
13232
69828
96904
11954
96904
35845
61896
17968
17968
96904
17968
30269
27507
17968
96904
97394
17968
32232
96904
17968
19979
17968
34927
963
5250
87759
52189
17968
90810
39923
4129
86265
6511
50510
7788
17968
47933
17968
28329
96904
15221
88671
96904
52591
17968
90635
96904
20125
96904
55042
80184
17968
96904
53471
17968
7364
96904
45710
17968
81717
96904
43652
96904
17968
96904
61022
18034
44147
17968
17968
17968
17968
96904
31610
10964
14640
41824
7800
28135
17968
34360
96904
51254
59123
17968
17968
22124
95720
19200
1026
39342
40652
60102
96904
69151
26320
71918
91620
96904
15909
17968
47110
29262
17968
96904
670
96904
46473
96904
96904
17968
17968
96904
96904
22514
19077
94079
22157
31677
8985
17968
1195
41475
4589
7957
57901
36225
71001
84399
40855
17968
17968
94046
19265
96904
5178
10000
37507
65500
77577
96904
16665
36673
17968
3245
17968
96904
86390
17968
96904
79104
98496
96904
60553
55367
70834
96904
17968
18291
17968
25514
67364
17968
42402
17968
20356
96904
96904
99899
17968
98024
17968
15437
17968
13
46436
55284
15305
17968
28429
30894
63118
6694
96904
96904
72447
3009
2739
96904
96904
17968
83499
23131
29379
83241
30791
57639
29882
96904
36170
19001
8772
96904
17968
17968
80471
36614
17968
96904
23785
17968
32858
17968
61103
48372
17968
17968
9786
52008
63704
17968
35199
29251
17968
17260
17968
17968
45207
7345
17968
96904
76960
13645
43929
79651
37820
96904
33276
58425
91938
83210
17968
83119
98551
17968
2884
96904
15774
58084
74490
17968
6794
96904
17968
86592
96904
96904
39479
50641
30739
17968
17968
17968
86903
42273
52001
92397
64837
37632
17968
77022
68935
8758
96904
88113
17968
30935
24170
32398
60273
96904
53141
96904
22569
17968
96904
96904
17968
61722
47571
17968
20547
28101
17968
68216
55347
17968
96904
17968
17968
22106
17968
25643
49270
93905
96904
17968
76868
39480
17968
26253
96904
96904
17968
17968
17968
96904
22048
17968
17968
17968
96904
33441
33124
27613
78869
17968
29286
96904
78037
54181
82516
17968
96904
17968
66974
45539
17968
50501
21340
96904
38745
45156
17968
32928
17968
15081
94194
13961
96904
24165
13539
96904
27001
906
11062
96904
17968
108
59693
8149
17968
96904
7974
58986
17968
37789
96904
17968
31171
18905
90108
17968
979
99884
17968
73360
96904
96904
5088
46185
17968
4196
17968
17968
17125
96904
17968
17489
1786
8790
17968
95786
65946
93793
96904
60148
73211
22937
39484
96904
17968
96904
96904
17968
19885
96904
17968
96904
3528
79185
96904
96904
42493
501
17968
28691
55399
28631
31568
17968
63369
63060
96904
28283
86923
17968
25398
96904
21580
23581
96904
95773
67773
17968
96904
96904
96904
96904
17968
17968
39383
17968
17968
14780
96904
18561
13
53424
96904
96904
96904
75218
89157
11608
96904
59309
17968
22447
7143
29234
1586
50927
24806
20340
96904
57762
58090
17968
17968
96904
68766
99297
96904
17968
17968
83599
41972
17968
62816
17968
15531
96904
17968
17968
96904
76893
33357
88977
96904
17968
96904
17968
96904
17968
96904
54818
17968
58818
85146
17968
58060
96904
78091
96093
17968
96904
11219
15758
96904
91729
53181
95067
60840
4853
80718
96904
45669
17968
98320
45838
96904
83051
70816
7856
42505
17968
17968
8155
14317
70533
37516
96904
17968
32422
17968
17968
79322
96904
31514
80851
14052
11930
33875
96904
96904
96904
46931
17968
3297
96904
64186
8627
17968
6646
38268
17968
33569
43384
94180
53957
7741
46316
99436
49799
93256
81000
32182
26855
96904
45227
9996
12534
31561
11625
58954
39215
17968
31076
11134
41720
96395
67550
96904
10371
23361
96904
71261
15147
96904
64781
77793
17968
20342
37275
96904
96904
17968
9875
17968
96904
95197
59963
17968
10408
62573
10591
14731
17968
17968
17968
96904
96904
96904
96904
88037
96904
96904
17968
17968
96904
6168
59460
40264
4334
9729
28775
25851
96904
60748
46615
17968
96904
82468
17968
96904
26354
64875
31762
62609
25919
92196
78338
5319
17968
17968
17968
52957
657
58613
78328
17968
96904
17968
86966
79095
96904
95629
96904
6205
49399
47424
96904
62929
96904
51600
48508
3739
13071
64887
60286
96904
17968
484
17968
49813
33621
22105
17968
96904
84842
82710
96904
17968
96904
90120
12617
96904
17968
72347
56241
96904
37435
16293
51466
17968
17968
17968
17968
5083
26066
96904
64193
17968
65208
13512
17968
51466
1014
61771
39249
17968
42377
96904
34829
17968
66489
51822
39537
74002
91132
96904
96904
17968
76896
72118
96904
17968
34716
33955
87234
24903
96904
26674
78935
31610
25283
93936
22056
91954
17968
94683
31387
37755
17968
17968
26584
96904
39611
15091
47769
96904
96496
96904
17968
89929
17968
43171
27975
38635
54053
31873
45252
29945
17968
33685
8956
28791
17968
96904
45573
47515
44720
96904
15982
71960
63719
1082
50602
69458
24740
96904
95032
96904
17968
5073
96904
12661
51479
96904
17968
43368
96904
98281
18079
32142
96904
17968
28
62291
96904
17968
17968
97726
1777
96904
33755
17968
82781
7597
740
17968
96904
96904
79548
96904
6477
6059
96904
60908
17968
17968
10852
17968
34956
96904
96904
53261
73920
13058
48010
17968
57288
17968
62133
86591
66891
96904
96904
92655
7772
5125
26695
83222
73772
46616
28359
36003
17968
96904
17968
65955
15590
96904
17968
86392
28968
18676
24011
69780
96904
3944
33345
17968
96904
92804
85008
17968
82543
96904
17968
17968
96904
46646
62617
17968
15273
8157
29242
63978
17968
89549
99823
96904
69216
7383
17968
88328
96904
75096
96904
3792
9258
27245
56160
17968
28755
1380
96904
72215
17968
50844
46576
37853
16955
88820
94404
42530
96619
96904
41500
24312
17968
17968
17968
96904
17968
49486
4853
27427
66475
24778
19461
96904
98097
47236
96904
17968
87364
5112
17968
96904
22505
17968
96904
96904
96904
52652
96904
17968
17968
17968
96904
17968
17968
66908
17480
96904
42974
94042
61050
13814
17968
96904
23757
49943
16233
17968
97698
35390
50459
17968
96904
96904
25357
59506
96904
13709
72268
96904
96904
17968
84532
96904
53451
96904
84822
96904
89372
32285
96904
17968
17968
96904
17968
96904
4182
68802
82930
17968
17968
96904
10789
64282
75441
96904
38373
96904
9863
13507
96904
25228
14029
17968
42262
10027
52976
96904
35275
96904
65964
30856
1810
17968
66918
57393
82578
76263
11698
12771
17968
88337
96904
96904
17968
89007
60816
96904
96904
99265
94860
96466
83463
17968
35378
17968
4783
96904
17968
17968
96904
50082
68761
96904
17968
17968
53681
67317
46260
54419
17968
96904
51157
96904
58418
96904
54055
96904
96904
31195
17968
17968
96904
89080
61268
98645
33422
42361
17968
96904
96904
18839
96904
13650
83995
95980
17968
96904
74693
7464
96904
59052
17968
69096
17968
96904
25801
85917
3425
96904
96904
90538
17968
60377
87483
36524
96904
96904
96904
15779
11799
43577
48335
7697
83284
17968
17968
15941
17968
91431
5840
34097
78723
96904
10112
887
96904
97313
95272
59840
82918
11045
17968
10625
81403
12087
96904
92924
7916
2814
1067
89830
18729
37643
12017
96904
17968
15371
18230
93399
17968
17968
51906
96904
47276
20390
17968
51313
55167
44400
60893
96904
9977
17968
96904
66757
96904
17968
87101
17968
96904
2196
95440
52140
17968
2487
14003
17968
49725
17968
17968
65953
17968
17968
10598
17968
48542
17968
17968
45906
31578
96904
51577
64590
17968
17968
54681
96904
51717
17968
17968
51034
99966
17968
83958
96904
96904
96904
17968
96904
17705
96904
96904
68114
17968
18674
17968
60156
17968
22729
26824
96904
17968
17968
1947
46110
96904
72444
96904
16580
61073
59743
26376
96904
70579
96904
96904
17968
85651
96904
96904
17968
58492
91634
1763
58497
42730
62510
12622
18472
96904
76379
84978
3489
71066
57872
11920
91823
96904
17968
96904
17968
38300
21595
64210
65892
76791
96904
57452
96904
7685
96904
17203
96904
29731
17968
66251
96904
16495
77761
58957
96904
68449
10893
71589
96904
58231
17968
26655
96904
17968
17968
96904
96904
62546
17968
3136
70244
17968
26275
46379
74043
91775
6450
19469
96904
96904
96904
96904
96904
17968
96904
48374
47443
96904
46869
17968
17046
27292
34753
86768
91794
96904
31943
96904
71957
96904
67551
34615
96904
17968
17968
11952
76918
97392
66521
8699
96904
19272
17968
96904
17968
76901
17968
17968
96904
17968
17968
77579
30694
17968
72952
80756
98586
93783
104
79828
34223
17968
78530
17968
25813
96904
87329
96904
60684
69844
75467
99444
36444
87247
141
17968
17968
67725
17968
17738
55513
17968
80946
46611
85031
15117
17968
71567
79227
96904
96904
96904
96904
49680
17968
8475
96904
69308
96904
67476
17968
96904
81672
78733
96904
68996
71068
71682
25629
1520
96904
17968
45282
39965
62684
8166
17968
52449
21724
96904
19238
96904
35542
17968
27436
7124
17968
17968
96904
61420
17968
42476
75235
49976
19951
3399
16129
27526
6689
41089
71223
56329
96904
17968
17968
1658
16787
96904
38545
17968
98137
18953
96904
25945
96904
30445
96904
96904
96904
30569
83906
16553
62250
96904
14278
17968
74589
17968
30037
14539
60534
17968
17968
54543
8113
94605
17830
96904
18845
77613
96006
17968
87412
96904
98553
96904
92014
84763
96904
17968
55939
17968
17968
17968
68533
17968
17968
72201
22822
17968
17968
28161
98553
740
13906
31012
96904
4430
14285
96904
69027
54238
32163
17968
69862
96904
85853
8679
96904
8153
17968
96904
96904
96904
17968
12541
87716
17968
17968
95705
17968
87329
96904
17968
96904
17968
96904
17968
52900
70327
96904
86605
51979
96904
54493
63742
96904
35223
4440
69050
31223
96904
53957
99935
8123
17968
96904
41975
23128
92364
37900
71839
67692
55387
96904
96904
50314
17968
96904
17968
74802
92782
96904
683
89632
96904
96904
96904
81986
96904
89081
88685
96904
7817
12
1040
57719
17968
96904
32441
96904
27273
96207
67488
21064
25515
96904
7301
92761
42856
98546
39939
17968
96904
96904
17968
17968
96951
96904
17968
25931
48586
17968
17968
58965
51369
1380
64140
61580
96904
727
15470
17968
96904
97952
96904
96904
76194
96904
96904
96904
6787
23571
97412
7548
96904
71356
11686
31456
17968
7201
32908
96904
17968
33766
65092
63755
48235
90235
65808
17968
8006
17968
71032
96904
17968
10354
1106
17968
22536
91480
22689
54226
15372
9076
93501
32378
17968
16702
89025
63773
8485
96904
96904
30331
17968
72046
2421
745
57343
96904
72596
79988
17968
96904
96904
4994
1058
17968
79083
50845
91879
4002
17968
87713
17968
17968
46896
43561
17968
97366
48626
17968
63333
96904
96904
17968
78638
49491
96904
96904
99195
3279
37100
79119
3597
17968
66624
17968
10427
17968
96904
62404
29504
96904
80576
17968
66091
17968
17968
64106
62525
35482
17968
22018
96904
67792
17968
68557
17968
1486
6974
44129
48372
96904
96904
17968
97762
21851
6628
96904
45643
96904
17968
17536
28591
97527
96904
96904
17968
96904
17968
38459
96904
3368
19884
98663
96904
17968
61293
96904
17968
83346
17968
96904
2902
17968
17968
78995
81446
3371
17968
17968
96904
96904
17968
83730
697
17968
96904
69019
96904
96904
11493
26157
68717
17740
32643
12504
53098
45277
4431
30147
533
96904
96904
39476
17968
96904
96904
17968
17968
78753
35587
67503
9889
96904
94098
17968
70397
79204
47370
96904
17968
17968
17968
17968
54265
82005
17968
17968
96904
17968
8922
12314
17968
9275
96904
96904
17020
96904
96914
58537
17968
17968
51759
16841
3544
39052
6424
17968
72010
45197
14428
26549
37955
96904
69926
10176
96904
52299
24987
96904
60782
86884
1278
96904
17968
68781
96904
96904
11053
97960
3320
70018
36267
9452
30854
79200
88230
96904
34706
96904
96904
38308
17968
96904
47195
39722
17968
17968
37440
678
96904
17968
9388
96904
45040
26579
58898
17968
95188
58014
20418
30717
17968
19045
69234
17968
25460
96904
98359
96904
96904
17968
55819
17968
81179
10414
96904
2181
66013
17968
48150
20779
17968
79251
91381
96904
8738
96904
99733
96904
17968
96904
96904
23887
10379
17968
70198
96904
75258
78052
96904
50041
14762
43441
96904
17968
24041
96904
96904
53162
96904
17968
32663
69963
58725
29903
17210
17968
86400
17968
26951
16551
17968
68341
1251
17968
17968
83378
1973
96904
2837
72026
96904
61600
3876
96904
31880
83142
388
96904
17968
96904
75014
94866
61315
96904
17968
17968
2087
84583
88278
22606
17968
96904
61392
96904
96904
17968
96904
27250
96904
15608
94914
8441
43023
96904
89045
17968
96904
17968
96904
96904
96904
42212
36587
17968
17968
96904
96904
17968
71616
78475
37251
51627
95755
32955
15849
96904
96904
96904
57833
71993
96904
44809
17968
94930
96904
35721
85687
39711
17968
99821
15908
96904
98224
56335
17968
96904
96904
4304
17343
20425
17968
96904
68559
17968
6557
17968
17968
59784
26454
32064
41191
96904
17971
17968
34974
501
46067
17968
88961
96904
96904
17968
97202
47655
17968
95866
90632
81436
70989
96904
40642
96904
75873
30425
96904
29403
80598
17968
61305
96904
5318
7452
28504
96904
84526
17968
51143
98752
61400
96904
96904
17968
34703
14792
31927
38900
4623
17968
19448
96904
78017
12951
9863
25703
6802
87732
96904
96904
17968
96904
52497
47805
31552
53226
17968
2814
96904
17968
76588
17968
79279
6689
69916
54691
84412
73187
11062
17968
64092
83189
37528
26303
96904
92307
45850
62404
92630
3296
96904
58948
5115
2868
96904
96904
96904
54847
13474
17968
96904
46478
17968
91036
71232
17968
84151
93509
14285
38529
96904
96904
96904
33365
96904
64610
17968
96904
17968
8854
17968
56088
78110
62698
17968
46916
17968
96116
17968
96904
17968
17968
75316
31623
70991
51648
22205
96904
97748
96904
57011
43680
79846
29990
17968
21361
17968
25956
17968
6401
17968
20636
76491
79702
2091
18719
49325
10546
96904
85555
96904
17968
17968
17968
96904
96904
96904
90368
17968
40666
35445
25660
30274
17968
96904
96904
65182
17968
83184
96904
46299
96904
63545
92251
17968
17968
96904
17968
26924
17968
80641
61426
6980
47423
17968
33868
63602
62693
6076
96904
39997
37000
75071
17968
17968
96904
18675
17968
93950
96904
80084
41355
96904
99380
17968
4898
42573
96904
96904
80959
96904
96904
9117
96904
52877
87713
88170
54613
68088
69726
96904
17968
87760
87094
8628
17968
76413
91178
96904
17968
74258
25046
76093
17968
96904
26491
11030
11215
26852
63217
96904
644
96904
24626
96904
14080
38129
7070
17968
89521
17394
3174
28200
54060
99892
17968
22306
2877
23018
86974
51696
17968
96904
96904
17968
11092
77076
96481
96904
17968
26904
17968
17968
96904
96904
96904
17968
96904
17968
87329
17968
1765
17968
90167
39532
48525
23339
96904
50522
89063
96904
17968
28434
19902
17968
38586
94328
2629
22612
17968
17968
96904
96904
20725
84016
96904
37805
17968
7434
62192
96904
96904
36451
96904
81652
24446
97148
38303
96904
23364
96904
40844
30473
96904
26233
22213
47812
96904
23318
2841
96904
17968
48717
96904
17968
17968
96904
9941
17672
17968
8573
38557
81543
96904
26106
17968
17968
90915
2223
14284
17968
16210
78638
2095
16991
19882
98057
96904
96904
96904
17968
6353
2930
54372
17968
21848
65728
71170
5564
34809
17968
17968
96904
42891
25489
96904
39510
57416
3471
96904
21851
96904
68846
37696
7809
17968
92376
76507
96904
37621
41176
17968
48790
9557
62574
56004
41156
90548
7512
15213
17968
54719
64459
59535
71194
17968
1098
96904
6147
96584
88941
17968
41511
96904
17968
26822
17968
17968
96904
96904
17968
17968
2176
69063
82918
17968
96904
96904
17968
17968
32677
60635
9381
93510
26698
7957
95439
17968
52637
17968
11642
96904
23469
78979
96904
72994
96904
48581
17968
96904
17891
23337
41369
92568
1939
17968
17968
34529
17968
63896
87990
96904
96904
74583
96904
94795
92188
81695
46849
97126
65454
17968
6486
98756
88377
49900
15403
96904
36740
46738
17968
51640
457
54206
14651
77057
67580
17968
1745
83006
96904
86541
49501
96904
17968
96904
17968
96904
63306
96904
33803
89453
9142
49922
30727
96904
73707
63066
96719
10060
96904
96904
25935
96904
41170
25746
75151
17968
97694
96904
96904
99568
55680
55224
96904
17968
17968
17968
17968
96904
5269
27528
46391
35111
16649
34420
40710
23164
70649
17968
17968
17968
67671
96904
29528
17968
96904
42748
17968
96904
17968
17968
29061
82504
42385
74982
40872
16152
96904
15197
17968
17968
74764
56136
17968
17968
13625
96904
17968
24322
17702
96904
6671
51256
31482
17968
1014
96904
96904
17968
96904
52399
96904
32188
17968
4470
96904
17968
47887
82884
96904
17968
17968
17968
96904
9140
26139
72415
50898
70835
32300
17968
84114
17968
17968
50710
96904
17968
96904
43816
96904
14401
2786
55348
17968
96904
49885
17968
21167
96904
44991
17968
96904
96904
17968
1980
39513
40392
89491
96904
17968
17968
79537
11033
17968
47232
17968
59778
21377
91950
96904
501
33935
96904
96904
15588
96904
24328
17968
96904
99214
94515
17968
90869
95577
17968
24675
17968
17968
9461
53956
63984
94407
66634
96904
17968
44478
44710
30617
98371
17968
96904
58544
20445
96904
17968
94508
17968
84177
34762
96904
40178
63034
96904
79193
7332
96904
3230
17968
88440
70875
62415
96904
45177
96904
50272
96904
96904
17968
27074
96904
96904
17968
96904
17968
96904
96904
96904
82387
40850
12
81713
17968
29686
17968
91644
90985
96904
17968
96904
70046
96904
17968
89567
96904
96904
96886
13069
75467
88007
92410
6926
89025
96904
88960
96904
17968
10499
12693
88211
14534
39227
26057
88832
29939
32401
47894
96904
96904
96904
16757
26317
6406
30810
96904
21809
17968
42584
17968
85724
96904
96904
86349
96904
96904
96904
17968
96904
17968
79513
17968
17968
72634
96904
19979
66446
70373
96904
68504
17968
29300
17968
96904
17787
17968
89193
68780
55211
96904
70934
27474
17968
17968
21345
82646
49159
96904
96904
44442
39860
6923
17968
17968
96904
36672
96904
15771
17968
6516
39128
96904
88284
17968
73255
96904
2649
96904
86946
62731
96904
39232
96904
10362
17968
44673
1409
17968
582
71275
96904
83817
17968
17968
24256
96904
23172
75737
54144
96904
96904
6553
42574
41379
96904
17968
17968
96904
49407
96904
17968
96904
96904
40201
96904
96904
56943
96904
96576
96904
17968
31900
96904
17968
96904
28927
17968
17968
17968
42030
97648
5374
63338
38401
354
87633
56468
17968
17968
82514
96904
46761
31835
96904
17968
96904
55379
49698
96904
10611
62566
96904
19432
38796
96904
17968
4306
96904
43496
17968
17968
96904
26743
96904
60187
36653
17968
12388
43530
17968
86348
17968
26692
96904
78087
10669
19882
33208
7723
71731
45258
573
96904
99867
17968
2585
17968
18919
64311
28452
95609
9796
17968
81583
96904
17968
44102
21884
74718
96904
40823
68728
17968
96904
25255
17968
17968
95840
36723
24188
96904
81020
50492
96904
37986
57960
2336
16143
26514
13927
64361
1467
75856
96904
96904
87841
98711
96904
63725
3751
96904
96904
20562
5027
3860
85190
31987
68451
96904
51900
23407
70417
96904
82740
76231
17057
71547
17968
40035
17968
88838
96904
45894
27493
96904
96904
96904
56640
96904
17968
20361
96904
17205
23553
43883
15197
96904
17968
96904
22071
62971
77432
574
96904
7072
90529
37740
14894
74789
36494
65093
31917
17968
13316
65845
23272
17968
92062
17968
96904
20724
96904
96904
94996
90544
58865
88588
28151
41154
19282
96904
35051
41786
17968
19209
96904
58015
17968
16399
7957
17968
77818
69109
17968
47586
96904
17474
6474
17968
86041
96904
64274
17968
74264
96904
96904
31841
56802
4018
58829
96904
72197
74027
85277
15655
56960
89516
17968
94419
80196
17968
55317
63588
32475
56118
37700
21540
24859
94242
17968
98464
96904
41365
4987
75760
96904
17968
96904
33542
17968
17968
99561
96904
73073
96904
17968
14235
92196
17968
34649
3743
64515
60412
23349
17968
17407
13973
17968
1249
24135
45776
22791
96904
96904
96904
15440
17968
53608
17968
26668
55495
83968
36299
9429
30471
14505
96904
27742
2786
17968
96904
96904
17968
17968
17600
17968
96904
35717
85923
16368
67946
96904
17968
7281
47731
23587
26425
8031
96904
96199
96904
66274
96904
96904
9628
99295
51350
17968
99901
50648
69532
84985
17968
42097
96904
96904
96904
17968
17872
17968
96904
59771
96904
23556
17968
40137
17968
17968
17968
17968
96904
6960
96904
17968
96904
96904
96904
17968
76783
17968
17968
17968
17968
38509
17968
42306
29702
36616
96904
5864
96904
83854
23016
13252
17968
25809
68579
80222
77238
17747
17968
17968
17968
17968
96904
81581
17968
52244
96904
31192
52728
17968
96973
96699
1497
17968
4505
54277
17968
17968
44686
13094
99179
69751
96904
17968
31122
52872
73627
76550
83885
96904
17968
96904
16209
96904
39628
96904
96904
45130
64985
95359
67450
76424
64382
83639
96904
58643
3623
96904
38361
5238
17968
98568
17968
36839
82445
67090
20329
96904
8747
9749
40264
96904
60971
731
17968
96904
27742
97560
66904
35807
17968
96904
81496
96904
19855
17968
96904
92269
71613
29293
96904
26776
17968
60823
3673
96293
23947
96904
86746
5990
17968
1919
51381
17968
96904
96904
3851
29041
96904
24910
17968
37790
40621
96904
96904
37015
24469
7234
96904
98420
34158
96904
1928
43539
59571
5370
34507
73670
50123
22774
98481
96904
5804
25493
17968
81336
64958
44663
17968
42804
17968
17968
68014
17968
17968
69801
10128
69634
26165
96904
62645
80646
13194
43140
1842
96904
18729
82273
8031
96904
83799
96904
88807
96904
32271
96904
96904
96904
76159
96904
17968
75389
6762
96904
44311
39742
86916
7669
96904
97588
24027
5614
5918
62640
50682
4383
62456
5031
80386
17968
17968
42456
17968
17968
43379
51392
23929
16815
69355
59989
96904
48608
15453
60533
84899
91345
4047
16917
17968
11314
1109
17968
10897
54333
96904
17968
74708
73991
23658
96904
33152
32538
16132
13704
17968
17968
96904
96904
17968
41596
96904
96904
65130
17968
96904
60827
80100
96904
3258
97036
58728
80199
17968
84861
22807
96904
96904
96904
10468
17968
17968
2527
17968
22758
17968
91154
17968
61897
78048
47632
47559
64800
96904
17968
65054
4523
31795
97405
10719
96904
17968
14874
3986
17968
64300
17391
96904
4494
64072
17968
65614
63305
90775
420
9912
17968
46833
17968
76318
3751
96904
17968
14055
17968
17968
96904
96904
96904
46985
17968
96904
24603
17968
96904
16718
10308
96904
52624
17968
17968
99932
17968
80319
15256
69831
96904
71016
96904
82877
17968
17968
17968
86219
62197
17968
80996
76258
94593
81732
96904
55747
96904
96904
66235
17968
45747
29211
96904
19586
85019
17968
79736
41939
70333
9039
17968
81137
19313
17968
73504
61333
20613
17968
33740
16122
96904
56675
62349
97288
42205
50220
96904
96904
17968
17968
56958
9374
58929
17968
17968
96904
96904
96904
4620
96904
59333
16047
96904
34476
17046
70152
17968
9902
96904
10677
96904
17968
96904
96904
96904
71481
94267
37017
96904
18063
7880
17968
91728
17968
96662
96904
91901
10944
96904
33838
17968
4080
17968
61584
96904
17968
96904
17968
6782
96904
57126
11104
5647
95927
96904
96904
16897
41146
10207
86320
17968
96904
58726
17968
44786
74819
17968
17968
17968
91021
49953
66556
13057
38198
52306
67118
20671
45167
17968
18965
96904
17968
67764
54434
94294
96904
17968
14029
12309
17968
15256
48030
17968
178
17968
17968
9362
74243
17968
48952
96904
56548
95447
18495
66699
96904
17968
77686
88683
96904
34045
16406
96904
17968
17968
94549
1902
87888
83706
17968
96904
17968
64686
71997
17968
17968
17968
18328
82314
28067
70956
72108
47089
94094
34427
52171
96904
3922
96904
98804
96904
19075
35108
16898
17968
17968
33032
5603
17968
17968
17968
37378
54615
94281
96904
30163
33
96904
5720
17968
59239
25428
96904
96904
40729
43019
96904
50059
3899
34689
34837
96904
96904
54653
94401
9392
9526
37312
14157
79700
80312
49882
17968
96904
17968
17968
79747
57866
873
76384
17968
21258
15589
17968
96904
99135
31397
17968
62387
13353
96904
17968
17968
69543
60036
76243
35595
96904
15509
17968
17968
37187
20472
43797
96904
85079
96904
25886
90076
17968
17968
35056
96904
52934
36145
47689
49451
96904
96904
96904
17968
96904
96904
17968
33085
96904
4146
53845
96904
96904
33043
11645
15268
17968
9853
53768
15622
73538
40983
22222
80440
32921
96904
96904
17968
29818
17968
17968
17968
85606
58185
96904
53419
64933
17968
96904
96904
17968
96904
17968
53466
96904
49371
88724
50118
70256
15846
43158
84084
58903
97441
68301
48605
96904
17968
17968
18461
19221
54392
17968
7776
40271
96904
61171
12840
19974
15028
17968
96904
7280
17968
19741
96904
17968
3079
87852
10924
47016
96904
71478
17968
52923
96904
17968
30076
96904
23120
1977
92536
17968
63139
33770
96904
6891
17968
17968
77014
70995
44216
17968
17968
67858
96904
17968
96904
17658
17968
38381
35615
58166
96904
17968
17968
17968
96904
68011
44367
42142
17968
17968
17968
77346
44318
96904
64194
17968
35316
10408
17968
30061
96904
52335
10249
25080
99107
13513
52099
26510
169
27293
1313
96904
17968
47677
17968
72007
18004
96904
73394
96904
17968
17219
17968
72783
67213
17968
29688
67710
40043
71464
17968
96904
12890
17968
87550
96904
7190
94715
8152
3780
54516
96904
99664
96904
96904
53850
48890
39457
17968
96904
77
96904
46242
17968
17968
96904
71866
96904
96904
17968
96904
17968
3318
17968
27333
22194
98375
19087
46914
17968
10288
97537
96904
39140
17968
2661
60917
17968
96904
89136
81835
93348
66551
96904
79164
96904
94329
96904
17968
43299
68983
53344
79205
43207
96904
94620
17968
37075
63915
96904
96904
83405
30012
82580
42090
45749
17968
96632
821
83289
50091
96904
17968
4880
96904
21764
17968
32976
17968
70987
17968
22586
26818
17968
96904
1838
83662
96904
96082
96904
86139
76385
96904
70205
71886
22030
58241
96904
96904
92323
31067
96904
96904
34378
72766
96904
173
79758
7318
17968
47607
96904
7536
46309
17968
17968
72610
17968
17968
25268
82591
31110
17968
17968
93231
17968
96904
96904
3612
21167
96904
69617
80379
68236
66946
55915
2334
2562
17968
68476
93730
68578
96904
17968
41210
5207
96904
95271
55338
10867
2376
30472
96904
86395
1022
50359
96904
29778
96904
28275
17968
99871
27145
23910
17968
27495
96904
8932
96904
87012
17968
4566
17968
83909
95307
17968
17968
96904
10314
96904
65545
78938
85246
30394
96904
32646
96904
96904
36607
15409
7085
46763
5491
96904
65355
47600
571
96904
26701
29672
41377
65526
17968
17968
9061
17968
40240
33298
17968
96904
96904
17968
96904
17968
6749
17968
24379
66538
96904
96904
41290
17968
9671
46998
1054
17968
17968
28096
96904
71330
43603
33493
78660
52996
7957
75798
39236
56455
17968
17968
96904
96904
84267
17968
96904
10374
43871
32535
18382
17968
96904
76484
21093
96904
76499
69416
14136
84832
92692
40687
32254
96904
43686
96904
94380
17968
4643
68997
21716
54855
80339
61083
30391
38896
73392
17968
33731
16899
67986
96904
19719
91947
17968
91836
96904
45089
96904
96904
17968
79985
96904
17968
62992
96904
29405
17968
17968
21357
55564
96904
17968
96473
96904
17968
68265
17968
32681
96904
17968
813
96904
96904
37582
17968
17968
47818
8706
17968
27535
87449
96904
96904
35008
17968
59148
46199
96904
17968
96904
96904
96904
96904
99068
96904
21734
96904
17968
98666
17968
29573
6548
86358
96904
96904
96904
96904
33931
37593
1367
96904
96904
17968
96904
44340
66811
54451
44958
96904
96904
90808
96904
33951
22164
43750
63990
17968
64837
17968
96904
11960
32039
36708
96904
14029
63036
4504
77511
1389
89195
66809
39441
45174
62309
96904
96904
96904
17968
3489
17968
17968
96904
96904
17968
95451
90378
59580
22726
67083
2388
17968
11835
29216
40970
17968
6047
64877
41308
96904
17968
17968
17968
56572
74062
29211
96904
96904
87675
17968
87217
70113
19440
17968
17968
17968
69661
96904
17968
17968
66068
17968
17827
89889
96904
68320
33074
17968
44326
17968
96904
91081
17968
96904
96904
8298
96904
96904
96904
26575
69534
7046
17968
96904
58301
96904
9283
4673
96904
13475
96904
17968
17968
96904
33108
32701
49783
96424
27789
14731
76382
7939
19152
93683
94645
17968
24547
96904
62555
17968
2544
96904
17968
14448
17968
17968
17968
31066
5193
13892
17968
27291
21330
96904
61334
96904
96904
17968
17968
96904
60882
16589
43854
96904
17968
61912
17968
19945
17968
91765
15551
96904
22580
40369
17968
18089
96904
17968
17968
33131
51877
94643
73479
52219
17968
33269
17968
59268
73495
17968
96904
34292
54924
17968
19524
30510
96904
25646
17968
78018
17968
89482
15174
96904
17968
96904
25865
96904
96904
8969
12228
17968
17968
25747
84775
96904
96904
17968
17968
17968
99084
96904
96904
17968
86782
17968
60624
2909
76368
85298
8969
31074
96904
5178
62973
4354
34242
96904
49728
17968
77291
17968
17968
96904
8240
17968
59775
10597
29324
81935
17968
33889
96904
6627
23302
63971
87861
86659
17968
19278
96904
99101
97326
2147
19469
17968
96904
96904
17968
90121
29989
17968
96904
60034
5636
96904
40992
66215
19825
17968
8469
96904
80988
17968
51125
17968
59405
42942
49843
96904
96904
96904
61560
43027
96904
22176
43285
96904
55063
96904
54994
96904
17968
16147
17968
4381
17968
38352
46594
53786
25672
72207
58933
56842
22481
17968
68962
81368
96904
67780
96904
17968
78307
95043
26992
1829
7655
78198
86869
96904
96904
96904
45570
11957
96904
96904
96904
99609
43367
38583
13877
31278
96904
96904
96904
96904
96904
23128
20864
96904
6419
16858
17968
91248
88150
81333
35768
61001
53223
43692
17968
17968
96904
96904
26069
5943
66474
49836
48456
96904
24256
82207
974
20867
8570
27157
17968
84462
17968
15978
17968
96904
89114
73447
17968
96904
55553
96904
63088
52593
16117
17968
17968
7897
17968
96904
96904
17968
26665
41203
96904
23068
17968
17968
96904
90865
96904
17968
11388
82830
95448
80583
41189
53902
45200
6405
78045
17968
17968
56966
23619
17968
57547
9910
24206
96904
17968
40761
96904
52677
1978
17968
98416
96904
17968
95746
2993
47033
96904
81247
38593
17968
60642
96904
96904
64013
98364
17968
96904
997
21163
96904
17968
20880
17968
96904
24127
12610
25479
17968
26068
17251
75308
47260
18053
44428
86266
10885
13094
17968
79226
17968
28359
13045
96904
9924
92132
35762
17968
75950
57774
80986
17968
96904
49108
15161
19732
96904
17968
24577
96904
91063
16928
96274
59009
2898
16139
41602
96904
30505
17968
96904
96835
47410
68215
22031
57065
17968
40797
73375
17968
17968
12000
97782
96904
96904
44877
34422
36576
17968
43145
96904
17968
96904
58027
17968
40326
57224
96904
96904
84187
96904
40354
98591
96904
82803
35231
48393
10352
17968
96904
17968
70366
92411
96904
50534
17968
17968
17968
96904
47330
52616
1448
56650
17968
16300
73685
39576
20367
17968
22734
96904
1752
17968
17733
2454
96904
2093
98197
17297
71519
96904
96904
17968
96904
94455
83620
96904
74540
33193
46568
96904
17968
66310
61620
36992
33977
87907
9965
9774
17968
36956
17968
8363
26792
4894
17968
96904
41634
96904
45653
83027
17968
17968
96904
18957
21609
93451
65468
71713
96904
96904
17968
96904
94531
17968
96904
10745
63867
5234
83423
96349
63740
17968
17968
96904
38674
17968
75045
43612
28556
96904
54891
30284
17968
17968
17968
1222
10027
88594
50894
16870
72936
17968
31226
46034
96904
872
56303
17968
20462
44837
28585
88599
22723
96904
83510
17968
72612
15150
40791
96904
17968
52273
72216
5065
96904
20037
44216
96904
96904
73614
96904
47606
56321
43676
27897
2544
17968
17968
17968
96904
23695
94155
12838
42984
97858
25515
26556
54837
68958
96904
17968
96904
96904
24644
96904
17968
28520
59239
19891
70855
26144
72788
69954
93851
17968
17968
96904
60086
96904
98400
1918
96904
15169
11376
96904
26974
17968
2334
17968
96904
87331
67428
17968
40256
96904
96904
17968
36682
17968
17968
96904
6974
17968
15545
9362
96904
96904
33583
17968
48373
96904
18996
32835
4437
96904
9772
17968
93627
96904
96904
14584
12611
43970
83633
17968
96904
6168
17968
16158
17968
86210
9868
96904
17968
96904
17968
57774
97613
67344
96904
96904
96904
40144
39125
99006
89457
96904
54364
60798
60432
49823
17712
62140
96904
96904
17968
93246
96904
96904
12400
17968
17968
17968
96904
96904
28115
17968
17968
60132
96904
17334
72874
17968
96904
51040
4080
70329
28642
96904
32153
2055
96790
36148
17968
824
17968
96904
44515
63934
96904
17968
74937
17968
73996
96904
48932
13515
308
96904
9993
17968
77412
17968
17968
82418
17968
70686
21398
7284
56665
17968
92725
96904
23860
42264
98545
22560
52273
17968
17968
99811
17968
7188
96904
94917
96904
9594
83523
96904
56086
96904
17968
96904
8051
62600
96904
96904
35756
96904
17968
56041
61760
57323
6912
57912
96904
21261
42806
65969
86303
89596
86242
96904
30409
18471
96904
96904
4696
96904
96904
96904
27397
96904
2695
85420
62376
33605
96904
29082
28275
56061
17968
8728
94695
17968
96904
38742
68898
17968
96904
17968
17968
25037
13159
96904
17968
21104
9362
17968
96904
17968
89737
75990
96904
17968
96904
23549
63875
96904
96904
63861
96904
29515
96904
17968
96904
53015
17968
17968
55749
17968
87325
17968
64552
43841
17968
39991
69175
17968
17968
96904
85355
15237
96904
96904
17968
17968
17968
10530
48959
46319
17968
58695
96904
24722
32739
17968
82734
66104
17968
32338
63776
60881
96904
96904
7014
40674
6694
17968
9534
17968
17968
30453
17968
71834
1141
56876
17968
38383
96904
17968
32191
57169
17968
20987
46312
96904
12241
17968
96904
21077
66986
96904
13833
84750
36849
96904
21446
96904
42646
17968
17968
96904
43838
97897
17968
96904
39456
17968
50647
96904
59468
96904
93290
6267
59481
48399
63809
72659
41022
96904
36166
96904
11693
17968
71663
96904
17968
9305
96904
96904
17968
63511
47685
60176
69743
17968
7030
28447
45292
17968
96904
93965
17968
90668
23452
63334
64401
4762
17968
96904
60896
50825
96904
17968
61044
36486
26202
96904
17968
17968
96904
96904
63794
93603
59545
13889
56094
17968
50794
96904
59661
34615
96904
74980
96904
47565
17968
13885
96904
70677
96904
43531
97026
17968
37106
17968
52440
96904
76461
40142
96904
9507
59528
96904
96904
96904
32168
96904
53266
43265
72088
46206
17968
90426
86429
71881
84
25405
17968
97461
96904
22293
96904
76051
49221
59172
17968
89613
89964
96904
96904
59083
75355
71425
7711
76805
96904
90881
17968
96904
29037
17968
38551
90789
89112
45539
87453
87905
22464
96904
87964
19367
82236
96904
76964
31037
95651
84103
96056
14731
62149
92534
48330
17968
87102
96904
11731
96904
96904
96904
17968
91718
14430
17968
52372
77621
21580
17968
96904
17968
96904
96904
9861
21330
17968
2527
84065
42120
17968
61404
96904
17968
17968
11729
17968
84591
96904
31881
17968
96904
96723
42037
14104
9849
1095
55532
17968
47392
81402
94924
8448
17968
12
33934
18672
70592
15330
96904
9627
17968
17968
17968
78985
21164
29821
46079
72044
23332
17968
91385
17968
89595
69546
66564
17968
8573
95559
96904
32296
96904
33422
24806
3970
7248
27376
81895
17968
17690
56226
68734
96904
66252
17968
50275
31907
17968
17968
96904
66904
17968
17968
17968
96904
192
30916
22051
77048
44722
45977
17968
2232
96904
77604
91861
96904
96904
32224
51917
73031
96904
32220
28262
17968
87339
20707
16437
70944
54712
96904
35255
82219
96904
95377
96904
17968
3144
17968
96904
96904
22722
96904
13428
9663
48512
70398
17968
26344
96904
96904
17968
22468
19629
84367
96904
2421
98775
96904
72252
74582
88451
96904
17968
17968
16744
96904
39534
82168
68299
96904
54921
69997
96904
17968
30285
16408
17968
61562
50366
21897
28269
70042
38487
17968
52600
96904
17968
96904
44072
68305
56345
62269
40793
48733
69842
99737
15662
96904
96904
96904
17968
99121
25901
2013
92802
96904
96904
17968
17968
17968
9463
96904
17968
42785
96904
17968
17968
69219
98829
97376
93757
17968
17968
96904
69538
96904
96904
17968
2224
96904
69577
96904
17968
57226
17968
96904
56099
96904
66315
78564
33713
9663
96904
72106
96904
17968
21765
17968
29208
65694
96904
28489
91130
96904
17968
96904
16111
96904
356
85127
62756
37612
17968
96904
54926
36777
17968
30959
56810
81037
24429
96904
11156
1124
17968
58455
96904
96904
17968
61142
60503
96904
3632
13359
17968
93449
10653
17968
96904
47616
17968
63758
17968
42620
22569
17968
96904
82513
15876
36152
54197
96904
17968
17968
4582
96904
96904
19795
17968
96904
91676
17968
26574
96904
17968
66674
23057
78025
96904
19215
17968
8715
97891
11395
17968
89987
42761
6912
17968
55841
17968
30214
68268
96904
17968
19605
17968
27831
58067
31882
4788
17968
17968
96247
41178
83240
96536
96904
96904
64021
17968
6548
22448
17968
17968
73177
29989
17968
2441
17968
96904
19705
17968
17968
43340
96904
22979
17968
59017
17968
76361
74198
96904
80339
41235
95675
17968
17968
57048
57932
96904
26896
32023
65593
45023
9634
96904
23124
36321
29510
55682
96904
17751
17968
96904
17968
17968
41611
74670
96904
99766
91011
42233
94466
82424
13520
17968
96904
96904
22594
96904
97363
17968
17968
96904
35318
96904
77349
96904
14297
74147
70938
2811
96904
63044
17968
62518
54203
17968
89640
4831
1604
5804
6393
95557
26317
5301
27347
48009
27658
96904
96904
17968
62083
30111
76197
96904
20475
35952
19362
71336
14839
59306
78866
99118
17968
94489
17968
17968
33542
25928
96904
11721
24516
87046
96904
40396
15695
78154
10591
26686
60704
17968
17968
59633
5073
60803
96904
29843
50477
17968
40453
77676
564
58351
12580
96904
49940
85754
46382
96904
39559
67218
93580
68916
17968
17968
17968
49670
17968
2872
17968
72319
17968
55079
88293
96904
88576
72233
36306
22286
96904
10879
93031
17968
24552
96904
95806
61020
26115
42278
47751
70591
96904
25481
31974
51664
40381
96904
17968
96904
17968
96904
22069
79857
51751
96904
62784
20066
54994
53657
96210
8979
17968
17046
96904
96904
33814
17968
31328
96904
88633
96904
4848
96904
63917
96904
96904
17968
96904
96904
96904
82951
14272
22989
67959
96904
96904
18432
17968
27065
21119
19651
17968
17968
95953
17968
67068
46053
99559
10924
96904
63103
53574
73150
96904
96904
17968
77648
17968
57618
17968
47860
96904
96904
12566
88705
17968
37698
10480
82508
58683
17968
17968
17968
17968
96904
79154
31064
17968
96904
20093
70581
60653
42166
96904
96904
17968
96904
24809
1182
96904
5089
87808
29616
92972
72103
17968
14438
96904
27421
10356
17968
84814
96904
17968
96904
49657
96904
38497
11440
17968
2306
1435
96904
17968
17968
52383
73523
96904
17968
78245
17968
17968
17968
64355
52825
96904
96904
17891
96904
96904
30651
17968
22
96904
96904
17968
96904
17968
25803
17968
20461
96904
17968
96904
24611
87457
54253
39158
17968
3262
15281
17968
16529
55546
96904
17968
45720
71459
52813
5391
96904
96904
96904
90017
5658
84762
59194
13698
96904
58243
92910
96904
8290
96904
76874
20171
36479
17968
1537
96904
96904
79737
96904
17968
43099
96904
29185
30191
17492
4439
96904
17968
96904
17968
96904
77029
5943
96904
96904
96904
40939
73585
96904
53941
17968
6017
17968
96904
68192
10054
86274
17968
4599
96904
7312
71611
27653
56171
12103
96904
3628
85191
32591
17968
43005
96904
69768
78857
252
15250
23621
304
1271
17968
65863
12919
67752
70134
22189
96904
21402
3900
17968
98609
92570
22299
25887
26837
17968
96931
72878
78023
6295
15559
96904
96904
64763
17968
53569
96904
33690
96904
3625
17968
60971
17968
17968
892
17968
96904
58989
51106
96904
17968
61082
66344
42734
17968
96904
21783
17968
96233
17968
96904
74736
8428
1552
17968
28220
45332
17968
17968
75647
17968
17968
87345
17968
34878
17968
17968
17968
73761
47138
96904
17142
50682
96904
96904
90556
47721
37060
96904
17968
96904
17968
96904
63958
96904
17968
96904
72375
3597
17968
49848
45448
96904
19537
96904
96904
63108
9995
17968
17968
17968
80833
17968
13726
68318
17968
13718
17968
95518
96904
81321
17968
96904
96904
25719
9861
24509
54518
96904
96904
96904
17968
31193
5207
17968
17968
20762
78167
17968
96904
51525
69779
17968
96904
54863
38186
2116
94187
23132
96904
17413
17968
53308
2830
86943
63489
64539
24813
37350
17968
17968
37385
17968
4446
78813
30659
17968
7118
16794
98926
96904
17968
16921
7445
18288
17968
96904
66204
42784
96904
96904
48940
10185
17968
96904
96904
58952
17968
96904
81846
19796
17968
73500
2262
17968
75118
22353
17968
96904
90213
17968
17968
26126
17968
1173
473
72508
94937
96904
35972
6967
84710
15938
17968
17968
17968
17968
17968
17968
2893
96904
17968
91189
17968
96904
96904
58897
96904
22411
52550
17968
17968
96904
25112
6804
39404
12550
69280
96904
96904
96904
17968
18980
14789
17968
13950
96904
17968
96904
96904
36917
8428
86572
7034
41459
96904
64365
21240
96904
72331
17968
36775
47836
96904
83918
93344
42498
85477
52004
84729
17968
42122
99405
44356
96904
17968
96904
17968
96904
74046
96611
91383
96904
96904
96904
75459
96904
90249
1395
70499
96904
18597
6009
41550
21647
17968
4620
96904
17968
52317
42292
17968
17968
80650
17968
17968
96904
45403
3754
96346
96904
79545
1902
53635
17968
4628
36227
50844
13314
17968
14840
19643
96904
61951
51487
93566
17968
17968
17968
17968
60477
4594
23140
96904
47204
17968
39882
7240
17968
96904
17968
96904
50821
96904
96904
17968
17968
34723
96904
17968
61372
58621
28853
22424
21511
16926
19621
74215
47987
17968
51468
32192
51128
28572
96397
99390
17968
17968
76333
17968
20221
17968
17968
70328
96904
58232
70100
2095
11939
96904
96904
97648
3979
80567
65093
43914
96904
14885
17968
41060
96904
96904
96904
17968
4547
96904
93336
96904
96904
60488
2357
19448
44912
96904
31020
58107
84699
96904
17968
39331
17968
99274
96904
62794
36980
96904
96218
87748
40580
9108
1063
17968
17968
29141
58379
96904
56119
19546
17968
96904
96904
17968
96904
96904
36165
96904
8426
89349
17968
54097
2626
17968
55612
96904
73071
53030
22613
96904
9950
96904
96904
34104
16851
17968
30412
61703
16840
42474
65943
17968
87686
37810
66770
96904
37741
51629
1471
93423
69534
72561
17968
17968
17968
96721
96904
65983
44191
33036
17968
93376
350
94619
6165
68530
79670
82069
2613
96904
17968
17968
96904
96904
44978
96904
75446
18679
96904
47651
96904
17968
17968
25708
44032
52195
96904
17968
96904
17968
42170
17968
96904
8685
96904
96904
17968
991
89756
60049
17968
37192
4178
17968
74489
96904
31608
24674
27941
7789
96904
17968
50997
86897
29945
96904
19142
96904
96904
74809
67653
64499
71430
17968
96904
13848
11538
81905
96904
33098
96904
96904
17968
41776
8262
60195
79792
17968
96904
65201
67349
79087
96904
96904
91416
17968
17968
96904
62459
1978
96904
42989
17968
17968
69614
96904
17968
13346
96954
17968
72051
96904
96904
56105
86594
17968
926
17968
75219
24541
64149
24043
39767
96904
14770
61800
98658
96904
27188
17968
17968
96904
14593
70655
96904
80470
20157
96904
55751
17968
96904
35627
17968
96904
96904
94237
32212
17968
45855
1506
17968
17968
96904
17968
29587
17968
17968
35534
96904
13087
59886
81161
17968
96904
13774
17968
4946
35573
89267
17968
96904
16324
17968
17968
50633
4579
96904
16722
17968
17968
51815
83178
96904
96904
32338
17968
11542
96904
28153
96904
26240
58462
96496
63310
96904
17968
44548
80169
96904
46796
17968
12807
27731
96904
17968
30407
30627
17968
12660
96904
17968
96904
17968
44690
17968
27719
17968
32687
17968
72085
71630
65304
42706
64222
17968
29450
96904
93285
98957
32120
54444
89632
96904
96904
92431
70736
17968
96904
97984
73332
15386
96904
17968
7650
17968
59890
69580
27871
39656
24153
40623
3287
17968
670
96904
8853
92178
61333
96904
17968
95669
98247
15546
96904
96904
73152
37516
17968
96904
96904
17968
17363
17968
17968
96904
13883
28073
76455
8701
50321
17968
17968
1126
59350
17968
24866
11808
17948
17968
62786
96904
3365
50284
8361
25604
96904
3473
2207
38862
96904
3750
17968
29270
2594
80956
17968
96904
17968
17968
17968
29066
91252
62550
17968
96904
9074
96904
92457
61843
25789
96904
35830
827
23386
9372
96904
74746
96904
17968
62077
16898
5297
8035
17968
17968
44828
27633
17968
84634
7884
37615
9011
21839
17968
15120
77526
17968
96870
81922
90159
17968
17968
16725
54652
72301
17968
62552
17968
31185
59494
70105
17968
41815
17968
93106
39942
17968
17968
90294
93737
63516
14010
96904
96904
96904
17968
5541
96904
12352
22387
96904
17968
17968
60771
80569
3195
17968
66203
25088
96904
11878
8913
16369
17968
96904
2034
21076
48914
82504
96904
6881
10454
96904
26630
36508
96904
76239
33977
96603
2357
88901
96904
17968
96904
10298
17968
1943
87641
12160
17968
95655
96904
17968
42948
67038
38513
15671
88171
17968
17968
17968
96904
12208
65803
96904
61133
96904
71039
17968
67377
96904
40930
17968
34393
17968
17968
87892
36238
17968
6540
45775
17968
53634
17968
60677
96904
45086
19628
93237
96904
39566
96904
99652
8006
28251
17968
29637
79739
60887
96904
62242
17968
71960
1907
57621
91111
18199
69550
96619
17968
149
96904
30597
53711
87483
96904
11239
17968
88773
17968
17968
70132
96904
17968
94262
96904
96436
54433
17968
77569
17968
17968
71100
5379
96904
98826
22321
25430
68529
17968
67851
22193
59296
17968
96904
55155
17968
15750
89871
17968
94333
57699
17968
17968
17968
7283
96904
66891
96904
93846
32935
96904
96904
55417
6877
4236
76137
29814
85634
17968
9056
85153
49832
17968
17968
59127
33525
96904
17968
40795
17968
27749
17968
28327
17968
17968
63731
17968
89732
41493
17968
2696
17968
17968
66869
3326
29318
17968
53569
28049
96904
17968
15245
94684
85454
35662
17968
96904
43359
78484
96904
52908
17968
67864
96904
4627
17968
96904
17968
96904
67073
40692
63049
96904
56882
40428
85245
33516
96904
19010
96904
28115
17968
90758
17968
96904
26153
96904
3299
29676
96904
84700
21151
3473
96904
52521
32838
87715
22041
96904
85398
20358
7884
17968
68411
17968
17968
88373
17968
465
17968
77220
75084
15481
83620
3316
10896
17968
91163
53886
48105
96904
194
17968
61199
96904
981
17968
17968
96904
79751
50893
93605
17968
96904
35253
46785
63445
96904
4328
42629
22873
96904
42716
17968
96904
16572
52114
67998
17968
7020
81302
19968
17968
16035
14873
96904
17968
96904
17968
17968
40237
96904
87202
96904
96904
17968
60379
17968
17968
64362
88427
96904
36696
6045
91505
47799
64847
61605
45474
20199
34318
96904
60721
17033
17968
14413
78774
17968
17968
509
39448
17968
96904
96904
96904
23811
17968
51521
69302
17968
96904
17968
96904
17968
11547
48510
17968
68628
17968
17968
96904
63110
37336
28885
56946
90305
808
17849
17968
17968
96904
96904
2548
17968
5541
93949
95657
7698
33812
79702
49442
17968
94125
74952
96904
95363
17968
17968
78894
17968
1409
17968
54330
15303
17968
25776
17968
4994
98180
49336
3655
81838
96904
59486
96904
96904
96904
17968
61633
17968
23148
1748
17968
96904
12
385
80089
44444
31966
96904
96904
56906
12547
56646
6527
20737
77426
30410
96904
95811
17585
28614
17968
96904
74495
17968
34886
96904
83988
17968
95119
17968
96904
36286
63249
17968
17968
17968
39455
96904
10773
60735
95951
22430
96904
71224
17968
17968
96904
47296
19806
17968
17968
24696
96904
96904
96904
48457
41015
96904
17968
96904
17968
78157
2094
17968
60001
86545
65981
17968
29659
96904
12807
17968
6689
37282
89795
17968
44522
1816
17968
16523
12550
13348
96904
96904
17968
96904
23061
44758
17968
79425
96904
25518
65815
96904
8978
34738
38797
87842
94695
62330
45082
44705
96904
96904
96904
46365
70922
42630
70301
15693
67007
15760
35294
99206
65066
26195
76089
17968
14372
17968
17858
96904
96904
40068
57403
85580
17968
75971
50064
31368
57175
96904
1478
17968
19908
96904
66842
96904
17968
91833
29401
96904
13560
31720
17968
34735
96904
96904
52460
96904
18268
17968
12472
2988
75400
19957
50034
79429
99088
96904
13439
96904
41514
54066
85416
49033
19859
17968
17968
17968
30902
96904
53820
75437
59463
96904
17968
17968
17968
17968
24469
37801
72774
30068
96904
38782
71941
34216
17968
17968
96904
17968
59409
25274
44003
14423
18871
96904
98497
96904
96904
63384
96904
17968
96904
63
21706
96904
96904
66196
17968
17968
96904
35258
68509
25554
3212
77280
21627
43828
828
60062
91081
73218
96904
93273
17968
96904
96904
17909
17968
34510
96904
51336
17968
17968
40726
39973
15688
17968
49170
17968
17968
42433
17968
15851
96904
71653
96904
17968
96904
93760
98695
14074
3344
3345
96904
95647
23949
28663
36957
96904
96904
96904
2407
17968
17968
19497
96006
17968
17968
50598
17968
68866
17968
47555
17968
914
5044
96904
96904
96904
34114
26434
17968
37965
96904
38820
96904
6710
61134
30757
17968
96904
54766
56111
17968
780
17968
19817
95699
54414
70404
97498
96904
17968
17968
30879
23225
31849
31983
17968
17968
96904
2451
4946
85567
28800
52862
17968
64816
39089
56738
96904
15583
96904
91569
81599
45408
53205
39248
74479
17968
12878
17968
96904
95468
96904
36121
18013
26541
41737
17208
9212
96904
73844
75311
23190
17968
9411
96904
17968
50268
17968
16282
91718
69946
24213
17968
96904
2045
17968
816
77943
2930
53868
17968
17968
89078
96904
57219
96904
94602
58398
96904
1561
19427
25975
46238
75545
61149
17968
12098
32056
96904
67787
17968
92766
60830
17968
17968
96904
96904
17968
17968
40949
96904
96066
17397
2454
17164
15755
17968
411
96904
36492
15015
80524
96904
96904
96904
70710
43730
783
54286
95677
17968
96904
60747
2059
17968
92071
85951
29056
33742
17968
17968
12670
30864
86536
71591
17968
17968
96904
96904
34552
40578
87858
35802
96904
96904
17968
40628
18207
48314
20737
96904
63779
17968
17968
96904
96904
26051
96904
96904
49047
17968
28809
17066
17968
16360
8000
17968
47607
59456
96904
17968
96904
40810
70707
31378
44971
96904
96904
96904
96904
96904
96904
37287
53013
96904
17968
96904
17968
17968
39133
9873
787
17968
96904
44150
44991
11091
96904
6501
17968
42709
17968
17968
27578
38647
17968
48294
17968
96904
47545
96904
96904
68430
60676
17968
17968
84140
17968
96904
17968
38203
96904
30201
17968
96904
30137
69005
17968
7362
30049
54896
34534
96904
17968
97495
96904
17968
80357
97912
96904
1774
45642
38816
15173
68639
17968
17968
17968
17968
51630
10366
43887
34870
17968
17968
84553
63025
29992
99833
92848
89277
17968
96904
96904
99718
17968
89446
17968
98929
17968
96904
12101
17968
35189
67857
17968
17968
17968
1686
87379
17968
85104
98305
53655
26425
72209
17968
71955
17968
17968
96904
9367
83217
30356
71601
29937
10766
17968
38222
23781
96904
17968
70001
4513
64073
59741
96904
17968
96904
10081
96904
17968
96904
96904
5610
82233
18618
17968
51201
17968
96904
24948
65028
45823
98666
96904
7283
17968
15974
3960
66968
89654
69709
15689
36669
80005
4239
17968
96904
28600
88533
8527
96904
17968
96904
17968
96904
52161
12675
5693
96904
56176
60250
47444
17968
17968
23727
96904
83681
96904
83809
75687
96904
94390
14761
64564
17968
17968
17968
68814
52002
17968
17968
54378
15935
65113
51482
56550
15080
97322
96904
29715
17968
96904
42827
22513
52171
32160
41572
55190
90702
11474
1655
6517
96904
75362
96904
57106
16714
50873
17968
16563
96904
40995
96904
53937
52746
46984
947
96904
4173
61622
17968
96904
17968
60984
84790
17968
17968
96904
96904
72919
97588
17968
11504
90064
18270
17968
17968
64985
7947
17968
4414
44351
17968
19969
96904
69671
5274
7116
17968
80842
80697
96904
17968
17968
17968
5750
50911
10518
96904
98590
53813
43067
82109
24114
50278
96904
17968
80446
17968
17968
5259
87393
17968
92248
17219
68809
96904
17968
9741
50474
8543
96904
96904
96904
17968
17968
37984
96904
96904
17968
8165
43227
3127
85898
96904
17968
17968
96904
17968
97213
96904
17968
96904
96904
17968
17968
17968
13881
96904
96904
96904
67820
17968
41293
99964
96904
51973
96904
27143
52720
96904
35667
96904
96904
99222
96904
24998
17968
96904
65794
96904
96904
96904
96904
10172
84137
96904
13244
32773
53402
17968
28053
35540
99360
83927
1195
94577
19444
17968
41591
97709
17968
89761
94685
53009
82023
26196
96904
24317
30211
18913
1397
17968
96904
4349
96904
92059
88688
96904
17968
6938
13757
57262
96904
30609
29015
9455
96904
96904
95824
96904
76262
96904
17968
15852
96904
17968
26396
17968
17968
97672
20374
48487
35248
17968
96904
96904
95736
30236
12910
96904
17968
96904
3660
62523
61414
94372
96904
16498
89626
304
50598
17968
50912
50197
17968
7263
96904
52547
67609
46856
14103
17968
17968
51490
87295
54345
96904
17968
17968
66371
17968
96904
96904
96904
29221
96904
96904
75744
96904
97413
13615
43833
30389
4480
91547
17968
534
96904
17968
1201
98070
38050
96904
89319
17968
46902
17968
84397
92621
37006
25281
17968
17968
16050
25105
17968
54663
48972
93982
17574
8486
21369
6566
99365
49039
96904
2946
12673
29782
57370
37783
96904
43818
17968
83922
9175
96904
96904
39226
18525
20952
64755
783
8744
96904
96904
95080
7055
96904
14014
17968
86662
17968
17968
24817
299
96904
33477
69946
44823
14727
67270
96904
96904
17542
11262
80496
35532
96904
63747
67805
53510
29589
9384
22070
17968
83735
96904
19878
95894
12965
17968
141
16475
33542
17968
17968
7934
17968
44247
39516
76928
17968
60119
86195
17968
96904
96904
90263
85994
96904
29708
96904
92294
15348
34501
71432
17968
17968
64350
8083
96904
8286
96904
90323
723
79169
11298
98963
49929
24256
17968
99585
13218
17968
96904
6662
22938
17968
17968
53865
9692
81901
36632
6418
17968
96904
96904
25906
96904
4705
85217
17968
7123
17968
81282
96904
96904
17968
74485
96904
96904
17968
17968
14751
78631
90886
40866
17968
96904
7623
35628
17968
97786
23601
82332
89194
17968
17968
8271
1456
88442
96904
17968
50263
17968
4798
90949
12974
23246
17968
17968
17968
96904
96904
96904
34882
962
96904
17968
17968
96904
96904
96904
96904
17968
96904
74876
96904
22537
94131
55215
17968
92458
96904
10689
76922
96904
1380
17968
8057
17968
82962
17968
17968
96904
6507
96904
96904
44207
59481
10374
96904
17968
91051
17968
96904
43583
96904
96904
82311
96904
17968
87481
17968
17968
94604
12533
17968
98299
3891
17968
76201
8361
74420
17968
17968
68617
17968
4778
28198
10924
2992
8880
51452
37297
72796
96904
17968
17968
26950
85316
20864
70293
17968
17968
58838
96904
2769
9068
73444
96904
51871
17968
92574
2850
17968
17968
62969
69294
385
7581
17968
96904
18353
71603
35644
70496
8514
17968
96904
96904
17968
96904
96904
92876
96904
80925
17968
34208
32295
96904
97394
96904
96904
61568
29207
96904
96904
16917
57487
17968
14422
96904
96904
96904
88227
60251
28817
96904
24917
35980
17968
20260
96904
955
17968
96904
11586
96904
25456
89975
96904
95764
88245
96904
17968
96904
15626
15810
96904
17968
17968
70286
17968
31401
96904
96904
96904
96904
17968
50173
17968
25802
96904
36758
96904
96904
17968
17968
45431
96904
41102
51608
17968
9930
72416
36288
7394
27531
1581
96904
33003
96904
17968
18349
59294
97544
18693
31462
62678
411
4681
17968
17968
96904
17968
94542
17968
11062
17968
69191
18885
96904
77626
2889
19069
17968
875
17968
40244
17968
4973
17968
17968
17968
59054
96904
97920
26406
16140
76102
33236
96904
9482
49975
17968
17968
4582
96904
909
48316
43615
96904
88652
75453
72939
17968
80307
96904
77520
8015
28017
96904
96904
96904
84175
57956
17968
66326
96904
88274
96904
49649
96904
96904
50570
2276
96904
22684
59047
96904
66629
21735
17968
95253
96904
10591
48294
96904
81364
48827
42472
96904
45072
17968
62705
37930
68354
17968
96904
15958
96904
17968
96904
17968
63373
17968
96904
23378
70412
17968
73311
938
17968
96904
97460
17968
12076
17968
61020
96904
17968
37737
17968
23847
17968
96904
96904
29478
17968
17968
80705
64977
56066
48878
91744
96671
14084
96904
17968
17968
17968
17968
17968
14672
35396
17968
3416
20250
96904
51552
95180
96904
17968
96904
88088
96904
52733
17968
26509
96904
17968
17968
27985
17968
22944
3962
17968
36669
17968
44332
96904
17968
15728
17968
10859
17968
5970
96904
96904
70616
75455
55139
831
8766
642
2048
38391
2065
17968
96904
96904
36921
48419
39228
17968
11076
55709
95574
80910
96904
1733
11249
96904
3260
96904
88420
49495
4185
96904
269
96904
4443
17968
96904
31983
17968
29656
9772
27604
17968
43391
60263
96904
45464
96904
96904
17968
61371
1715
62174
32007
17968
47072
17968
2439
34215
92265
95402
96904
53087
79348
96904
17968
96904
74512
17968
17968
17968
11812
89895
96904
82616
63596
65292
72140
17968
83337
17968
50277
17968
34230
17968
78337
69548
30168
96904
11655
87228
96904
96904
96904
25401
17968
17968
68421
99146
89403
88638
424
61746
96904
17968
61906
96904
96904
73439
52700
17968
96904
8490
26747
76858
47076
72990
21000
96904
17968
96904
96904
7524
96904
96904
60234
3568
96904
1947
85701
96904
69073
15688
21418
43951
16982
17968
37006
96904
17968
96904
96904
64325
17968
96904
35975
67669
84689
96904
17968
96904
96904
17968
53909
17968
84271
783
96904
6409
96904
17968
17968
96904
3574
3109
70121
81505
17968
97070
96904
90944
63839
27533
96904
16023
30382
96904
96904
17968
10324
96904
62428
17968
99158
24190
17968
17968
29142
17968
17968
8159
81597
75682
96904
17968
17968
3709
55741
7273
17968
18326
22423
16707
48390
17968
17968
96904
83301
91321
95150
21574
49854
17968
17968
59356
96904
82184
62081
86930
14733
34843
17968
96904
86433
36756
42248
30600
77033
17968
17968
17968
96904
10744
85753
96904
10187
96904
72735
34684
96904
28567
27219
17093
80544
87256
84250
62601
70699
96904
98728
7067
42955
41903
76065
34385
17968
17968
43999
90506
17968
75407
4965
73019
96904
12550
17968
46800
71882
41935
96904
96904
91073
68175
17968
50631
45681
67749
85211
21914
96904
42923
66980
17968
51222
21198
96904
17968
26091
95495
96904
96904
59894
96904
96904
56004
63464
96904
44521
96904
99170
84139
21807
54531
34124
18809
68845
1504
64029
17968
17968
28489
48036
93013
2963
96904
17968
96904
6471
83882
20536
96904
30443
96904
96904
29339
17968
17968
33241
97315
17394
51533
17968
96904
17968
7458
73702
3291
2099
45543
87627
38000
28663
8824
96904
71421
96904
48000
99541
4682
96904
96904
91754
96904
96904
96904
50991
17968
62323
96904
90942
17968
42969
22663
22674
96904
17968
10228
7132
96904
58668
17968
64129
86345
96904
17968
5035
17968
96904
17968
6515
30598
99080
17968
67096
86912
2276
28478
6857
17968
96904
96904
77382
96904
96904
26097
93156
86779
3052
96904
92301
96904
26280
66207
10864
17968
1108
78118
96904
17968
34179
17270
17968
96904
96904
96904
55006
96904
52584
96904
96904
17968
42587
13023
1022
29062
96904
8046
74825
96904
30596
88743
81858
91356
96904
96904
73746
96904
23356
17968
58826
79159
98907
17968
17968
96904
17968
96904
92979
30640
73809
96904
2454
15686
96904
91296
17968
85383
2384
17968
77426
62692
59323
87441
65833
82338
17968
98633
17968
96904
96904
92664
34936
10896
17968
96904
22866
48474
17968
33396
96904
73524
19337
17968
58715
29270
17968
96904
92984
96904
89549
96904
17968
98451
40937
17968
74722
6354
96904
15087
17968
96904
28385
22801
45291
23355
36911
90566
19750
73909
35866
17968
96904
48054
70452
56726
75085
42440
92622
64984
3259
33748
24865
17968
9179
17968
96904
40890
17968
17968
32762
96904
96904
22702
42611
2339
22745
62939
67542
17968
30859
11158
24540
17968
36919
17968
83232
27755
96904
96904
17968
17968
74826
57798
17968
96904
44245
44384
86417
17968
96904
96904
4389
17968
17968
17968
96904
31541
19229
17968
96904
96904
50777
13774
17968
2923
30065
6880
69465
20717
25803
34083
96904
68548
17968
96904
17968
96904
17968
85400
17968
29389
15928
99035
42278
9169
96904
96904
96904
30187
72506
17968
96904
96904
17968
95642
96904
17968
17968
20619
98413
96904
17968
97443
17968
95745
97964
7616
96904
63475
94016
4517
82711
17968
78496
74702
93538
6346
17968
95932
96904
96904
85422
17968
59241
58853
17968
17968
64045
47266
96904
96904
96904
2516
3311
43236
17968
44383
30059
432
17968
96904
17968
21425
34189
42091
10174
23345
96904
27947
20886
77834
79242
15609
96904
93963
96904
42349
17354
45206
91032
96904
56221
96904
34254
96904
54005
49660
17968
78235
5497
96904
96904
17968
17968
17968
82540
33977
46069
96904
12609
15928
19551
33419
84970
72079
17968
88951
3113
17968
17968
96904
96904
96904
45932
17968
17968
17968
81790
91523
94242
96904
17968
1735
17968
5807
17968
96904
29530
65645
17968
96904
53928
96904
76026
17968
85511
17968
96533
74935
26382
96904
96904
35924
63419
96904
17968
17611
90442
96904
17968
17968
19292
69338
96904
17968
17968
40330
98979
34586
78613
27520
17968
17968
96904
96904
69423
71333
17968
96513
79577
60185
54272
49260
17968
57925
96904
96904
79410
17968
40403
21415
96904
17968
96904
61689
17968
96904
45798
8082
17612
50098
68521
96904
17968
37331
15477
96904
96904
96904
17968
60183
96904
96904
43162
39246
38171
87645
17968
77442
74704
73332
31180
96904
17968
22145
32754
81567
66804
68019
64288
43286
96904
17968
96904
68513
93353
17968
10561
96904
96866
96904
76375
17968
17968
96904
3311
17968
75072
17968
79554
1902
21117
16701
2657
55158
96904
17968
96904
17968
11644
53128
20623
30524
6642
96904
70787
96904
7863
17968
17968
59206
17968
12140
96904
17968
13065
27107
6805
7316
17968
17968
77206
17968
94171
17968
70400
43868
9737
17968
58063
2293
41118
17968
51123
37564
39517
7988
58939
17968
17968
17968
64739
96904
13441
70272
61195
96904
18467
96904
89370
9755
96904
12383
12877
24374
17968
17968
17968
18729
7990
91980
28216
74572
73875
80205
96904
32555
41819
31290
25949
35159
41083
96904
3827
41400
96904
90758
17968
93080
14667
22592
96904
17968
96904
38364
30800
28055
40923
45577
50241
14255
17968
42863
17968
9583
17968
49129
87019
17968
75843
17968
87052
8931
22606
17968
17968
15893
96904
96904
96904
94410
17968
20961
96904
96904
30910
96602
67816
74688
66860
65195
92421
14363
17968
96904
4012
12954
17968
50756
88917
31656
17968
71572
68815
96904
17968
767
17968
62911
40047
17968
17968
96904
7752
45343
74641
17968
96904
78997
33977
43033
17968
17213
49158
90253
17968
17968
96904
17968
17968
11306
96904
20384
13504
97350
17968
46371
22958
82789
96904
2499
17968
96904
96904
5093
17011
17968
96904
17968
21918
91301
95063
96904
96904
54918
17968
96904
96904
27052
96904
12311
96904
17968
12831
41925
79171
17968
96904
96904
17968
96904
82258
28645
43071
96904
96904
96904
25009
60063
6208
96904
99620
17968
15876
96904
96904
75988
96904
17968
96904
96904
17968
17968
17968
72999
17968
99402
55905
17968
82150
17968
35261
46954
65771
62413
6180
46991
20968
70540
96904
37736
78355
95912
17968
17968
40722
27339
29708
17968
3574
96904
8267
1953
17968
96904
17968
73090
74805
96904
17968
73005
46636
96224
96904
41663
17968
45440
32836
96904
17968
17968
93901
7132
17968
96904
17968
17968
17968
96904
17968
88758
81079
16416
91420
96904
21727
17968
87624
5701
17968
57379
94761
28058
17968
73220
37905
93941
17968
30104
96904
96904
96904
55014
1166
80786
47355
12007
96904
17968
9579
9635
14878
96904
98417
44736
98810
96904
96904
96904
57086
22414
97137
96904
17968
17968
17968
17968
63175
23868
99598
12578
96904
96904
28484
96904
17968
17968
53946
96904
11811
45820
97346
13199
36726
61440
17968
96904
92543
17968
4044
46659
73200
87817
8281
85517
29368
65931
19209
17968
43750
17968
34713
25898
51919
96904
11038
96904
96904
48863
20896
96904
96904
14647
22527
10296
96904
30932
96904
96904
17968
96904
55697
23683
96904
96904
17968
73742
17968
96904
63076
65034
17968
18528
17968
47361
73699
98268
85591
17968
65461
96904
17968
94405
18946
96904
42116
65995
16288
43655
96904
96904
96904
22593
96904
96904
17968
39875
60782
17968
22285
17968
13839
17968
56520
40981
14413
37042
17968
80172
96904
96904
17968
69343
48551
68669
17968
17968
78419
96904
56679
50056
73815
96904
17968
96805
34376
17968
17968
5551
17968
12513
10183
67672
17968
96904
14508
33468
3634
96904
96904
96904
17968
96904
96904
49059
64954
21804
96904
17968
96904
36565
17968
17968
93559
96904
96904
6986
96904
32676
93726
3758
15342
17968
17968
25171
27685
17968
3597
96904
96904
17968
27789
1813
9104
12457
65473
52034
96904
81678
17968
96904
17968
70529
87622
96904
17968
39943
76025
56648
84117
17968
17968
17968
17968
46433
80885
50080
37087
59591
77157
17968
94789
17968
54952
9977
96904
17968
12693
1698
1908
96904
96904
17968
15057
44263
96904
82118
96904
96904
96904
17968
96904
17968
96904
17968
90662
93595
35703
96904
17968
1484
17968
96904
59585
13933
47037
57628
30440
22711
17968
17968
96904
96904
6351
96904
68415
74738
63413
54343
81460
58863
17968
44494
17968
55404
96904
9668
3956
64318
17968
17968
86111
17968
95247
71678
17968
96904
17968
96904
76235
31000
18857
17968
58318
98892
30013
54548
96904
93352
88500
17968
90659
16263
42549
17968
51742
1586
67427
17968
96904
22984
69370
63922
56304
90341
96904
48500
80067
6187
17968
8999
17968
96904
44077
96904
85756
69417
96904
96904
49806
137
17968
17968
17968
96904
17968
67768
3525
14093
96904
9222
20193
24356
17968
17968
96904
41366
64351
2460
64454
15497
96904
6473
96904
17968
15662
68982
57887
85739
42622
17968
96904
96904
32864
96904
11071
17968
17968
2532
96904
19885
17968
96904
96904
17968
10666
50642
96904
17968
20186
96904
4783
63494
40793
72886
96904
11770
55642
17968
96904
17968
14352
92634
8696
17968
96904
36420
17968
96904
77561
96904
11376
73088
42856
74529
17968
96904
40539
20443
62675
70489
84711
7405
32729
96904
12339
17968
17968
96904
17968
59415
68583
94433
72975
17968
96904
34366
27488
17968
51584
24008
96904
96904
96904
62045
7827
71219
17968
17968
96904
67349
62559
17968
17968
96904
96904
3756
39245
74652
4129
63507
42708
96904
96904
44723
19379
86166
17968
17968
17968
17968
96904
85460
96904
17968
5569
59997
54051
4755
96904
96904
51590
94947
91159
20814
15310
17968
96904
28751
96904
17968
96904
33492
96904
33862
96904
96904
2473
85122
17266
70681
17968
17968
29431
48938
15117
50579
14869
76089
14430
17968
15443
96904
96904
96904
78414
56836
17968
51096
17968
7316
17968
64749
46450
96904
96904
96904
56356
56768
96904
28439
17968
96904
17968
96904
9461
30978
90101
96904
36780
96904
96904
96904
17968
96904
17968
9850
96904
96904
49774
96904
96904
63685
87774
8400
59825
98643
35205
17968
3520
95124
46398
96904
95948
1947
17968
36268
70253
78853
19100
96904
96904
50392
17968
96904
17968
96904
67406
17968
96904
70892
19463
42091
17968
35092
21175
21216
54643
1425
11665
73412
88270
60866
1119
96904
21345
79837
29175
20182
96904
88653
17968
97049
96904
53564
7800
71769
55496
36770
52235
93094
22265
96904
13168
36827
79117
17968
5205
53593
75608
88244
97213
3560
29379
16166
17968
96904
29416
1912
78258
44213
83427
96904
17968
93555
11356
17968
52524
57753
25747
3976
45732
8854
37726
96904
17968
44306
96904
17968
32653
96904
58424
96904
96904
30519
96904
17968
17968
96904
14284
84951
77372
17968
63367
5482
54545
81625
96904
67515
42922
96904
27469
3660
17968
59635
17968
17968
52332
63630
75660
17968
37612
96904
17968
57575
59051
98835
27042
17968
57216
63534
17968
80149
17968
96904
17968
5077
73842
35186
25509
17968
20098
51593
79236
108
17968
96904
62337
85596
88664
96904
96904
14486
24817
17968
96904
30778
62199
95596
14757
68708
96904
17968
96904
11431
17968
17968
20848
17968
17968
17968
192
96904
66439
348
6694
96904
5451
17968
17968
96904
82946
91158
67468
17968
96904
96904
30286
67000
96904
96904
50125
96904
35814
96904
18413
96904
14477
50607
41073
80256
17968
67386
23104
17968
70551
17968
96904
96904
17968
93298
55255
64478
7354
99043
80813
96904
81805
16826
96904
17968
96904
57323
75911
96904
25696
91239
17968
35423
17968
96904
17968
40566
17968
3978
17968
11906
94863
63488
96904
21902
67494
25001
96904
96904
25766
96904
96904
99528
23869
96904
17968
63169
17968
34778
96904
17968
23757
17968
96904
44408
17968
36374
9652
96904
96904
96904
96904
96904
79033
96904
96904
17968
32649
86437
96904
17968
96904
9488
53149
8426
82188
26994
40559
17968
40565
17968
59495
96904
57865
17968
96904
33542
87134
79264
96904
69351
86912
96904
96904
66527
96904
19808
19942
48095
17968
96904
96904
33186
48668
96904
17968
96443
21884
17968
90219
38381
11056
51668
96904
46134
17968
96904
17968
81323
17968
96904
60467
96904
17968
2126
17968
11794
4200
17968
96904
96904
29972
55258
9804
96904
5359
17968
9124
28698
44790
88962
17968
96904
37482
17968
15537
96904
27966
5666
2172
17968
17968
96904
49215
17968
76807
96904
78975
17968
17968
96904
96904
96904
96904
17968
56725
96904
9508
10643
79103
17743
17968
96904
67356
96904
16337
96904
17968
32004
96904
18730
25848
96904
56556
62339
60716
84635
49531
81075
74798
57164
4290
96904
3597
17968
47896
51251
17968
17968
31548
96904
96904
96904
96904
25349
17785
96904
37066
91554
17968
96904
6657
96904
9913
45457
17290
17968
58492
96904
96904
17968
11305
17968
17968
17968
17968
27584
96904
63483
96904
96904
19097
17968
85697
83648
77100
96904
17968
96904
22744
64570
96904
74298
17968
9828
17968
43606
17968
96904
41344
15935
96904
96904
17968
96904
86883
17968
20209
17968
9594
17968
96904
7798
52216
34213
6715
96904
96904
46352
49974
17968
17968
87213
96904
80251
80365
17968
55200
40645
5462
96606
48532
82981
36956
46275
17968
92174
23309
81978
50768
47162
74893
17968
87217
16514
48029
60998
17968
17968
17968
43806
72896
67914
96904
78382
17968
32049
91975
47778
17968
17968
67011
34709
17968
43132
50614
17509
17968
96904
17968
85437
96904
4703
37396
74055
17968
96904
53340
96904
17968
33574
55684
2369
78550
2236
95392
8609
13110
17968
96904
96904
24321
17968
98458
3680
17968
17968
16648
32350
17968
9833
55733
96904
12201
79494
96904
45021
96904
52513
29501
17968
54057
17968
96904
69885
86842
96904
96904
36962
811
26075
96904
17968
29873
34992
64539
96904
96904
86171
17968
53044
96904
4736
33416
59465
96904
17968
18216
96904
96904
96904
10216
98659
9820
57591
27207
17968
32892
96904
96904
57315
46394
17968
39070
58222
96904
93122
96904
96904
6976
96904
70127
65678
53874
96904
96904
17490
17968
96904
17968
66076
89341
96904
3022
69053
95188
17968
17968
96904
96904
48044
29546
49144
10279
72839
44596
96904
96904
22108
89996
10249
4307
96904
60924
96904
20097
96904
34774
16836
63728
50016
66603
44315
96904
61487
96904
66151
96904
77889
36310
96904
17968
17968
5972
78194
96904
96904
17968
4623
16656
15003
96904
66868
17968
16453
17968
17968
64371
1803
17968
17968
38908
95361
96904
96904
94635
96904
66822
96904
66975
20033
12866
3149
32850
17321
96904
96904
17968
84499
17968
96904
19022
78829
45453
41142
90647
45194
17968
8344
96904
17968
96904
17968
74974
82875
17968
75516
19215
57185
53876
96904
96904
96904
62944
96904
86783
17968
15469
14973
17968
96904
99664
76628
96904
17968
62887
17968
7526
17968
104
99528
17968
73831
17968
83635
67261
96904
12614
77898
96106
69279
96904
96904
96904
77716
72870
39202
9654
96904
17968
9394
17968
41671
128
96904
96904
55009
35091
17968
17968
95149
71929
11721
34758
48969
5817
96904
96904
96904
96904
19432
96904
22197
17968
17968
96904
17968
47588
96904
16488
96904
96904
96904
82400
2103
23019
16910
62099
96904
4050
17968
63805
45902
1124
68406
17968
96904
52811
17968
17968
97125
17968
85321
96904
17968
55893
77838
9901
3704
98771
98299
17968
96904
17968
96904
97567
96904
17968
96904
17968
17968
96904
14254
17968
47706
17968
17968
96904
26479
96904
69623
69419
94125
13622
68707
17968
17968
73220
96904
10274
42383
87796
17968
17968
773
96904
17968
77539
3628
30323
17968
16753
82542
2071
96904
79203
17968
75145
96904
70884
79717
54522
96904
169
44333
17968
96904
96904
17968
30569
3568
27979
17968
17968
96904
91782
1902
77346
84134
96904
6569
88969
96904
17968
672
17968
80414
52194
17968
17968
95360
63327
48128
2766
10033
67965
37855
97123
53345
12
96904
65707
17094
96904
10790
85860
39633
72393
17968
96904
96904
39921
17968
63574
17968
45189
30992
26340
17968
44272
44794
2428
17968
5512
96904
39716
17968
52838
23819
17968
96904
17968
25417
17968
81184
96904
14073
75162
67520
10055
23143
96904
17968
17968
17968
38862
15549
17968
3280
8854
29376
23425
6671
96904
35565
68569
96904
87887
96904
16928
17968
533
17968
74882
17968
4011
96904
75377
48545
60444
48361
85430
17968
88165
96904
75644
29185
90051
96904
82776
17968
96904
17968
28322
17968
264
17968
40887
32654
96904
2637
42344
14000
52945
96904
97222
94252
17968
17968
50429
11815
96904
17968
97911
59558
89309
17968
93380
20227
84014
52287
30667
45328
96904
96904
17968
35958
95800
17968
8084
47321
15353
17968
96904
96904
79338
35258
94554
96904
96904
94866
23515
7237
72859
96904
76082
96904
17968
23084
17968
27897
67434
73120
68978
71516
93435
38925
47782
15013
96904
95462
17968
93253
7015
17968
96982
17968
17968
88189
17968
17968
92661
2852
96904
96904
3421
61173
42607
17968
31471
96904
50835
56368
54739
8004
11053
903
17968
96904
13875
44398
18579
50066
96904
96904
17968
72721
17360
96904
27480
44064
41784
96904
96904
77517
96904
84892
37366
56550
17968
40047
96904
45346
51296
1376
17968
17968
17968
17968
99478
21387
91605
3539
93694
96904
17968
69166
59226
17968
94698
36228
47196
96904
15238
96904
17968
93564
96904
65742
17968
96904
98025
96904
8258
96904
17968
17968
17968
17968
95503
17968
97678
15914
71766
71048
99749
17968
30020
17224
59550
94664
17968
17968
96904
99204
99334
96904
17968
17968
96904
96904
17968
17968
17968
44737
11482
96904
17968
4187
1846
7789
56780
26417
12422
54044
17968
59541
75351
25711
12987
96904
17968
19476
17968
53106
61582
96904
64995
96904
96904
17968
17968
66548
63580
82281
53623
46008
96904
91172
27495
84392
96904
69395
84961
54671
17968
17968
96904
62385
17968
61084
76101
17968
17968
96904
17968
96904
17968
17968
84700
8708
17574
17968
69355
17968
61489
17968
60693
740
17968
96904
17968
25390
17968
16760
20511
17968
77999
96904
17968
55540
96904
17968
23602
96904
17968
3040
45778
96904
82693
96904
99501
41002
114
8247
55366
54117
90181
49713
63416
50711
17968
43929
50456
96904
17968
94492
96904
33925
54637
85599
96904
83951
28844
33714
85137
59845
62643
19472
2841
96904
50141
17968
3606
42374
75603
59234
69586
24730
56073
23116
69216
99087
17968
75197
60199
96904
40813
3683
70833
17968
69182
96904
96904
31193
17968
37208
28153
45438
9166
16135
92262
72849
49133
64026
42629
17968
17968
18047
53291
96904
87608
96904
96904
45705
96904
50656
96904
17968
44623
37586
56897
3231
17968
81469
30632
17968
78450
97439
41551
28893
52696
20911
96904
96904
84405
25622
85458
87021
96904
9612
74107
17968
96904
17968
72325
15397
17968
49081
35647
18150
17968
96904
7186
23018
50116
17968
96904
31781
5811
98689
17968
75107
17968
85293
44210
96904
17968
74781
37626
44882
96904
67180
94957
17968
15075
79125
17968
17968
82434
96904
87576
45193
17968
86853
96904
63964
96904
65856
17968
41456
17968
17968
60101
96904
96904
76713
62066
17968
96904
96904
96904
60448
70815
96904
17968
3084
17968
94593
88023
17968
17968
34639
74242
17968
96904
49123
96904
96904
17296
96904
1782
56018
96904
27157
17968
17968
67518
17968
21073
55168
96904
96904
52951
17968
67713
17968
69863
96904
96904
98637
96904
17968
21294
96904
96904
96904
17968
17968
18360
46731
17968
1367
96904
9968
96904
17968
25955
96904
1593
96904
86331
17968
3719
17968
96904
17968
45905
47127
25115
17968
17968
40506
69122
99822
25103
75192
41839
15880
9311
17968
96904
17968
96904
96904
18577
30171
96904
44516
20434
54024
17968
17968
99849
25840
26075
96904
98918
96904
7582
17968
17968
96904
96904
17968
96904
86325
96904
17968
17968
9049
50695
57785
67460
96904
20744
36161
21515
33712
82439
96904
9978
17968
90549
17968
96904
92392
17968
96904
73343
54096
53904
17968
1485
3737
77024
20594
23552
96904
57534
96904
96904
70540
20299
96946
90937
96904
96904
96904
91876
90080
73845
2371
27689
6467
750
47519
61410
96904
6150
96904
96904
42538
11371
72850
17968
27176
17968
15910
29046
96904
96904
5777
22650
17968
96904
96904
33757
71458
77446
57859
97948
53884
13875
13959
76666
56475
17968
17787
86669
59701
80032
81785
17968
14443
45199
96904
3429
17968
63643
97497
17968
17968
33977
59850
51917
17968
96904
12845
27139
96904
59035
17968
88430
55318
59448
96904
81901
43868
91790
27976
21550
96904
33696
65872
86161
13967
93860
55458
82337
30424
66116
26718
96904
1124
96904
96904
96904
12129
63764
17968
25093
79673
33405
20378
33259
72921
1963
46659
15760
17968
51910
17968
5237
43366
10861
17968
17968
98173
62146
17968
17968
17968
17968
78369
96904
83351
47408
96904
78007
9848
96904
96904
52119
77860
53360
41814
81587
68836
3660
17968
96904
57168
52267
33686
17968
30873
1539
96904
17968
96904
1729
48239
17968
67101
96904
17968
96904
96904
6825
34807
83454
16742
17968
74184
17968
17968
17968
96904
54635
43701
96904
96904
99827
17968
47256
72770
96904
17968
82043
96904
30106
3861
10533
96904
44286
96904
52803
96904
96904
55039
4591
96904
17968
39002
96904
96904
96904
15847
251
96904
96904
29215
96904
96904
19469
69273
41117
10676
17968
96904
90020
96904
96904
96904
96904
17968
58905
38000
29628
82731
17968
96904
2876
17968
17050
17968
75247
63931
17968
17968
96904
17968
7130
17968
92042
84573
17968
1343
17968
9652
33532
3842
36253
36609
17968
70613
96904
71305
96904
1303
96904
17968
17968
32402
17968
50803
57032
96904
33279
48372
96904
62514
96904
17968
47304
17968
96904
96904
26607
74802
37554
98737
38941
17968
17968
96904
62208
96904
17968
96904
29161
17968
36719
17968
2340
25071
84599
97626
96904
95246
88661
63423
4646
96904
20553
17968
34228
39906
96904
52782
26245
91828
47302
54322
24043
96904
17968
87727
65705
17968
55217
96904
17968
79811
11881
17968
9910
17968
96904
96904
17968
13774
17968
45954
8027
13455
3204
96904
46778
2015
54950
84473
96904
96904
94241
90693
96904
17968
96904
73778
17968
79318
17968
17968
94595
17968
17968
96904
22615
50590
85743
96904
96904
61143
96904
83387
78292
29074
54580
50589
70939
22788
78532
44568
17968
17968
88241
79392
16632
93454
17968
70947
12915
97172
98894
31219
17968
17968
17968
39809
56445
9808
57643
46286
13292
96904
9202
96904
96904
30053
49252
17968
37004
67436
96904
59163
17968
80306
6632
96904
17968
17968
62930
96904
96904
96904
17968
96904
33492
93582
27964
28872
49700
86550
37653
3260
96904
9107
17968
1409
17968
96904
41181
59958
17968
96904
46802
37584
66333
631
17968
96904
17968
96904
56227
32428
17968
96904
53945
17968
70530
17968
63046
17968
17968
55118
64142
17968
96904
19544
20713
60519
17968
17968
79370
17968
96904
61635
17968
19184
17968
96904
50965
96904
17968
96904
80307
17968
76859
96904
96904
17968
96904
17968
53767
76116
56588
17968
17968
17968
3678
5019
96904
79094
80650
17968
17968
35144
28444
16321
91535
16838
96904
91709
17968
34795
96904
17968
17968
1947
30892
96904
46482
96904
76063
84325
65702
96904
68554
49050
71803
96904
53015
51720
39688
17968
96904
6768
96904
55891
10852
17968
72178
7623
41280
89107
1467
74920
74216
23301
96904
17968
96904
39054
96904
96904
60590
65183
12143
96904
96904
77376
17968
13560
96904
17968
22068
17968
96904
2024
39927
19535
93039
94315
96904
96599
17968
17968
17968
96904
65262
96904
76743
1501
17968
17968
17968
17968
75919
66074
17968
17968
41977
11053
65087
48297
47655
96904
27244
17968
17968
89993
96904
17968
94285
9828
96599
46700
89660
39841
96904
96904
96904
17968
14815
80847
17725
96904
40690
17968
96904
15256
19555
37233
17968
34953
60690
96904
19415
17968
17968
1606
51043
69629
19784
41217
56184
40866
37808
17968
94859
17671
96904
17968
95138
75320
51355
50967
5862
44580
17968
42380
39746
96904
58121
96904
57971
23640
96904
17968
93821
96904
7411
87460
35941
3041
68689
63084
1595
96904
96904
17505
7069
50269
19490
3889
96904
96904
27784
85621
23779
17968
17968
96904
31829
49414
43785
17968
7933
96904
96904
37796
96904
91058
14646
96904
18681
82068
96904
96904
17968
19395
84537
79406
17968
80236
30306
96904
96984
17968
88733
96904
17968
96904
92144
96065
18395
85514
96904
73933
96904
17968
17968
2784
9857
33112
51947
49899
17968
43147
128
72711
96904
27976
67395
54121
41208
15285
42490
99729
17968
90803
83243
26425
48492
39165
96904
24819
89526
37694
17968
17968
96904
95730
17968
96904
42427
17968
70757
64660
96904
17968
27351
91658
17968
35346
1700
56092
96904
96904
17968
17968
78849
71593
98799
78504
17968
36049
31739
55426
60725
96904
17968
17968
17968
56655
56619
17968
96904
17470
83557
96904
96904
79796
96904
96904
19129
833
25236
83909
17968
33686
17968
88789
81658
96904
96904
2511
17968
75508
17899
17968
89240
17968
96904
96904
17968
96904
1176
66900
96904
96904
42304
38258
17968
89246
96904
96904
17968
17968
37847
74612
96904
17968
17968
28436
97804
14248
17968
86053
96904
96904
13863
79478
53038
881
17968
85356
96904
17968
20906
56500
96904
17968
60038
60613
96904
17968
96904
8007
17968
20346
17968
96904
17968
68537
73900
59038
96904
17968
84765
96904
776
25454
96904
17968
17968
87608
17968
47541
96904
62862
16296
17968
35456
95059
45740
5087
2
77453
15838
80791
17968
57607
17968
96904
75481
83920
17968
76203
17968
11975
74494
96904
57922
20763
17968
43332
96904
28361
18431
3452
98794
89393
17968
96904
96904
51658
32760
96904
97655
6776
96904
96904
17968
17968
55984
35189
85863
17968
10809
4155
34235
15852
27820
8509
17968
17968
99557
96904
52896
96904
96904
92353
54583
67226
17968
17968
17968
96904
32747
42018
90627
17968
96904
75748
96904
17968
20508
96904
45138
25744
96904
96904
87553
96904
17968
14836
76667
83775
40556
17968
40888
96904
17968
46229
7549
49229
17968
17968
24135
25390
96904
19271
96904
85534
43720
92021
75560
17968
3827
50868
69189
533
55809
66458
96904
16007
17968
17968
96904
64574
17968
18435
59688
18439
96904
96904
17968
4464
88198
96904
96904
70702
17968
96904
96904
54063
96904
17968
43947
91032
4371
96904
79086
21069
58590
96904
2615
12992
79815
62384
17968
93733
96904
96904
4255
1209
73680
16710
96904
15403
96904
84072
52125
84585
96904
17133
17968
17968
68100
12224
68895
63892
96904
19966
49403
16940
87973
96904
96904
54423
17968
96904
17968
96904
98925
17968
62953
17673
17968
50256
17968
7203
96904
17968
64094
8037
17968
96904
17968
17968
96904
61745
71288
85566
96904
1435
71931
78986
60522
64307
10540
96904
96904
15570
96904
38657
96904
17968
20338
17968
38566
96904
17968
83170
17968
30526
78500
96904
24760
19306
96904
67123
17968
72130
17968
55774
7089
8548
17968
96904
56421
1978
41631
69311
67195
67790
72636
50244
84167
96904
96904
82177
28202
86493
52616
70401
69500
94345
17968
28911
96904
46584
17968
95899
46982
96904
17968
96904
99920
38180
96904
17968
17968
8787
17968
72430
65127
96904
96904
43769
4943
17968
96904
96904
74761
17968
72983
55449
19083
48956
96904
63130
66849
96904
51949
2207
18566
96904
36232
13384
94752
23376
4953
40483
21772
97587
17968
63568
96904
66199
96904
17968
4730
24168
86595
38314
46828
66961
17968
44461
17968
76960
17968
96904
1787
32758
96904
14764
96904
11968
96904
73688
40995
96904
6497
78716
4534
60044
96904
96904
350
22820
45866
17968
95788
77965
96904
7390
17968
57162
96904
19820
74924
96904
96904
17968
17968
96904
17968
550
17968
96529
71091
17968
58970
35027
31382
96904
85583
99831
17968
60076
43540
17968
17968
17968
17968
96904
15941
22930
31808
17968
96904
76075
17968
17968
96904
27980
17968
96904
96904
5533
96904
12817
79386
57451
96184
17968
21523
8818
96260
17968
17968
17968
45301
14174
96904
17968
93611
22849
96904
17968
17968
17968
38056
17968
17968
68973
96904
96793
17968
96904
59037
5297
96904
13726
38172
19418
17968
57799
44108
72536
3522
17968
7885
20069
2131
17195
37931
48232
81976
19539
96904
17968
96904
96904
96904
23720
11794
85551
17968
96904
92502
54593
33250
96904
19641
17968
1912
41530
34811
70034
86426
96904
32338
51554
79781
51566
96304
51114
96904
23868
99828
75563
17968
69457
24581
46939
60513
63001
60827
61130
37594
17968
96904
17968
6780
85396
96904
92449
96904
17968
17968
96904
71453
96904
96904
44489
7990
96904
14265
79082
670
48187
31079
17968
16231
58426
72029
45371
17968
95947
26351
35190
16467
32495
31118
45385
17968
86275
60238
17968
17968
97745
96904
96904
74908
20491
17968
57743
96904
17968
54318
17968
17968
96904
91537
96904
54648
4510
96904
74424
79105
58048
82072
9500
96904
44286
66084
96904
91696
83823
66959
86169
29485
9737
27157
17968
57448
59396
69752
92711
10485
69972
49656
27368
96904
81559
96904
63822
51762
48304
65169
8015
3519
15595
8167
17968
80210
6477
2827
57891
96904
55786
68704
67482
2237
75272
96904
52059
96904
52972
64851
21623
6916
70271
533
22737
98904
98720
50510
17968
39255
96904
96904
37669
45853
17968
17968
96904
96904
15071
25163
17968
11087
3297
96904
90284
1902
74437
79400
96904
98897
68727
96904
96904
8338
57533
85950
17968
25505
19400
17326
21504
77249
17968
59202
20487
35532
96904
18550
4794
68954
17968
96904
96904
17968
81892
83231
96904
96904
81643
73659
6931
35668
25263
33587
73722
17968
92945
73338
14459
62721
96904
9527
44000
17968
17968
89953
29419
14529
93268
17968
57001
96904
17968
17968
17915
96904
96904
30289
14029
77282
96904
7800
96904
49112
68280
2226
41145
51512
96904
18236
17968
96904
17968
39103
20558
17968
19003
5998
83808
41622
71932
76869
17968
28903
96904
96904
49703
17968
17968
96904
23765
96904
17968
4735
58172
17968
96904
33181
17968
17968
44981
93099
25762
97993
86087
17968
99518
17968
4012
26096
39856
96904
35083
96904
44842
17968
17968
96904
7844
17968
43179
11443
17968
91092
2223
96904
80193
96904
17968
38052
17968
47422
47125
96904
71177
17968
96904
17968
44792
96904
7354
94610
27488
17968
96904
25542
17321
17290
14029
41184
65613
96904
17968
17968
17968
17968
46478
17968
99086
96904
17968
96904
740
84132
23593
13401
28633
17968
17968
14107
34965
3330
4096
42556
8470
6146
73959
94757
63764
96904
78010
96904
96904
71793
96904
63170
96904
4828
29939
18189
74233
5193
17968
128
33813
17968
26053
60946
17968
17968
54015
96904
17968
5525
94187
96904
61591
94272
17968
56753
54964
17968
20105
31745
17968
96465
96904
17968
34790
42818
4343
17968
31022
75930
83433
34832
17968
20357
35675
9309
11679
8395
17968
8678
96904
96904
17968
96904
54024
96904
80404
46318
52308
86387
45867
90603
17968
36788
56674
27121
67536
96904
96904
53182
17968
5179
76239
59930
37588
95244
25551
60126
96904
60407
81235
37303
17968
44112
92533
96904
17968
32568
17968
96904
17968
51650
42655
79543
84884
96904
17968
30449
41798
17968
7364
17968
92680
17968
80274
96904
79281
82526
17968
50234
66209
6544
61308
65636
8411
18699
96904
17968
96904
96904
96904
52707
17968
77498
58637
17968
96904
96904
17968
28702
17968
59369
96904
17968
72039
72560
53416
62908
59854
2195
17968
10005
12013
64366
31885
45304
58275
62982
50296
94583
96904
12263
7126
29480
19962
96904
74752
96904
96904
83067
96904
14250
58376
96904
17968
9527
17968
12
71347
17968
96904
17968
4211
86394
8447
89995
99501
963
60520
3435
57936
49114
26132
53901
96904
17968
93198
17968
68474
78921
50419
17968
96029
17968
52564
73918
17968
40912
17968
17968
96904
17968
11477
17968
87652
72695
48129
39577
84838
71228
21196
28338
17968
77007
97614
45412
58542
96904
61408
81524
75022
96904
96904
15822
96904
17968
96904
17968
8426
94438
67061
86395
96904
37404
17968
17968
61077
9922
17968
57859
17968
48247
17968
17968
17968
17968
17968
1463
96904
70138
96904
96904
96904
34946
96904
17968
11078
66608
17968
4966
82602
68610
12807
96904
99641
17968
17968
96904
73379
37887
25
96904
38303
17968
17968
17968
55625
17968
96904
96904
37677
96904
96904
65308
8450
96904
96904
96904
96007
27491
49547
25839
24441
96904
36037
96904
99492
48438
6523
26006
96904
17968
17968
51632
17968
96904
17968
96904
96904
96904
18524
3303
70134
16951
38292
96904
96904
17968
71712
73524
96904
96904
74088
13735
96904
48875
17968
17968
9142
17968
58105
96904
26189
86038
23930
93245
83440
96904
74787
96904
17968
46995
11644
13056
16015
19538
67036
96904
49844
17968
90853
86005
78842
17968
20979
17968
96904
17968
17968
52987
17968
74113
74548
73545
27166
74852
96904
17968
90192
67307
93210
81446
15804
96904
17968
17968
89846
13560
5637
37306
40179
71062
96904
39891
96904
17968
96904
96904
17968
59868
96904
8527
47448
96904
96634
49648
26712
96904
17968
67525
17968
30602
61886
47175
97348
85640
69336
55466
77508
23204
17968
5387
3754
14521
73254
22613
56642
17968
96904
96904
28753
4319
17968
17968
17968
98049
96904
17968
2839
90875
17968
70288
96904
32364
17968
96904
96904
76940
56657
96904
8837
78997
96904
17968
17968
81903
17968
46743
70488
10958
17968
33512
96904
20286
96904
96904
65070
17968
17968
17968
7983
25855
60968
67099
32062
11181
71608
96904
84
27398
69762
96904
96904
18489
17968
23233
96904
53832
17968
96904
17968
96904
96904
16730
66371
10594
17968
95392
84712
85984
41564
50160
96904
17968
17968
17968
17968
17968
34300
17968
50141
17968
96904
49444
96904
96904
96904
96904
48796
96904
5696
10746
28689
86967
72160
17968
18250
17968
23525
65104
35946
96904
17715
72699
42837
14217
18390
96904
70194
15705
17968
17968
96904
17968
17968
96904
17968
96904
59575
91436
17968
97065
9009
23699
8289
96904
96904
92372
62069
83956
17968
96904
17968
32181
17968
17968
17968
96904
96904
39626
96904
43873
96904
18406
17968
17968
24077
17968
45884
36609
15287
4560
17968
17968
21990
84464
14743
94031
28347
4995
16571
63709
96904
17968
17968
10330
92273
14357
96904
12869
40291
31039
18775
17968
35386
1431
8826
17968
96904
80583
5678
99629
96904
17968
11202
56577
65493
17968
40859
20902
17968
2778
38606
96904
17968
31601
50094
17968
17968
98183
70686
43832
50221
12131
96904
95192
25299
54705
96904
92312
44075
17968
36842
96904
89557
59720
863
96904
96904
7920
95515
17968
22816
34045
20094
90299
96904
1715
17968
53585
88894
96904
19844
15503
96904
35718
47501
84915
96904
84093
17968
17968
96904
13166
78136
37004
58536
69998
6552
17238
96132
88554
96904
17968
17968
19889
96904
17599
14383
28703
17968
96904
96904
96904
32172
41610
42736
74821
17968
8822
99161
96904
96904
96904
81715
90103
63099
96904
15352
74990
84977
1947
53209
79151
96904
96904
96904
96904
4987
45422
91507
35044
12583
64625
17968
17968
96904
17968
16129
62161
96904
96904
26284
1750
99483
40481
17968
3000
17968
28929
89248
18276
96904
62355
40588
21174
96904
96904
17968
9581
7119
82362
96904
23544
91302
96904
96904
68686
43203
64716
17968
48589
17968
13196
28366
88673
96904
5430
4319
17968
96904
27358
96904
17968
29846
4
17968
77245
17968
33584
17968
86838
58416
55969
13311
17968
17968
96904
17968
96904
96904
92210
25264
96904
790
7355
96904
12187
17968
73717
9257
60821
22508
58679
81074
17968
73444
7717
19260
57300
96904
70250
7615
17968
34382
79668
96904
17968
17968
96904
31685
17968
17968
96904
1857
84690
17968
96904
22791
96904
17968
34274
93992
34168
2376
17968
32100
8706
70226
96904
96904
516
96904
23722
96904
17968
96904
96904
49928
96904
96904
96904
37663
56250
15250
95375
57681
17968
42321
52599
15310
96904
19806
96904
8386
29453
91879
96904
92800
85960
7475
99556
61226
17968
17968
17968
75449
6426
96904
68952
17968
51198
78279
83097
96904
96904
11386
62655
3926
51931
12505
96904
79548
17968
17968
3704
96904
17968
17968
96904
23972
11997
90230
81535
59484
78770
62438
17968
96904
63392
96904
17968
19358
27407
5778
32912
13081
96904
78603
96904
33508
59084
55710
92909
96904
27579
29379
17968
30231
17968
40386
96904
72576
23720
78247
49471
10336
96904
17968
96904
29543
43397
48812
30943
17968
96904
63171
40489
88220
17968
50626
75876
4652
96904
38187
47415
77631
18136
793
96904
17968
96904
96904
23720
96489
96904
96904
17968
13781
17968
17968
96904
62759
9307
96904
96904
17968
17968
17968
17968
85443
27459
96904
8837
17968
9778
17968
38118
17968
63086
96904
7094
50471
65811
26282
96904
49907
26905
18459
75919
57802
93183
8135
96904
39085
78249
96904
41480
96904
55719
99408
96904
2786
96904
64426
17968
64769
96904
16982
88724
67186
62417
17968
68582
17968
80863
63873
77130
65642
17968
17968
28149
17968
17968
17968
82044
17968
62398
52189
17968
17968
8677
69651
91118
13114
34045
96904
96904
88571
17968
1178
2483
849
96904
7283
17968
2014
57155
23914
23027
37301
96904
96904
87211
96904
17968
74915
90832
15434
78237
10490
17968
61367
72422
86121
54302
52226
26364
96904
78617
644
96904
63425
22876
17977
1947
45789
96904
21267
84258
44229
17968
96904
58429
96904
57727
64070
89682
8953
17968
43775
35119
87173
17968
1040
22307
98256
88339
59414
96904
96904
17968
17968
56411
8903
96904
27854
50898
19627
96904
41602
7129
96904
29740
43708
96904
47682
37961
45498
96904
81823
17968
96904
75881
96904
33470
34472
15169
92543
17968
43114
47145
17968
82736
96904
17968
95745
96904
95352
63399
17968
79989
26997
96904
41095
96904
72658
17968
17968
2956
17968
17968
13220
96781
192
96904
96904
96904
17968
96904
17968
20828
58964
45482
17968
17968
63219
92013
77896
52231
17968
26811
60102
24155
46200
99785
96904
9355
24383
11104
96904
96904
10737
96904
22284
29738
51454
24917
6013
96904
69724
12254
17968
17968
96904
14570
17968
24607
58194
2891
93265
18818
96904
17968
96904
17968
33582
11727
76816
51238
96904
11228
17968
95957
96904
7838
17968
26303
73674
33676
20601
31146
96904
12076
87342
17968
17968
70392
81168
34970
99022
14544
17968
32292
23998
96904
59904
96904
17968
28897
17968
17968
76807
17968
96904
96904
11202
30983
96904
22335
5442
16461
41433
17968
17968
96904
20861
48902
22072
65151
68953
96904
1660
54502
91390
77784
56995
17968
17968
38074
14686
96904
46842
47687
37011
37562
62109
24925
96904
11030
81531
17968
49082
17968
81167
12244
96904
17968
17968
94058
96904
35147
96904
17968
17968
29892
96904
24480
99868
31202
44373
77574
65097
25999
17968
17968
17968
17968
77041
15584
39105
71719
96904
1636
96904
3225
96904
56662
51075
25
96904
93642
17968
96904
49019
63352
78509
96904
96904
47659
17968
35198
68440
17968
740
17968
85922
36515
17968
17968
22924
17968
47700
17968
558
10578
96904
96904
96904
96904
17968
49808
95918
19865
53148
31122
4500
17968
12630
59869
55773
69338
45007
17968
96904
96904
61963
96904
17968
96904
96904
34266
77049
96904
17968
93288
8190
29575
7077
96904
17968
17968
49071
17968
61321
96904
47384
17968
96904
17968
96904
32634
17968
17968
43086
17968
11100
96904
96904
17968
97051
96904
56040
75346
3024
26560
32646
97694
95622
96904
26766
39185
17968
12713
8248
13135
52874
17968
96904
22922
96904
85438
96904
96904
83260
17968
119
17968
84984
1565
34786
96904
51497
96904
74149
79183
68310
175
14841
17968
16980
17968
17968
17968
96904
74219
92594
82233
17968
27688
1675
96904
17968
550
4619
96904
70038
30194
28695
90982
68692
15477
96904
83914
60442
10027
17968
23129
96904
96904
3553
38874
66480
1345
18275
17968
5868
17968
96904
33685
96904
2669
63150
66292
99595
84846
96904
76365
31309
96904
77735
30239
6337
1499
4926
96904
17968
4459
96904
5819
96904
22046
96904
48830
94853
91548
20963
24758
96904
96904
30185
31469
96904
63794
96904
83208
32203
96904
96904
17968
50707
11918
89575
17968
96904
64098
45420
48044
36424
17968
96904
85089
17785
76281
85387
96904
96904
18465
96904
68458
96904
56437
96904
88205
96904
99938
86350
17968
17968
6733
52311
96904
73970
17968
61228
35698
40873
35111
17968
46638
17968
62819
16487
97088
94096
96904
53571
85763
17968
1014
90336
17968
23533
98321
54814
7988
7257
17968
96904
22319
7339
69577
28047
9280
17968
61956
53097
96904
17968
17968
24640
83375
96904
96904
31673
96904
70993
1603
92857
63245
96904
96904
96904
28037
29822
15303
24049
14547
78649
3178
21302
75326
60100
96904
62836
96904
17968
79314
94573
23844
20699
4255
83941
85435
96904
29705
17968
17968
30255
6071
4659
96904
50075
881
8057
17968
67774
13689
58822
96904
96904
96904
86196
18191
17495
4625
21627
88449
17968
61455
8069
18291
17968
96808
17968
17968
17968
56770
96904
3329
96904
17968
96904
60964
17968
8705
96904
20976
94780
96904
17968
17968
97245
96904
29097
17968
57320
17968
84179
96904
79704
5842
96904
96904
17968
18089
68726
96904
96904
87663
18906
17968
43624
67028
48511
17968
30331
66933
23062
11003
31834
54374
61763
863
96904
38718
17968
96904
96904
51425
75852
96904
68032
65447
96904
16990
90408
17968
17968
17968
17968
23965
18079
96904
17968
76139
96904
17968
96904
84454
81348
17968
96904
96904
96904
96904
39633
11393
4378
17968
96904
96904
17968
74248
89188
19929
31513
2066
53061
2763
17968
17968
96904
14869
17968
17968
17968
96904
17968
96904
1754
17968
17968
57201
38588
42488
17968
86706
22003
37623
65407
94345
96904
17968
65714
96904
17968
4687
19410
36209
65050
96904
63354
96904
89970
96904
97330
81351
17968
42264
96904
17968
65859
17968
87045
17968
85862
96904
36661
17968
10924
96904
96904
96904
96904
17968
85874
46220
75129
96904
96904
43860
73199
96904
208
96904
17968
66235
98679
88370
76132
17968
17968
18685
17968
5064
34166
96904
86798
17968
96904
96022
17968
49182
98842
96904
17968
4225
32952
87896
96904
31710
85569
96904
2779
17968
96904
89797
45931
17968
19489
17968
12213
32791
59594
96904
80576
57403
94296
50261
99258
17968
96904
28663
96904
96904
78315
72159
96904
95548
4017
65825
96904
56639
71779
17968
55761
72195
60490
96904
35650
96904
96904
17968
34329
34486
83788
31413
46975
96904
38525
17968
96904
3143
17968
17530
65538
96904
96904
72030
60814
17968
23965
97916
84251
48841
37241
9745
35456
73883
90562
17968
67269
96904
17968
84342
16712
49082
43546
49489
43888
39056
17968
96904
88919
22371
96904
17968
17968
17968
59856
98223
93486
12709
830
17736
17968
96904
90431
91070
28562
15644
17968
96904
83988
17968
55728
53706
54410
20870
37358
3230
17968
57669
4895
59648
1947
17968
17968
96904
80531
73041
17968
9741
17968
86178
17968
49435
83578
17968
57319
96904
75702
90002
99791
32379
11848
25268
19051
30204
96904
55100
59619
7165
17968
17968
65956
17968
17968
22595
69528
43911
17968
17968
9421
46292
17968
17968
69095
33058
31467
77535
17968
17968
79311
96904
62975
17968
96904
17968
17968
17968
13566
72015
17968
17244
94340
96904
96904
61746
81379
30220
99437
96904
61990
39337
50
2332
96904
17968
4946
96904
13815
96904
30464
52581
17968
96904
17968
96904
62103
83999
96904
17968
9989
96904
17968
17968
17968
90068
96904
9411
6600
21126
233
1704
96904
76673
30786
52898
26121
46506
89400
17968
96904
81323
96904
96904
37857
88411
37118
99092
69507
96904
7709
17968
17968
96904
96904
74120
36581
35199
96904
17968
17968
14430
67377
17968
17968
66503
52765
97929
33135
19176
24839
96904
17968
97172
96904
11844
6320
88887
77458
26838
98064
17968
96904
18909
17968
96904
16737
96904
6424
17968
26767
75990
17968
2544
96904
55183
69458
96904
96904
17968
65523
96904
96904
86435
17968
45522
17968
87710
96904
47052
25807
63052
10454
5126
17968
74828
96904
5481
26043
5704
25954
17968
17968
53156
60526
17968
19131
33972
17968
28398
49026
17968
2185
35145
31932
17968
59678
31971
17968
50158
96904
74668
6640
19665
42904
28281
3266
28860
96904
12200
38108
96904
22514
96904
57047
17968
9175
96904
81255
96904
27694
20772
94890
43264
67579
17968
72559
96904
19479
17968
46886
96904
96904
7445
8868
6083
19979
96904
96904
17968
17968
37912
66751
12833
10577
11201
96904
96904
79700
15477
77640
30488
28140
91488
42757
98129
96904
66144
56377
96904
96904
96904
13820
96904
24179
44242
42456
3631
23648
96904
9326
7392
48448
96904
74122
17968
41775
96904
85901
1048
96904
56337
17968
36064
26191
49097
96904
12226
96904
48950
17968
96904
12081
11782
32697
66843
96904
47328
96904
96904
17968
31887
45481
5620
25571
86691
96904
96904
96904
25004
56958
68940
93455
49239
22843
4517
52569
24464
36432
35657
96904
32791
17968
17968
17968
49462
96904
17968
96904
96904
96904
39095
17968
63665
29293
70628
73825
21200
17968
96268
17968
65570
83772
39776
7483
17968
41438
905
17236
66904
96904
86527
43471
17998
96904
92496
7598
17968
96904
96904
91403
3593
96904
17968
17968
17968
96904
30771
96904
18387
84318
64347
17968
17968
17968
96904
17968
66873
71248
2968
17019
4900
17968
26525
17968
82937
96904
41721
72992
17968
96904
17968
17968
89072
96904
96904
69849
60694
32350
17968
17968
17968
50993
17968
77467
24315
96904
33870
96904
69790
89691
2593
17968
47461
96904
72868
71587
17968
96904
59994
40936
51420
13479
17968
82734
17968
12498
3949
17968
17968
2931
17968
14860
58816
23811
22320
11544
90997
45377
17968
34247
89714
17968
17968
17968
96904
54472
99211
84730
96904
17968
60417
17968
17968
11066
17968
96904
67154
17968
27603
75989
30010
96904
96904
17968
17968
50466
96904
13511
35012
25
43563
72485
38094
19944
96904
17968
85384
96904
96904
21217
52645
2267
54380
96904
16134
47102
48955
17968
47244
76760
17968
96904
1729
68844
4072
38877
82608
96904
73272
62831
27372
17968
76103
84328
96904
27877
29401
96904
17304
54293
17968
5249
17968
96904
8839
17968
78127
25694
77757
70154
76535
86832
34862
17968
17968
96904
17968
90214
1271
76390
17968
88510
17968
797
17968
11847
21851
17968
46820
85914
18685
17968
96904
17968
17142
52460
60926
96904
28963
96034
14951
17968
66492
91748
89145
67073
17968
17968
36619
17968
17968
37738
61227
96904
13535
60205
38093
74023
96904
70644
96904
11640
17968
17968
9274
7035
69859
91279
6208
16373
17968
12324
42823
39283
17968
96904
31439
96904
77832
43295
12
17968
79352
96904
17968
36132
3115
17968
58920
96904
99734
39048
17968
67456
77352
87287
17968
17968
96904
96904
79027
17968
17968
10703
17968
17968
45242
69493
25329
96904
55887
96904
17968
96904
59680
29202
17968
96904
17968
17968
25363
46535
69014
96904
17968
17968
17968
4187
39474
76934
14218
96904
8573
17968
71622
17968
81619
17968
73486
91126
17968
68992
42143
96904
96904
68752
17968
62914
20883
17968
17968
17968
96904
74623
17968
72762
96904
41564
96904
47129
36236
17968
17968
15016
96904
28466
17968
44356
42801
98607
96904
60494
22853
88131
62274
28439
17968
8055
96904
96904
17968
45177
17968
61832
96904
3689
96904
66110
46987
28585
39537
64974
67336
17968
87922
58214
35097
17968
62074
59372
13364
10454
43987
17968
22098
96904
17968
1088
53616
17968
86009
33858
96904
17968
31947
17968
25870
96904
51397
36794
19215
48086
91013
9536
32398
35180
96904
55708
17968
1518
17968
52586
88394
96904
28238
84616
97570
96904
44829
36888
96904
39722
96904
1419
37198
96904
51755
86980
27505
17968
44234
90764
60403
35347
96904
73809
17968
96904
4439
96904
96904
17968
19390
96904
55114
92970
57239
18204
96904
73633
17968
17968
76766
37192
66698
65093
36544
96904
96904
96904
51779
25987
96904
81526
96904
96904
96904
27084
21054
96904
17968
96904
82337
6781
17342
84805
96803
19114
65834
96904
32239
96284
18540
17968
96904
82251
96904
17968
4129
17968
17968
65677
96904
96904
28265
17968
20410
82753
75987
38080
39243
29512
17968
1026
68343
29078
96904
350
54463
43922
17968
28058
4681
17394
96904
10703
96904
17968
96904
58290
17884
98801
4836
17968
96904
8212
26333
80010
704
94982
17262
50343
49356
24416
74633
13265
56958
17968
17968
17968
15579
96904
46474
40893
96904
45316
51268
96904
47006
34573
17968
96904
96904
17968
69522
42943
96904
17968
13472
3507
96904
96904
7817
97379
21760
87019
17968
70057
96904
95504
17968
92847
84777
17968
17968
96904
34194
25370
96904
17968
8676
25560
93758
50847
53069
81985
27506
92792
17968
20139
21994
17968
36103
96904
6860
96904
96904
14486
55035
17346
17968
48519
14341
17968
17543
36724
96904
93667
96904
76
63786
26708
50742
17968
49462
47000
67053
10158
17968
17968
66621
73584
84739
17968
96904
96904
29801
22472
96904
77989
13973
52295
40846
17968
23159
66893
17968
1683
10587
17968
1752
9491
17968
21608
48125
72283
23093
83316
17968
52877
17968
43206
17968
96904
89051
96904
87230
17968
87270
84511
3726
39899
96642
17968
53194
17968
93459
89011
23216
96904
17968
61160
65090
58549
17968
28512
48192
46062
96904
51763
17968
7336
80005
25254
48651
96904
72532
23111
34860
96904
17968
15374
81333
55389
17968
96904
96904
8112
86431
99533
87461
96904
8148
17968
66425
17968
22588
96904
23669
17968
96904
17968
46011
15536
61870
85179
8249
43481
17968
34284
17968
96904
24256
96904
17968
96904
17968
16421
37336
15025
5830
3874
96904
96904
17968
17496
96904
96904
16143
17968
96904
17968
17968
2047
31715
96904
96904
73364
96904
31748
83700
96904
49829
96904
31792
47216
96904
89872
17968
21412
17968
96904
17968
90279
17000
89814
61481
48617
61515
96904
96904
65922
96904
47418
96904
17968
28594
17968
37593
19101
17968
88635
33029
17968
17968
96904
27832
17968
96904
35379
96904
96904
98407
83335
96904
17849
22448
13667
92656
33589
52747
34482
96904
17968
96904
96904
96904
15207
44344
89160
30710
96904
17968
17968
17968
17968
48770
17968
96904
96904
96904
17968
94312
96904
49852
96904
17968
96904
8854
96904
17968
68601
28081
96904
39077
17968
74510
17968
96904
91182
17968
17968
17968
23289
17968
24282
17968
2949
98089
4730
17968
52100
20221
42203
88286
17968
37862
96904
96904
17968
17968
7554
87851
81901
96904
17968
10632
60708
17968
96904
30818
56938
94218
96904
32746
7138
72860
37261
96904
28935
5604
42596
17968
83762
96904
76
15069
18681
41456
36761
38426
46888
78577
36716
36897
89048
17968
17968
17968
5867
24066
56563
17968
96904
78434
42221
84893
17968
92510
83634
67467
21234
91193
96904
14059
17968
73626
17968
28342
81897
33274
96904
96904
17968
94991
96904
88154
17968
96904
70317
96904
17968
96904
34569
36690
3896
16026
13546
66661
79451
78804
96904
17968
96904
55400
31579
17968
53628
96904
88245
60357
96904
17968
17968
17968
83257
83176
64641
76587
96904
58532
96904
17968
64130
96904
97628
98270
96904
17968
96904
28943
17968
20363
17968
88321
834
17968
17968
85814
22266
17968
55509
22855
96904
28249
17968
95329
9902
96904
96904
96904
17968
3113
12738
84305
91016
96904
96904
17083
10186
90020
9581
17968
92180
96904
34045
74571
17968
95977
62966
22583
22288
11672
17968
1861
81584
36753
68736
33897
62766
9257
91528
96904
96904
96904
32586
96904
28842
92135
57720
17968
70894
15256
17968
96904
25
91851
96904
17968
17968
96334
1119
48553
96904
96904
4138
7889
7576
26228
17968
17968
9195
17968
96904
19049
30404
29919
42900
96904
64566
65143
62623
96904
96904
96904
49618
44560
3442
68660
96904
17968
47564
17968
17968
98883
56790
17968
17968
50887
96904
96904
74768
17968
42828
17968
17968
17968
39879
60034
78201
22078
17968
17968
17968
75624
17968
30910
17968
96904
51734
88577
96904
17968
17968
17968
93584
67399
3116
30752
17968
43394
17968
21428
14708
17968
17968
17968
17968
96904
67929
17968
96904
1874
76567
82316
68530
61484
17968
17968
96904
86486
96904
96904
15088
96904
22921
94092
27553
17968
17968
2900
12482
15501
36105
96904
85124
17968
96904
14981
84456
31271
35447
17968
96904
17968
50688
17968
32956
50438
96904
17968
17968
51255
96904
17968
49062
52486
17968
53574
14123
25620
42805
68996
17968
18635
2914
45249
92626
30134
17983
94300
17968
96904
17968
17968
17968
17968
54407
49116
17968
38727
96904
17968
17968
17968
96904
96904
17968
64738
96904
61687
19154
21807
17968
25580
96904
96904
8706
66984
96904
96904
11597
17968
96904
96904
96904
96904
96904
6827
17968
63394
47732
99783
27040
96904
17968
34597
15469
90699
96904
64710
17968
17968
12294
17968
96904
17968
6330
96904
17968
17968
17968
45450
46821
62647
43403
17968
17621
48850
17968
96904
35393
17968
81320
17968
17968
38772
96904
24864
17968
62115
17968
96904
96904
57001
17968
17968
17968
10849
56619
96904
96904
96904
93781
88515
96904
96904
96904
96904
96904
96904
68815
96904
78781
18782
25892
96904
20737
29472
21359
17968
90236
17968
56141
35422
96904
17968
80239
96904
87593
18653
82597
96904
42824
22316
17968
47024
96904
66570
96904
96904
61572
17968
96904
96904
78527
96904
79790
17682
96904
17968
70215
90264
13560
6930
62643
41549
21321
2988
17968
15644
60026
17968
17968
17968
96904
70651
69044
17968
17968
17968
5402
79611
96904
47193
17968
80473
14206
96904
97702
96904
82296
13788
4162
11090
82238
17968
57369
17968
17968
17968
17968
96904
96904
93597
87221
21425
35380
96904
94116
22593
96904
17968
14300
97586
17968
96904
70933
17968
61818
4721
96904
24205
53085
3001
53477
21907
96904
17018
96904
96904
61264
96904
88586
83906
40645
17968
51572
9918
17968
30218
37997
96709
96904
51548
76221
17968
96904
52843
12385
17968
17968
96904
96904
96904
82503
17968
96904
4795
25330
17968
36243
96904
77995
34088
17968
17968
29256
59366
47082
96904
17968
80203
96904
17968
96904
96904
14305
56209
9115
96904
81459
1194
1630
96904
84560
17968
38373
53034
30488
17968
17968
85830
17968
48263
85879
51280
33655
26149
16598
71053
51461
96904
2665
17968
99526
32267
96904
54164
17968
44719
96904
96904
31193
84462
96904
7342
56030
13138
4517
36520
66054
17968
96904
78690
17968
49329
35618
96904
96904
77054
90615
21146
41682
96904
95846
17968
17968
17968
17968
17968
75406
16105
17968
17968
27344
17968
95129
17968
96904
17968
96904
35354
17968
17968
71531
17968
15119
4551
96904
67730
17968
92548
63999
17968
63226
96904
99153
17968
17968
17968
98998
8524
17968
96904
17968
96904
1639
37191
17968
96904
892
96904
46846
24644
37525
65164
96904
44524
52891
93853
96904
35546
17968
33131
56299
17968
89566
31974
96904
87220
11915
96904
96904
93019
17968
91275
17968
96904
88474
96904
78369
19792
17968
58094
43163
96904
77186
96263
96904
91494
17734
96904
41904
17968
96904
96904
96904
42135
50824
96904
28026
17968
17968
96904
51227
96904
17968
85621
96904
8924
17968
96904
17968
44909
17968
80330
68511
38822
38905
11455
77806
17968
17968
41186
17968
96904
96904
56126
99868
61706
60998
24934
26026
96904
8409
97456
46709
72964
14851
65605
65006
96904
28244
22768
99569
10547
17968
65112
85840
58783
96904
12252
96904
96904
96904
58771
49369
128
8479
62202
85834
17968
43132
96904
80963
17968
41457
17968
38163
67890
17968
13407
17968
51050
17968
97210
17968
39482
17968
17968
67524
5682
17968
96904
96904
37951
8282
49981
96904
1902
41867
1947
99042
62353
73718
17968
58467
67797
46505
51137
50671
17968
52377
96904
21886
22516
96904
17968
65125
6602
1234
65248
30732
96904
17968
41261
96904
17968
6661
52292
96904
28080
96904
17968
57999
50062
13
96904
17968
96904
81216
16200
89200
96904
16368
32276
8633
26054
41183
33542
26317
31223
96904
4274
76778
54232
75114
30183
4505
96904
74307
94488
58601
96904
96904
55106
96904
19336
7345
82657
60693
17968
17968
1463
77578
17968
17968
35098
84519
17968
34638
93518
96904
8592
22363
2839
17968
15646
78304
53764
96904
96904
89974
96904
712
26561
6513
17968
17968
36380
26464
3914
9642
17968
17968
17968
7205
10040
38557
17968
96904
17968
17968
17968
17968
96904
7824
96904
80484
17968
96904
67262
17968
80342
11686
26337
96904
2877
94240
60074
96904
17968
76636
17968
84
65745
69027
17968
96904
96904
89586
19824
6694
81110
17999
63260
9606
49398
60533
17968
17968
93089
96904
46522
96904
22937
34670
96904
17968
46579
17968
33284
77689
52361
17968
96904
96904
6708
96904
8941
63404
17968
26925
17968
57715
128
92988
17968
64872
17968
17968
3407
71247
2906
57023
17968
96904
60969
45117
86084
96904
64772
17968
96904
96904
85709
99299
17968
1638
17968
30698
85992
17968
96904
92505
94066
17968
17968
97745
96904
69310
96904
24256
62596
96904
32011
58561
62292
52197
5962
45953
17968
17968
3590
96904
83648
17968
34044
89770
57824
54450
17968
4389
17968
41016
96904
17968
48074
74374
75339
17968
17968
17968
25964
58984
19774
17968
79329
38237
96904
17968
76123
43661
8816
96904
83833
94905
9644
53414
96904
2807
67138
83272
24488
96570
17968
472
69650
4124
17968
86718
96904
17968
17968
77062
19125
30184
17968
75539
71063
61451
49909
14486
55627
53589
31665
1014
96904
69406
90821
53436
17968
33774
69495
96904
96904
17968
23199
4508
87704
85989
36308
53390
96904
80368
17968
17968
96904
41292
20938
81194
96904
17968
66335
96904
79611
34778
33659
50849
96904
17968
96904
52228
96904
96904
39100
17968
96904
77087
20645
96904
17968
17968
17968
15011
56195
99801
88748
85039
96904
46891
18006
96904
96904
17968
34475
40568
17968
17968
17968
80441
96904
96904
96904
17968
96904
37316
96904
41438
71780
17968
96904
17968
86137
31624
96904
12002
96904
17968
17968
17968
71903
4371
67680
17968
17968
96904
77291
17968
58592
96904
96904
13777
56199
17968
17968
184
79626
86400
96904
96904
3259
14466
17968
73040
20202
4979
96904
17968
96904
96904
96904
96904
64657
21974
96904
42648
41838
96904
53250
7922
23839
36133
96904
59205
96904
17968
96904
96904
96904
26282
25619
85635
17968
96904
17968
96904
35220
17968
96904
52793
5156
24140
17968
670
63059
4491
17968
42617
96904
17968
40601
96904
50032
17968
18387
28611
96904
10513
17968
96904
2477
23808
17968
96904
17392
17968
96904
17968
78641
96904
23977
90931
31961
88753
16448
98653
97175
17968
17560
17968
96904
24322
17968
17968
6886
28953
96904
17968
96904
17968
96904
40761
72438
17968
36027
96904
96904
85294
61460
98612
50067
96904
41783
96904
2360
63917
17968
93747
22125
96904
97357
17968
96904
49760
17968
48556
9796
17968
98321
31258
17968
17968
17968
52187
80357
14385
96904
96904
17968
83168
17968
17968
28113
60095
96904
96904
21924
79735
16111
26186
17968
72340
96904
96904
22524
82472
65439
22580
17968
18126
70316
96904
54396
8036
96904
190
45169
73995
21148
17968
17968
15495
35295
17968
17968
96904
17968
89553
96904
31979
96904
55758
96904
58993
96904
17968
96904
96904
50794
74720
62004
9338
27015
17968
88266
76145
17968
85297
46783
1051
37304
17968
48518
47332
3299
17968
25937
234
92143
96904
77510
1586
88383
27996
96904
17968
96904
2369
96904
22667
43782
25593
96904
97732
17968
1859
79868
49968
22888
96904
95014
96904
86735
17968
51603
81287
18324
17968
34640
96904
21859
96904
96904
96904
71897
52223
40281
90980
46430
57495
17968
17968
96904
67798
17968
56099
96904
17236
96904
33428
96904
77111
96904
96904
20837
70654
71094
90155
17968
96904
96904
70951
78096
96904
641
6574
46879
17968
68925
17968
96904
17968
3863
96904
32737
17968
99047
17968
96904
31222
50848
45320
17968
96904
96904
46567
17968
46614
96904
13856
96904
17968
17968
17968
19834
67476
17968
96904
95083
53238
96904
75485
11576
96904
17968
96904
70506
96904
17968
64227
96904
91726
17968
17968
83320
96904
17968
96904
98451
69350
27292
2013
680
61970
96904
17968
96904
43685
40202
55450
62370
35060
17968
96904
96904
96904
3696
87179
60234
17968
28786
96904
17968
44975
40007
7086
17968
41538
42689
48360
17968
17968
17968
96904
42184
42816
96904
96904
27375
94551
57988
34016
9934
74298
96904
96904
1462
73691
17968
93087
61564
37461
94177
94688
13094
73461
19231
89926
70078
17968
19054
26076
30939
68593
2286
95992
96904
79926
31384
96904
72562
25163
17968
96904
88883
14941
9394
17968
50699
30101
43292
84631
17968
72555
96904
56357
53749
95015
28664
17968
17968
89347
24968
42699
96904
96904
66747
66113
96904
96904
96904
69103
17968
96038
17968
17968
17968
17968
96635
41818
96904
17968
97903
96904
17968
57739
80722
18054
26995
17968
38321
32580
14050
17048
96904
76920
67619
79846
96904
96904
55462
69584
47939
96904
10775
17968
17968
96904
16537
73195
36970
76099
72836
17968
94001
18198
78291
42842
81011
42136
40764
96904
96904
17968
18178
76022
66370
21881
15654
17968
35617
96904
34344
17968
77411
11884
28223
17968
108
53189
45830
96904
91645
91604
14460
72965
78642
17968
82189
64082
11341
17968
58940
98585
96904
4986
45537
74087
87623
48590
71183
35678
45020
96904
74340
17968
96904
96904
96904
95365
25197
60652
23139
55657
75180
69789
96904
96904
61784
59802
17968
19347
30587
6603
59534
35919
17968
17968
17968
96904
96904
51202
17968
30116
95156
80848
88599
96904
76527
17968
63932
26340
38426
58595
96904
17968
55238
17968
42794
96904
22144
95609
9482
96904
96904
96904
99722
96904
50265
17968
96904
17968
30909
56105
65809
64922
17968
96904
38000
96904
77405
66678
2526
17971
52811
60973
3827
4578
96904
71742
11189
96904
17968
82330
38817
57353
96904
49058
49393
96904
96904
82476
9378
76181
17968
48229
17968
35909
17968
17968
1251
17968
17968
94246
16550
1330
96904
4917
82246
17968
91598
99499
44791
49691
73910
5135
80395
96904
8398
35957
25948
4162
25924
74452
37191
95893
25854
1419
38278
81785
96904
61449
96904
11816
81422
17968
36655
87499
1925
17968
76251
81650
39222
17968
92263
96904
17968
93751
17968
96904
6725
17968
17968
96904
45838
47742
56912
48865
96904
17968
17968
96904
78384
30409
96904
17968
96904
97682
14657
96904
43252
7644
2116
96728
57911
9209
96904
66906
35892
17968
79725
17968
96904
96904
35895
96904
87317
96904
97815
58379
32386
95259
57335
17968
96904
80251
17968
96904
81098
13
36782
17968
97179
17968
17968
17968
8780
96904
96904
96904
96904
16547
56880
9877
96904
17968
64194
17968
47485
30764
34081
35622
71784
96904
45003
75774
55067
17968
1233
96904
25843
96904
83014
96904
17968
60234
46662
24839
97611
56385
96904
17968
17968
42022
89571
44264
95982
17968
97910
99137
17968
96904
96904
88838
29432
51526
96904
6110
17968
96904
96904
46983
54519
17968
81666
12493
45058
96904
96904
96904
17968
30069
70259
17968
77818
39309
39785
50580
8879
96904
24679
17968
70699
17968
76216
84387
96904
17968
50370
17968
17968
90011
833
34114
81214
17968
93351
4540
96904
11394
17968
16300
17968
18507
25436
33138
96904
17968
17968
17968
17968
17968
47721
96904
69147
84119
17968
52716
42196
12088
31334
17417
96904
96904
96904
1199
57454
27972
96904
74654
17968
68402
16628
96904
63808
4660
17968
96904
5214
53213
4357
17968
12809
97177
48677
1970
17968
2673
96904
82465
48603
57090
17968
37933
79207
17968
17968
38777
17968
17968
53047
64054
65241
26302
35817
17968
21669
96904
59884
99687
91349
39753
51163
17968
48680
22135
96904
36553
14244
14816
30768
40739
76164
96904
96904
17968
40696
92952
85693
17968
96904
17968
24336
21713
17968
17968
8696
1626
16787
17968
17968
96904
92753
17968
73852
74051
15036
17968
17968
70477
92599
17968
24080
17968
26548
60893
49371
59297
17968
96904
96904
32990
96904
96904
10250
17968
17968
54486
96904
63754
88297
60913
17968
17377
17968
2872
75604
26656
49608
11655
96904
17968
91053
31217
76019
48672
49167
17968
56864
90792
11117
90106
26442
96904
96904
46399
96904
17968
99940
62964
96904
58965
26854
32196
2539
96408
17968
59889
66566
96904
96904
96904
81841
96904
23726
72797
43645
15342
17968
7354
25
43225
96904
17968
21151
96904
18146
48295
18561
7370
13041
94706
96904
66219
17968
96904
35414
96904
17968
17968
96904
66151
97361
42816
62165
96904
96904
68779
96904
17968
26918
17968
18277
96904
17968
57711
17968
96904
17968
96904
17968
96904
64346
87361
96904
96904
59028
38592
17968
40497
34105
17968
5142
17968
96904
17968
14030
44141
96904
17968
85317
96904
96904
90236
96904
87586
58521
92375
96904
84470
5039
64331
17968
78665
17968
41505
17968
33552
76560
96904
76654
94498
17968
17968
49465
17968
96904
37554
69087
90304
17968
42679
17968
96904
3670
17968
76748
96904
96904
13074
30806
6354
92829
96904
96904
21326
53539
66663
96904
60945
6543
30907
17968
17968
59902
17968
17968
81901
28264
99340
6632
96904
96904
96758
17968
691
17968
46545
17968
96904
96904
19664
23033
95456
18871
36682
96904
96904
22444
17968
13341
17968
17968
96904
96904
17968
96904
96904
73785
4456
96904
96904
94682
96904
5263
17968
17968
96904
96904
25526
17968
96904
94506
54770
17968
54135
17968
40449
96904
40167
17968
96904
86091
52689
17232
70842
41314
96904
1021
98022
21202
70834
58038
16059
17968
96904
53951
17968
68352
31750
96904
96904
14285
96904
83040
17968
34473
17968
17968
4513
44459
26373
96904
96904
20706
48289
84048
96904
21884
17968
96904
23462
71604
17968
59258
96904
41554
96904
97455
70033
17968
40533
96904
96904
166
85134
25503
17968
96904
17968
63231
58988
96904
96904
17968
96904
96904
95013
38163
76326
96904
16949
848
96904
57632
91542
94467
17968
21897
96904
11676
96904
96904
79696
98136
61337
73901
52226
17968
17968
75225
17968
40354
96999
17968
17968
21396
13586
17968
38230
11000
892
34046
24116
96904
17968
32958
16156
10385
30964
98793
79095
96904
26134
86419
17968
17968
17968
96904
17968
96904
14727
82094
11190
7992
26376
17968
35567
34057
16381
96904
32911
17968
70336
17968
96904
17968
17968
6048
3890
48076
50174
96904
78412
41458
98873
9403
13367
17968
96904
17968
45635
91998
22402
17968
17968
91174
27938
70091
17968
78853
49538
40587
96904
96904
85241
78668
5900
38618
52271
17968
24789
96904
58940
37532
22404
17968
17968
5336
75118
96904
25496
18627
17968
43704
7422
96904
96904
32357
47191
79096
60227
84647
57536
96904
4776
17968
81192
96904
94959
17968
17968
96904
96904
17968
17968
9194
19353
96904
96904
96904
90479
17968
74223
11165
93648
96904
96904
69042
26894
74187
17968
96904
96904
21039
89084
17968
6469
96904
57487
21981
14403
7285
6914
12692
12627
25351
22517
44845
40998
17968
22742
96904
38456
17968
17968
96904
17968
6771
96904
96904
17968
17968
96904
96904
22983
22972
96904
13120
96904
96904
17968
96904
96904
98943
96904
96904
96904
96904
85287
96904
22448
54259
69931
56312
58493
10670
17968
66718
62658
96904
96904
96904
96904
96904
35363
12971
40609
17968
96904
15464
17968
15215
28626
96904
411
17968
54331
79148
96593
47770
17968
96904
96904
26282
21497
68355
9715
17968
83816
96904
96904
8365
18002
17968
17968
96904
17968
66749
96904
96904
17968
9136
10956
61769
1211
35133
37057
38080
96904
96904
78550
64636
3993
17968
59717
17968
81426
49789
96904
17968
17968
97466
17968
17968
96904
96904
29884
96904
17968
93412
9850
60209
17968
96904
63207
23532
6571
17968
56762
59759
49482
2276
50555
68061
96904
55359
82683
17968
96904
17968
37736
17968
40684
39566
96904
17968
47814
17968
96904
54390
17520
17968
19955
58099
21743
96904
17968
96904
17968
39119
23790
27882
96904
96904
96904
20793
73134
89466
65821
62110
53114
96904
17968
96904
55742
20826
89214
96904
96904
63613
75835
17968
22061
17968
96904
15781
35093
18137
6236
36233
17968
29764
2544
56311
17968
25818
17968
76774
24941
37240
27580
12407
96904
17968
33602
96904
70415
59851
17968
96904
3948
8979
17968
17968
66585
93947
36645
17968
43252
57897
96904
45096
96904
63690
80418
10584
40384
809
59102
64083
58846
17968
17968
24085
96904
63566
17968
17968
17968
96904
17968
52378
52369
17968
96904
4505
32494
51940
15557
96904
44087
33977
96904
27302
96904
17968
17968
17968
96904
96904
44042
128
28956
8980
99246
84071
17968
66069
96904
20794
42029
13480
9254
15713
17968
48764
96904
22116
96904
63764
65594
96904
17968
96904
96904
23525
74485
17968
17968
11130
65688
41653
17968
83108
28590
17968
17968
93925
74830
82038
27009
46828
96904
17968
63420
10475
34114
96904
6539
19124
96904
41388
96904
91144
67534
58183
92384
30927
17968
26532
96904
17968
72010
17968
96904
26406
96904
41373
14246
88940
45310
4129
81771
63090
96904
17968
2739
60628
28901
96904
17968
75836
41126
17968
17968
17968
17968
17968
69260
17968
86592
96904
63720
67175
62280
33953
68904
17968
96904
84416
33983
96904
96904
41602
96904
17968
96904
17968
5776
76851
29587
96904
17968
17968
56562
17968
58776
17968
85901
18424
58596
17968
17968
44701
49299
4018
38916
47215
96904
77360
77838
20450
59445
89057
69142
29355
17968
28394
89373
17968
75430
62185
71543
13721
55203
96904
17968
17968
1069
61792
99913
96904
1559
58185
96904
17968
69598
96904
31671
96904
17968
36684
94319
68576
71507
37956
17968
70510
8393
60307
17968
20817
11637
17968
7957
96904
7971
86742
17968
39359
69530
17968
92637
96904
96904
37038
83919
15834
96904
96904
65970
96904
17968
17968
21089
68477
17968
71826
96904
17603
96365
17968
96904
69791
17968
96904
23701
62901
75637
93964
31532
94919
17968
37870
17968
70110
96904
17968
60198
59788
45915
582
59194
17968
25856
87804
34170
30520
17968
17968
96904
96904
7510
41466
97811
17968
67866
96904
66885
56734
17968
6928
96904
31078
79430
96904
59032
96904
1167
69498
7750
3355
19705
91675
86473
7818
58418
98818
96904
68037
17968
17968
80710
96904
17968
96904
7417
54270
64331
85450
96904
63946
73728
96904
62199
96904
3340
90525
96904
29185
60921
17968
96904
93673
96904
14869
12803
96904
30783
17968
16967
17968
96904
96904
99767
96904
64648
8694
96904
96904
48897
17968
17968
46699
96904
45028
77567
96814
36309
73169
17968
17968
41267
19755
14561
96904
14144
1944
17968
17968
96904
96904
59217
17968
31519
96904
36013
74977
96904
438
96904
28375
17968
13388
33838
96904
17968
17968
36746
18551
96904
14071
25063
96904
30356
92697
21272
96132
53090
78109
96904
11522
7602
17968
95784
17968
96904
34027
23108
17968
86253
96904
17968
17968
34724
13099
17968
21779
24534
96904
47684
21049
93530
96904
17968
17968
96904
20367
17968
88333
17968
10853
759
17968
57967
27110
4681
21606
35043
96904
17968
19000
96904
57208
17968
17968
81980
53791
4955
60753
17167
17968
97824
56372
98417
96904
39848
83231
61583
44395
12096
17968
7408
20171
30602
96904
76662
62662
64718
96904
7197
41644
63157
17968
43729
17968
70658
26675
96904
19315
16604
17030
17968
42726
17968
72150
17968
6517
73828
96904
47078
94241
96904
56744
96904
40743
17968
18892
17968
96904
17968
17968
17968
40038
10530
96904
22302
96904
9172
30675
19933
5840
17968
34513
53547
96904
17231
96904
17968
17968
17968
96904
17968
96904
94948
96904
99716
17968
17968
15915
51169
73950
66993
783
21217
19737
96904
17968
51561
60227
63677
72592
42260
24928
58670
76416
90379
96169
19951
96904
96904
4524
17968
17968
29806
48689
96904
17968
20242
17968
23052
22529
17968
93808
80134
17968
17968
37383
17968
2133
19517
41302
40700
17968
17968
25949
96904
99057
85510
97979
30711
96904
15317
16293
17968
42322
58921
96904
17968
17968
36609
18685
17968
17968
17968
78248
17968
17968
17968
96904
10821
17968
17968
55223
96904
69260
96904
76918
96904
96904
61374
51078
96904
76994
42892
17968
17968
50750
17968
50285
55850
56127
92998
96904
17968
17968
96904
37461
96904
96904
17968
60175
92613
56976
84211
96904
84431
96904
96904
96904
17968
40090
96201
42490
74566
96904
82555
70308
86466
96904
94473
34326
54704
3728
35640
17968
10749
67481
96363
17968
91894
4316
17968
96904
17968
44319
17968
96904
96904
85010
23443
19362
78116
35256
17968
12156
60794
15489
78003
17968
17968
17968
17968
30324
13942
3788
26070
10808
47922
39882
34883
69313
96904
96904
5097
81478
17968
96904
96904
96904
96904
17968
17968
96904
37453
17968
59777
17968
13284
9046
96904
70553
17968
96904
20171
96904
96904
96904
17968
84881
87464
43073
96904
86916
96904
32933
17968
7081
73282
11701
96904
96904
73695
29133
879
2786
96904
7008
69664
47482
98520
96904
25454
48794
82134
67396
96904
10141
17968
96904
96904
14770
89898
96904
61483
12933
64089
96904
96904
17968
81912
17968
1171
45348
17968
71725
60195
85584
17968
17968
5411
42373
29430
84616
17968
17968
71911
12191
50140
53081
96904
99308
87102
668
17968
96904
17968
12094
62504
20694
1152
66510
17968
76042
46103
51838
96904
44525
48745
29479
89026
96904
17968
96904
17968
96904
25722
20721
17968
79745
96904
41159
85844
59764
17892
1782
96904
96904
51369
98283
96904
96904
15000
25319
96904
3387
50
96904
96904
19322
96904
17968
17968
78048
96904
17968
17968
96904
81628
17968
29621
17968
22078
17968
17968
39299
17968
96904
96904
96904
57476
44821
16141
17968
96904
21945
39685
81468
96904
17968
17968
3612
96904
17968
17968
17968
17968
96904
17968
12879
71093
40664
17968
60597
87118
17968
5970
96904
76690
55975
47941
17968
30388
17968
1025
60270
9572
96904
17968
33569
82565
96904
17968
17968
96904
17968
785
17968
33858
50757
96904
96904
96904
51775
17968
54305
17968
96904
50599
96904
86173
32794
96904
75493
89870
17968
62807
91514
90023
2490
83786
96904
4371
96904
84623
40185
17968
34125
96904
17968
79740
17968
17968
96904
69915
17968
7123
61650
29332
17968
93247
48128
3546
17968
17968
17968
42201
40517
17968
46647
17968
56119
17968
96904
87486
17968
96904
68907
47899
12944
50747
38050
21051
39679
34520
17968
96904
43588
96904
1459
28300
96904
96904
96904
86632
80066
30665
89087
96904
89422
17968
17968
96904
5496
31960
17968
17968
66431
17968
41048
96904
17235
43601
15237
96904
17968
79818
24965
17968
96904
4516
17968
65882
128
96904
57438
17968
11466
96904
89087
70879
96904
17968
50055
78813
45536
38251
59030
96904
91912
80810
96904
17968
17674
17968
82756
96904
51708
58327
11231
96904
9488
6406
17968
96904
29401
96904
58182
69441
12043
96904
20597
44808
17968
14954
14111
96904
76156
70139
96904
96904
31859
96904
18457
4617
27291
41350
17968
96904
36648
96778
17968
96904
17968
69906
18236
69043
96355
96904
95340
37677
96904
17968
96904
99389
17968
17968
18911
30028
67165
72657
17968
17968
83550
96904
96904
96904
57913
71167
96904
80893
17968
17968
17968
17968
96904
17968
12521
93404
4879
82049
30717
77440
96904
86591
96904
65454
37583
96904
17968
22002
96904
68221
51207
23887
17968
79740
56067
2104
96904
9179
33511
52672
96904
39080
97632
17968
36199
17968
17968
27006
71431
17968
96904
71629
17968
76712
17968
84747
44144
96904
86311
96904
25803
46797
81560
17968
79111
17968
17968
17968
91863
66061
96904
17968
75293
77798
96904
17968
96904
98817
18712
21395
17968
17968
34981
96904
17968
96904
17968
31150
17968
76511
2872
37986
97416
92710
96904
55634
96904
45650
96904
1278
79979
17968
96904
96904
17968
96904
17968
96904
16655
96904
65264
17968
17968
82221
71532
2701
24921
63389
51062
33164
8969
48563
96904
97134
85012
96904
17968
17968
96904
96904
96904
17968
73773
36029
96904
17968
17968
17968
7112
58092
17968
84479
17968
15888
17968
17968
96904
18970
76510
93254
76624
71301
22242
89350
43015
96904
115
17968
11436
17968
96904
96904
96904
96904
96904
82935
96904
56884
17140
96904
55156
96904
44482
68300
96904
96904
62460
9953
79311
86180
18379
17968
51369
49977
20462
96904
11985
17968
77931
40565
49802
96904
12155
17968
966
16382
61722
33076
17968
96904
96904
91303
17968
80901
84924
96904
66288
96904
96904
36403
16996
25245
81887
10871
83426
17968
35465
50538
8523
96889
96904
75202
96904
17968
85553
17968
17968
4975
96904
10097
14004
17968
17968
80660
33708
17968
10720
6100
17968
17968
17968
24487
96904
96904
50247
99972
96904
96904
50889
17968
88925
96904
81908
80566
519
43388
17968
36300
17968
17968
68978
96904
35140
85107
23118
17968
88681
96904
64281
96904
3618
17968
33683
27473
96904
985
37750
5499
96904
85806
41971
96904
53160
65875
96904
84109
96904
93159
12024
20586
96904
17968
79510
72318
28911
70841
40569
22999
3693
96904
17968
96904
4080
86750
17968
38160
96904
78392
32366
53698
16014
9655
73885
40477
86129
47867
90850
48559
20746
96904
17968
96904
83332
96904
48096
5536
71540
54145
79258
39312
54989
17968
17968
17968
63891
3033
96904
96904
44919
96904
32010
17968
17968
69064
17968
17968
46677
13252
24977
17968
90247
11552
41673
192
17968
96904
96904
1715
17968
17968
10555
79810
96904
61264
17968
48252
29840
25015
17968
96904
47298
61870
17968
96904
17968
34503
96904
50719
96904
17968
96904
41704
17968
10445
31809
96904
42191
91688
62844
30235
19855
17968
17968
17968
23766
11494
17968
31985
17518
96904
96904
11952
34384
96904
96904
68463
83562
81443
17968
67891
96904
1787
411
96904
17968
98437
96904
48562
29495
13592
94770
96904
95106
41615
62163
17968
96904
96904
17968
17968
72505
19562
96904
17968
17968
94582
96904
96904
2628
17968
32838
17968
55345
96904
17968
17968
17968
35806
53806
15285
96904
91858
96904
17968
17968
7772
89216
16777
32368
17268
2129
76685
96904
14559
17968
96904
96904
80274
13763
96904
96904
892
17968
17968
96904
73741
16675
7284
77826
93507
30442
68725
63824
17628
17968
39333
99431
51072
17968
37181
96904
96904
96904
96904
62729
75038
67928
30250
17968
97520
67104
96904
17968
40529
54402
9404
96904
73315
17968
69349
95316
93321
96904
96904
411
96904
17968
17968
17968
26911
59060
50680
36827
5445
17968
17968
17968
31410
80253
61022
6688
62574
40732
20860
96904
84187
96904
62606
54547
96904
17968
96904
17968
96904
17968
96904
90654
75263
96904
12898
96904
96904
17968
93692
6078
96904
17968
19427
17968
19483
93223
96904
12684
96904
69612
8182
4922
96904
3687
96904
17968
38492
96904
96904
25299
6492
17968
17968
96904
53611
8466
17968
96904
96904
17968
11314
7197
95425
96904
96904
6041
82484
96904
96904
96904
19893
96904
96904
90564
96904
17968
96904
17968
44360
17968
64049
74817
17968
96904
96904
28030
17968
74980
17968
18501
97114
62033
30113
17968
29646
39541
73611
69809
92823
72495
42175
1549
1192
96904
96904
96904
77267
85033
17968
17968
17968
17968
96904
17968
17968
29383
21068
17968
11526
96904
17968
31611
93449
22308
96904
88682
35960
94389
96666
94484
50919
91712
17968
78091
96904
17968
93176
5152
96904
64929
17968
56899
96904
48446
11914
96904
17968
76204
96904
96904
2562
96904
96904
61085
5274
96904
67209
73620
21077
17968
17968
96904
86622
96904
96904
4158
89169
96904
4840
35257
87670
96904
3486
17968
5487
17968
2786
17968
25973
96904
96904
99273
96093
33792
96904
55308
17968
99944
21720
80775
96904
17968
96904
13767
96904
65329
63209
96904
17968
96904
17968
96904
96904
62697
17968
96904
45693
17968
57884
96904
96904
54388
70679
33422
16274
17968
17968
98290
32983
17968
37940
14875
96904
89982
82005
30189
96904
40621
21436
96904
89855
96904
99117
90781
17968
90285
29704
54599
93024
45824
17968
54130
17968
45868
44467
49159
65311
59328
96904
37132
36032
96904
17968
99310
96904
96904
96904
25405
35171
19929
6381
37377
96904
92717
63689
96904
8042
96904
17968
83002
96904
5165
17968
96904
96904
96904
96904
34245
15622
17968
17968
97267
96904
45071
96904
17968
17532
2137
17968
96904
17968
9371
95519
17968
17968
6776
96904
74251
96904
38830
96904
79353
73569
29565
96904
17968
17968
78183
17968
17968
96904
77398
86075
11994
17968
16616
96904
96904
54074
92364
92629
1194
14907
5461
63280
19358
17968
38366
54729
8359
34520
17968
63000
32029
62879
96904
82682
17968
75554
17968
87226
22471
17968
17968
26238
96904
96904
15176
96904
96904
96904
96904
52079
67264
10203
42112
17968
17968
29119
12966
84599
17968
96904
41279
70038
96904
17968
17968
76444
96904
96904
47463
26285
17968
62744
17968
11047
81585
17968
17968
96904
96904
33362
44742
4694
13844
17968
11018
96904
1681
71653
96904
51613
17968
17968
96904
78815
17968
17968
19170
17968
96904
74196
96904
16706
33336
96904
36194
89569
69710
17968
39137
17968
86327
86107
17968
96904
96904
71703
17968
86561
17968
43536
92395
56823
49448
96904
17968
17968
17968
96904
96904
17968
5178
17968
96904
55173
3660
17968
96904
96904
96904
96904
96904
23854
96904
96904
84971
96904
96904
61064
5465
61234
17968
93156
63991
51037
96904
6376
30367
8414
57790
88213
96904
16747
15888
68656
310
96904
49078
17968
64851
61244
96904
96904
17968
96904
88164
17968
43194
17968
96904
9942
34062
17968
4860
17968
31375
64832
2072
31482
96904
67794
75498
96904
17968
28074
14785
96904
18778
19182
17968
32572
49833
29245
6590
86984
17968
96904
30208
11549
50437
17968
17968
37061
96904
17968
72357
47796
93821
17968
96904
96904
17968
96904
17968
17968
46411
17968
17968
96904
17968
17829
17968
23767
27769
96904
96904
57081
96904
96904
88473
96904
9367
17968
17968
37062
17968
82776
4572
1251
96904
2544
2300
50108
17968
96904
17968
96904
61628
33465
94813
50764
33806
1234
3856
17968
17968
57940
69701
17968
56187
23936
40819
82779
30676
17968
91857
59705
96904
78259
96904
17968
31091
96904
128
68377
52336
82531
17968
96904
96904
13656
96904
48828
96904
2664
17968
96904
1704
17968
29165
20968
89372
38042
96904
73396
44782
21617
74492
17968
86915
17968
48919
96904
32897
69704
29650
59397
96904
17968
17968
96904
1341
17968
17968
63324
17968
88534
64718
20916
96904
56776
88969
71744
96904
50132
28703
4855
96904
4426
20528
32315
17968
17968
76811
50218
43343
36255
14979
55
46070
91351
55738
96904
96904
33120
785
96904
91960
96904
55274
96904
17968
53567
62572
17968
17968
32988
96904
96904
96904
14177
96904
32016
22552
96904
49831
20849
69551
66190
650
53839
17968
96904
96904
55771
21305
30178
84046
17968
86106
17968
17968
96904
96904
96904
17968
17968
17968
96904
17968
69680
17968
5183
17968
17968
17968
96529
51509
96904
96904
48505
45674
17968
17968
96904
17968
17968
17968
96904
69019
96904
57313
95782
17968
17968
68050
17968
9290
17968
96904
17968
96904
16753
92111
17310
56378
87293
96904
96904
96904
89024
83568
96904
96904
1124
6043
96904
17968
10249
89888
7740
17968
99346
16921
86066
17674
96904
23240
93908
72712
13586
96904
35842
94271
31034
96904
6225
96904
17968
57666
96904
41615
96904
96904
96904
18659
17968
17968
96904
53666
9642
9810
17968
17968
59051
96904
17968
35656
2649
33700
87254
75690
67796
96904
42660
96904
54442
17968
80605
96904
42155
96904
20362
65990
17968
35986
96904
26569
71524
17968
73288
96904
96904
6993
61494
96904
37937
64144
62820
96904
17968
64156
96904
55553
68453
96904
17968
86345
17968
17968
2841
74149
17968
52872
14470
4389
33049
84584
72305
51365
50260
17968
63471
55951
96904
96904
7907
96904
9092
96904
17968
16651
5818
838
98905
48266
96904
8297
17968
96904
47107
17968
73671
17968
6301
90203
70827
14054
13915
96904
2099
47450
37101
63594
60201
53759
42677
88017
17968
45267
24906
68714
74581
17968
65396
96904
29787
41971
33642
96904
42114
62193
23747
91110
17968
96904
25484
17968
57856
17968
96904
64993
35728
17968
87947
96904
92051
56825
96904
17968
29301
72885
96904
17968
27976
74216
40574
91953
17968
1903
28493
39075
28239
17968
11648
96904
29616
96904
17968
72495
96904
76356
96904
35905
96904
41739
96904
95159
25614
96904
17968
96904
96904
96904
16967
38286
17968
17968
17968
11121
96904
26835
34158
9014
17968
43808
17968
54673
96904
98815
96904
65287
17968
6079
6473
70765
96904
96904
96904
5142
48926
2868
91194
17968
16437
31259
74628
14445
96904
2427
92084
96904
17968
86276
48332
42842
45933
51884
17968
1782
60021
44627
11625
31284
17968
93809
96904
27815
96904
19450
96904
46711
17968
17968
52583
96904
87962
96904
48489
87326
6709
96904
42730
96904
33218
17413
17968
46219
96904
84816
1399
55699
17968
91532
93640
96904
17968
22343
48928
5093
66726
99359
52012
57617
96863
98993
96904
52129
46703
17968
96904
48044
17968
64703
26993
17968
97621
70867
69588
40117
40828
96904
96904
85176
38730
70712
17159
96904
24140
96904
95934
71300
17968
17968
17968
96904
73206
42347
17968
85784
96904
96904
17968
96904
96904
25812
96904
17968
4272
96904
14629
43864
63723
17968
43197
17968
96904
96904
96904
17968
96904
5941
80209
23364
17968
96904
642
84087
87603
96904
96904
37411
78311
43436
9821
47893
96904
96904
96904
96904
34492
6829
40828
83110
66400
96904
73253
13833
96904
50381
69706
76848
75260
17968
96904
96904
27302
59730
8381
9235
61362
17968
34904
30234
85048
96904
17968
17968
96904
96904
29734
96904
17921
96904
83966
96904
72236
17968
17968
43628
17968
96904
67130
96904
96904
78408
37420
95099
25486
8029
69140
84929
96904
75968
88534
3580
17968
65969
96904
17968
17968
17968
17968
17968
96904
23815
44026
12905
40486
98852
96904
14920
17968
61605
3731
17968
24376
96904
11845
11087
7294
70438
68683
22362
96904
29145
57599
82950
96904
63697
96904
1065
89264
96904
96904
96904
96904
77713
22846
17107
7534
3539
47839
96904
84606
64068
96904
98821
642
86248
96904
17968
17968
29328
96904
38632
46846
17968
66807
17968
6566
1874
96904
17968
55501
96904
17968
17968
28267
75901
17968
54875
96904
96904
96904
4252
17968
13653
51542
47246
96904
97746
45079
17968
17968
17968
96904
96904
97642
17968
96904
96904
96904
58737
30218
87634
39690
17150
17968
1171
77506
22285
96904
15069
96904
85314
35753
17968
96904
96904
17968
56222
96904
17968
96904
96904
38105
96904
10936
4977
33723
96904
53177
15777
26779
17968
17968
17968
7442
96805
18972
8678
22161
7011
17968
22786
17968
49777
17968
3660
96904
17968
95782
31949
17968
96904
96904
39212
6709
96904
11104
29111
17968
83501
17968
17968
26788
17968
96904
17968
41732
17968
41374
94361
96904
94614
96904
86686
10649
68483
96904
2476
8455
11342
96904
32514
96904
17968
33887
5727
58734
62167
33958
17968
14503
13304
17968
71147
96904
89578
55881
17968
2616
78979
17968
9074
49057
96904
96904
49326
17968
98454
96904
17968
17968
17968
17968
17968
96904
96904
17968
89571
17968
96904
12
71085
64207
96904
17968
6131
96904
17968
51153
12039
57443
25515
17968
54648
96904
33359
96904
17968
27171
96904
10802
96904
96904
96904
14336
37876
17968
73274
96904
17968
12339
96904
17968
17968
14778
80738
89843
43684
16010
869
96904
17968
90095
42480
8365
17968
85967
17968
17968
96734
17968
70234
88624
78023
71227
17968
68017
96904
79512
1478
84534
5390
87866
96904
86420
96904
99555
57058
96904
17968
60537
93471
45848
52013
96904
6189
17968
99091
6880
17968
17968
98037
49017
75354
95746
17968
30290
96904
17968
97999
33442
69286
93703
96904
17968
96904
96904
58258
96904
57783
17968
93986
96904
17968
17968
57101
51643
17968
17968
17968
84877
96904
17968
24023
72302
49370
69351
44723
50517
17968
27672
17968
17968
17968
17968
25472
17968
36902
25867
54189
17968
85832
17968
73790
17968
96904
4579
77010
96691
22539
33469
17968
17968
96199
17968
11425
98057
17968
17968
17968
96904
64913
65587
29152
17968
17968
17968
96904
1497
17968
96904
17968
26820
94636
96904
32222
385
17968
96904
10558
81586
96904
52815
96904
96904
64657
12020
67318
94957
19351
96904
69212
14120
14201
85479
20225
96904
74754
91655
96904
96904
17968
36936
96904
69569
44006
30003
35230
96904
59872
17968
25869
17968
17968
96904
90458
129
99441
1626
50427
96904
89734
70306
45995
96904
94367
17968
45406
17968
96904
53838
96904
17968
17968
17968
17968
73846
96904
23935
17968
96904
90786
96904
96904
6210
96904
57081
31064
99345
96904
36294
17968
42586
86850
17968
96904
20395
84471
17968
6302
50939
37871
21793
68807
96904
96904
17968
52847
96904
93813
47531
89132
34961
38760
78594
96040
93068
44139
17968
18557
96904
84475
37244
96904
2451
88905
17968
14230
8854
96904
17968
96904
17968
55944
96904
66351
56102
17968
48542
86769
17875
96904
96904
96904
77110
39559
46719
94303
61059
95131
96796
79453
42123
17968
96904
25035
42888
86396
40585
17968
47624
2692
75009
52731
17968
6227
17968
48788
17968
14196
59981
55374
51625
96904
17968
42490
96904
81763
17968
88480
48817
59198
24113
17968
96904
87103
17968
18608
67924
4916
96904
17968
33797
17968
96904
96904
17968
96904
92455
54092
4517
17968
30024
37793
95110
2230
17968
96904
89679
47469
96904
17968
8996
16348
96904
84445
37735
17968
16933
56338
96904
17968
17968
96904
96904
7437
59920
67367
80593
17968
17968
17968
31038
96904
59734
17968
61445
17968
305
45837
22360
66158
96904
40042
75803
90389
17968
65795
96904
4904
70041
17968
28822
53366
96904
17968
92241
96904
96904
17968
815
87552
96904
20097
28112
17968
21664
45454
96904
65240
17968
17968
96904
60680
96904
19419
17968
30735
17968
96904
17968
17968
99931
96904
96904
99540
39879
17968
96904
79709
17968
55818
16139
19329
5624
66378
96904
17968
40354
73052
96904
17968
39277
57276
17968
96904
75643
11100
96904
73993
17968
96904
10603
21406
45801
17968
17968
86425
96904
17968
56369
76792
17366
96904
96904
24224
42346
17968
17968
17968
17968
33965
45302
56551
96904
17968
17968
96904
48500
16059
87736
96904
17968
25800
87535
17968
41790
96904
27519
11738
96904
17968
17968
2647
96904
96904
17968
85810
60558
20100
17968
82514
17968
16202
66559
75056
19540
17968
79563
17968
1810
99066
96904
17968
84938
64575
16564
96904
17968
60165
96904
17968
43575
68261
96904
8009
54689
17968
32796
96904
96904
17446
20048
9175
76015
58044
29160
96904
88185
11306
20358
67391
4080
96904
12039
80293
2836
17968
96904
45835
21636
14100
24966
17968
74401
17968
9292
58730
63022
40370
47795
96904
57937
17968
96904
71320
75016
19162
85953
72993
17968
17968
17968
40264
17968
17326
17968
5708
96904
6365
28879
169
93489
5971
31677
38471
81816
81689
14599
96904
44407
60240
66314
85325
96904
92125
79819
17968
69831
3633
17968
96904
96904
17968
35409
40895
42860
85760
64482
54491
60234
12252
27405
17968
20548
10988
75514
96904
22230
96904
8780
17968
735
2727
96904
36891
14957
18359
73101
96904
10098
96904
17968
44818
96904
31711
96904
17968
30064
96904
42722
10061
96904
96904
16969
17968
17968
32122
92968
65458
96904
73470
96904
4830
1571
71998
56552
17968
15431
96904
96904
57174
17968
14064
92954
96904
71265
17968
44935
66458
17968
47507
17968
46041
72176
17968
8886
13958
96904
53106
17968
11952
71163
96904
76260
31133
53442
33542
34452
17968
4681
49447
2015
30412
96904
17968
17968
1886
17968
7719
92566
96904
96904
56141
17968
3529
11731
16914
26403
74346
74651
17968
96904
17968
17968
17968
34323
17968
92617
96904
77773
17952
96904
18129
38579
17968
91412
96904
64181
6122
96904
96904
17968
78126
29340
31107
81782
96904
96904
17968
96904
96904
33616
92524
68288
96904
94915
17968
4770
17968
96904
1394
96904
17968
5481
17968
18427
21994
7616
17968
17968
58904
89444
17108
66131
16359
17968
47493
12804
41088
17968
17968
13353
96904
37657
96904
3230
96904
82534
75823
17968
79869
17968
96904
32302
81912
53176
71317
34371
96904
17968
96904
96904
64587
83703
47334
88590
64328
17968
96904
96904
17968
18025
14447
17968
17968
96904
9070
62422
75759
96904
96904
50976
95622
96904
93767
9367
96904
73720
93859
50529
92621
31157
17968
11686
44265
4643
96904
1777
5852
96904
74398
17968
17968
94000
96904
96904
7274
14860
21252
96904
38281
17968
64150
96904
5237
86235
4721
96904
1861
17968
17968
17968
17968
17968
73426
96904
79797
38896
14660
96904
37202
17968
17485
96904
87531
66535
17968
96904
76396
96904
17968
17968
35871
96904
96904
22414
96904
17968
37563
79681
95834
66799
69101
17968
17968
17968
96904
17968
96904
76847
169
96904
3812
38550
63332
96904
12944
5677
17968
96904
62533
96904
64376
16111
38427
17968
59564
17968
49901
49771
47481
76391
17968
38739
7116
10927
31014
17968
17968
17968
96904
17968
15256
558
96904
91961
28638
96904
96904
17968
25668
17968
39723
28047
40418
64242
12
25394
17968
17968
17968
39134
96904
58665
17968
64932
96904
94325
17968
47744
6040
67223
96904
99741
80769
96904
65780
84547
17968
17968
17968
17968
51174
78653
30595
17968
385
70452
64467
17968
96904
96904
33303
96904
88589
17968
14735
9306
3202
17968
20623
96802
17968
42466
5491
13540
96904
17968
96904
17968
2286
11486
55851
57595
96904
17968
86548
96904
25657
10461
96904
96904
76109
57348
52246
67980
59459
96904
17968
17968
17968
91180
31460
53216
47606
6597
80441
17968
48801
26542
17968
96904
94795
96904
33168
96904
17968
76720
96904
96904
17968
73886
17968
9087
7956
94447
96904
17968
17968
53376
91336
17968
4990
5795
17968
92008
96904
3525
17968
96904
96904
53387
28102
42363
17968
72655
96904
17968
96904
17968
31986
53234
17968
48047
17968
54745
1395
27800
82400
96904
19606
84034
43206
54295
96904
17968
34074
4426
83621
99626
30773
17968
96904
17968
16208
96904
64820
18191
87265
88158
96339
23780
34507
89480
17968
67893
51673
17968
96904
25115
17968
96904
44842
17968
96904
40715
21617
3193
14237
17968
22617
78216
37033
17968
17968
17968
22915
25336
17968
3514
17968
55835
22071
20588
10948
17968
17968
42712
47263
17968
53043
43981
96904
96904
30631
17968
17968
43680
26267
96904
17968
96904
60199
61205
47920
37334
96904
21655
17968
60323
76672
96904
96904
96904
17968
5502
9316
96904
42342
52734
17968
11007
88288
17968
17968
72946
96904
17693
15960
66267
96904
65021
53417
96904
96904
40038
96904
17968
88650
93095
24480
12807
96904
68084
96904
91808
96904
96904
17968
57307
11561
17968
96904
8638
48651
96904
83028
52160
96904
81761
44356
17968
56849
40720
17591
36522
17968
17968
96904
10614
59418
411
96904
96904
96904
96904
96904
17968
26367
96904
61814
36279
17968
10531
10274
16699
17968
96904
50024
829
17968
17968
24723
52488
55373
7490
17968
17968
96904
17968
81417
87922
17968
31064
60367
17968
96904
69945
37935
17968
17968
17968
17968
66443
96904
1722
74320
17968
97123
42422
2997
95463
17968
2516
30184
6376
96904
48521
50659
17968
96904
17968
97135
17968
96904
33633
22168
5940
61373
24644
17968
67193
28481
96904
17968
17968
58940
70661
96904
83053
45907
40739
17968
85606
50658
65839
54642
17968
96904
96904
65084
192
3289
6904
142
96904
96904
23543
96904
96904
17968
20826
96904
17968
93048
14004
88566
56408
70264
6117
17968
17968
96904
82073
12659
96904
69749
96904
17968
17968
16020
96904
96904
17968
17968
72180
35221
96904
62567
17968
64
22967
96904
96904
96904
26055
2936
17968
1828
17968
17968
10952
83263
60737
84
17968
13662
17968
13836
17968
56180
96904
5283
84577
24107
82537
17968
56189
96904
30534
58404
17968
96904
91201
17968
17968
17968
83128
96904
11698
89469
88463
96904
96904
96904
57176
79285
42045
17968
57603
15702
48379
829
48653
17968
96904
96904
10152
96904
96904
10887
10570
17968
74438
58509
96904
8678
4994
96904
22948
44872
96904
16622
4112
2764
96904
17968
63818
96904
96904
51005
2847
49165
27720
42712
96904
56950
43887
57263
17968
67921
36408
17287
27460
94854
29019
94542
96904
78330
5944
17968
7082
17968
31958
16215
6136
17968
17968
4870
13276
17968
50312
96904
28579
96904
8850
59462
85957
54045
22486
17968
44016
75999
1443
1288
96904
17968
86092
94651
96904
17968
17968
2562
17968
96904
71424
23924
24936
50837
17968
17968
17968
96904
48201
96904
78432
36440
22088
11268
96904
96904
81718
43553
26407
17968
22398
79160
96904
13082
88333
17968
963
46820
40299
44584
1999
26406
23585
34932
17968
49743
96904
65238
32774
9727
96904
76527
17159
96904
96904
17968
79247
95661
78587
96904
78368
96904
96904
59408
15617
72964
50890
96904
34774
96904
17968
39421
25985
88329
55604
92435
17293
41100
31607
74343
17968
11352
17968
63048
11551
38359
96904
12308
92689
6473
27971
62423
86070
41455
5266
3743
72509
17968
35521
17968
77
86705
17968
88494
5926
96904
96904
96904
32316
14352
15258
7163
14552
96904
74777
1463
38621
96904
95001
17968
96904
17968
18809
47935
58807
51623
55657
96904
37851
96904
24211
72156
17968
82805
96904
96904
96904
17968
3193
90901
91297
66796
96904
96904
91068
61088
17968
4652
17968
96904
19929
85069
17968
63528
42693
17968
74359
96904
17968
7318
96904
17519
96904
96904
74132
96904
13447
56369
17968
87330
43371
48190
96904
62241
17968
74451
19690
87163
2103
71823
15703
87838
53141
12674
96904
96904
96904
72105
17968
10743
29790
96904
96904
5430
32477
23335
25115
1306
17968
64756
18613
62689
17968
96904
90082
96904
17968
17968
2919
96904
85351
51566
96904
96904
17166
55724
17968
17968
96904
96904
35167
96904
48840
23698
96904
55527
36675
17968
30452
17968
17968
96904
96904
17968
18947
2710
17968
17968
91090
49070
13140
9529
96904
37434
7375
55678
28883
96904
17968
36356
85982
96904
96904
45833
96904
17968
96904
91515
17968
96904
17968
38593
17968
5541
45259
96904
95733
45854
96904
68065
3704
88280
80951
96904
96904
96904
96904
62138
99828
24626
17968
91298
17968
51635
96904
17968
73739
27220
49058
5865
17968
17968
17968
54713
17968
96904
17968
31779
96904
96904
79231
17968
30374
96904
7077
81582
96904
72648
96904
38762
40937
78169
90286
53619
96904
41757
17968
17968
84052
96904
96904
96904
5360
17968
11046
36660
92452
96325
96904
96904
89274
96904
83963
17968
63116
93959
6592
62850
15700
28849
96904
96904
99184
96904
23720
86757
18030
17968
17968
63613
87044
17968
13539
17968
17968
42397
76643
30100
96904
17968
52273
74844
94819
1028
15744
96904
96904
36236
22375
17968
96904
17968
44776
42854
96904
31775
66309
96904
7991
17968
77762
85330
17968
34369
17968
17968
95696
96904
17331
81133
52792
3679
87235
68563
17968
17968
17968
42291
2116
17968
12639
21203
17968
63325
96904
96904
59848
96904
6288
17968
96904
15215
96904
17968
46531
17968
96904
40905
72502
96904
96904
4457
24146
20001
17968
67352
17968
96904
17968
96904
96904
17968
17679
17968
16394
15980
82242
96904
96904
17968
62748
39278
79440
10429
96904
96904
21350
17968
52514
17968
17968
96904
17968
65027
24319
17968
96904
37416
17968
87785
41095
5934
92214
90701
17968
17968
18115
7393
40060
89195
46804
12953
96904
97426
17968
96904
29978
15589
17968
96904
46060
96904
99432
96904
59679
42300
34715
67517
49185
17968
40800
96904
17968
96904
23386
96904
73864
78360
17968
99893
83671
17968
61498
4987
96904
96904
96904
69838
60808
76392
77226
17968
91696
16288
49213
96904
63968
96904
17968
17968
17968
6548
31886
96904
96904
3396
17968
96904
17968
44464
36728
96904
29529
96904
32631
22960
96904
78404
63265
17968
23656
5789
24859
67072
94390
42352
17968
96075
17968
44426
9388
57761
96904
17968
17968
15566
24751
11576
11942
1379
71006
85678
96904
96904
96904
45700
25884
96904
15194
82995
92436
17968
17968
19979
72355
23086
96904
30530
17968
96904
96904
43551
15549
17968
1028
96904
96904
618
97923
96904
95918
17968
49718
43116
7848
32039
36040
17968
96904
17968
96904
61601
81643
88491
9172
51121
98811
71654
77783
96904
95248
17968
17968
66197
3
53345
17968
22714
96904
35444
67547
50640
96904
40361
17968
96904
17968
96904
54804
17968
96904
17195
17968
90492
17968
11670
94152
17968
96904
16059
96595
31711
96904
54056
96904
61590
17968
17968
44328
17968
49796
23756
96904
5255
30503
77421
55094
11923
80351
56200
96904
22069
17968
17968
96904
13983
96904
12
69407
36663
77451
58280
4583
40686
16669
17968
23553
19905
17968
57997
2745
49492
96904
96904
35148
61304
34077
36320
67385
21433
94027
96904
88694
78085
47823
57841
64536
4411
17968
19015
45732
42112
71943
17968
96904
52073
14423
96904
21681
57454
25923
38013
3505
17968
13859
96904
96904
22891
17968
63637
5796
43623
96904
70977
17968
96904
22867
95889
17968
17968
80116
29256
17968
17968
96904
4480
96904
87642
44147
17968
1478
11531
92818
20877
91291
51754
77917
29656
18896
7853
51051
51948
96904
17968
21725
96904
72183
88778
67281
96904
32192
17968
96904
17968
17968
96904
96904
8854
96904
17968
29197
17968
5941
25411
76374
17968
7040
96904
46413
44150
61397
96904
37823
96904
96904
17968
64180
64344
96904
17968
17968
5789
17968
17968
77080
60700
96904
17968
55895
17968
82849
96904
20000
96904
96904
63066
17968
17968
96904
20374
17968
17968
33602
17968
17968
17028
96904
96904
58426
17968
96904
96904
21330
41805
8905
22935
17968
96904
17968
96904
27058
58693
6355
52259
33789
96904
61158
28192
73944
30479
77816
2187
96904
25667
53873
17968
17968
12781
17968
16711
17968
59772
70693
2503
96904
34606
96904
96904
2807
17968
96904
96904
96904
17968
80491
96904
66524
17968
56304
82710
84078
91215
25963
96904
96904
73119
99471
17968
47879
33060
96904
96904
96904
75123
43586
17968
97460
17968
2800
73245
12997
97854
14636
24085
17968
50684
17968
14484
96904
96904
17968
3159
17968
96904
62433
23041
24034
88334
96904
66862
96904
58319
96904
18256
96904
17968
12054
24166
66737
36432
28954
82317
26567
2597
17921
36007
10194
8403
66840
83848
96904
92978
17968
96904
17968
7918
96904
54394
96904
44600
17968
83295
87219
9572
17968
40926
17968
96904
3553
77391
17968
96904
26746
96904
50315
17857
36127
17968
76
78558
17968
33677
73881
17968
17968
93594
17968
34607
18287
36159
96904
24546
41168
96904
17968
5852
17968
96904
18115
17968
17968
83632
96904
58227
96904
95976
43651
63783
96904
96904
17105
48059
7969
96904
17968
40724
42964
17968
96904
52272
1234
17968
66083
30221
81932
6776
41696
82026
95293
17968
82461
17968
96904
15194
1563
46676
94589
44175
17968
17968
72752
70592
8719
96904
74733
35839
17968
17968
75598
1195
17968
5105
32906
96904
51690
528
96904
17968
50130
17968
96904
17968
9562
9873
12550
96904
96904
96904
96904
99160
17968
17968
17968
17968
17968
17968
28075
96904
33218
78604
72457
37469
28050
20191
17968
27819
52498
96904
17968
39573
17968
17968
52316
96904
96812
17968
17968
17968
17968
71055
47122
89221
96904
94214
33894
52951
88334
17968
17968
17968
78532
17968
96904
24688
36059
64300
80779
56991
71400
96904
96904
96904
17968
17968
28555
17968
91335
44883
85851
17968
7746
66429
6492
17968
96904
35648
96904
11032
9663
10227
46026
10876
17968
50369
96904
2933
17968
998
96904
96904
96904
96904
96904
17968
56282
55508
17968
22503
17968
4871
71767
4298
17968
17968
10049
4634
42083
17968
96904
18859
38256
64938
972
17968
33123
65235
78345
8460
17968
17968
98752
4736
33476
58966
3597
38092
31451
50290
96904
37699
17968
24406
3065
71061
9218
17968
25036
96904
92799
169
499
64777
96904
28119
53907
96904
80531
17968
96904
96904
33114
17968
76044
96904
37271
17007
52832
86051
17968
86150
6473
73899
1148
34656
60586
96904
39206
77501
35765
69195
31447
17968
86754
71887
53646
61059
96904
98659
3615
94264
17968
96904
878
96904
208
78987
7511
25890
96904
96904
32743
11167
96904
30721
10698
11579
69398
17968
24247
17968
16695
28906
17968
85814
96904
36202
96952
94823
50868
98720
84376
96904
66271
96904
90355
20065
43815
96904
75751
14390
94963
39582
37307
96904
17968
72709
25570
93648
96904
55753
90860
70862
96904
8922
6787
96904
10686
17968
91373
20663
3559
73968
76958
52697
35205
42993
17968
14589
96904
73411
47270
96032
85376
96904
40312
26022
17968
65048
17968
96904
5499
17968
96904
3687
96904
9355
4771
18968
5465
96904
17968
28887
17968
60693
30937
78730
31186
74930
25044
87730
51111
17968
4975
96904
7126
55962
96904
17968
17968
18032
88346
17968
49463
17968
29835
23763
17968
55086
96904
96904
25153
51657
80636
96904
17968
92473
17968
17968
96904
17968
66700
62395
7283
96904
47330
96904
96904
52933
96904
68296
55710
96904
29589
96904
96904
96904
41833
17968
72097
69543
33436
96904
63516
60878
33855
94870
96904
89485
51809
41389
19209
96904
96904
19101
36092
39958
7591
96904
96904
89282
17968
87179
95328
96904
96904
61150
51833
27046
96904
96904
13
59692
17968
17968
67378
73936
26549
96904
73317
68929
96904
61878
59772
23979
54879
17968
35945
71245
84575
17968
20631
6253
17968
70311
96904
95054
96904
17968
17968
56076
5759
19720
38758
96904
44146
17968
96904
96904
96904
96904
96904
17968
86149
23851
17968
97199
96904
76761
17968
17968
63270
96904
17968
94138
17968
17968
48238
15736
96904
17968
32167
7964
7270
5934
96904
96904
17968
17968
17968
6308
17968
34264
1607
96904
71240
13625
79106
23295
51555
41891
17968
41577
36188
49333
96904
17968
82019
96904
96904
91848
17968
96904
17968
17968
17968
17968
97204
97149
63926
74921
17968
96904
59741
17623
61223
40807
16214
96904
18181
17968
24511
208
3697
18188
20844
61361
17968
56045
29690
96904
76603
36024
96904
17968
26749
40083
86213
96904
9116
45615
83455
96904
96904
70720
93297
96904
96904
96904
96904
49820
3338
17968
81672
96904
96904
91549
71250
51770
5126
96904
95931
30603
99051
17968
16710
17968
13985
17968
58965
96904
61731
96904
91510
96904
17968
96904
43000
17968
28014
17968
23942
75753
17968
55465
85225
17717
17968
17968
96904
80072
90203
28539
23734
17968
78107
45607
17968
96904
96904
52646
1623
5465
17968
85185
17968
96904
31551
17968
14238
42489
17968
18472
7280
96904
42530
17968
74642
89817
41873
17968
17968
30291
30479
72552
20259
96904
8706
96904
63906
17968
17968
17968
27073
96904
96904
59457
17968
50936
13889
17968
20642
22485
17968
96904
42418
65581
68940
15653
17968
6477
15395
36178
17968
96904
17968
96904
99283
80557
96546
96904
60002
22320
56063
96904
25993
69318
17968
17968
17968
7804
48233
6273
33869
34479
79096
96904
13561
66405
74696
7764
13109
71103
69359
11285
17968
1469
96904
82136
96904
59210
81979
96904
33969
153
17968
79397
83863
14867
10625
7740
36911
17968
94785
67163
96904
96904
49011
96904
66746
37196
19996
96904
96904
5441
29818
52018
36707
70021
96904
14200
17968
35400
12744
5959
94153
86029
41022
17968
96904
17968
17968
20580
123
37085
96904
91381
42273
99808
70751
17968
96904
63864
14321
53206
36884
78521
96904
88294
21777
11000
7728
17968
12145
79268
69565
1236
96904
6574
87714
29054
49064
60760
17968
30595
9575
383
2639
53913
99795
96904
17968
31432
96904
81306
21077
8324
52821
20097
87028
25885
34331
4119
17968
17968
96904
76650
17968
35405
59891
96904
2569
56546
12020
55753
96904
81608
96904
96904
17968
96904
58857
21737
6737
17968
24221
96904
15981
96904
96904
38978
96904
17968
17968
34325
96904
87911
17968
36378
17968
24783
96904
96904
96904
96904
817
34622
96904
96904
96904
96904
38055
70032
22151
59733
96904
96904
17968
17968
8687
9076
17968
17968
17968
19936
17968
96904
80706
96904
96904
80205
19441
17968
57933
10572
37009
26315
17968
80296
12155
64831
78695
96904
65735
96904
25010
17968
17968
17968
17968
44334
65703
96904
96904
29630
96904
88408
96904
28544
13258
96904
16810
79128
13270
17968
96904
41483
87455
96904
60368
11896
89808
54684
17968
25892
12298
79591
17968
17968
16939
67644
17968
5491
86583
16412
24148
17968
48489
96904
96904
17968
96904
26056
3428
47211
96904
7081
62326
56031
17968
17968
53703
96904
97946
96904
58785
8452
18207
17968
17968
92693
94184
54767
17968
86396
18045
17968
96904
58089
15700
17968
17968
42544
96904
17968
96904
17968
14560
96904
21005
51525
17968
66864
18502
96904
96904
17968
17968
96904
17968
96904
17968
1181
4936
17592
780
96904
49490
17968
96904
82114
76875
9749
57009
27850
17968
60234
10501
3198
96904
8170
31750
17968
96904
27614
34585
96904
17968
65535
79257
74241
38978
17968
99744
17968
17968
96904
6492
74160
69539
60029
6382
82960
96904
17968
76872
96904
23218
96904
33716
96904
2493
41196
47479
25190
96904
72560
96100
96904
4654
17968
17968
96904
17968
21405
38420
96904
79004
15846
96904
96904
96904
31170
59061
93915
81116
620
69562
2280
7464
17968
17968
17968
17968
17968
64463
15532
43595
96904
55906
56051
96904
96904
17001
30016
34565
75971
96904
25318
96904
26815
20758
17968
78137
17968
38426
17968
41049
48017
96904
45065
17968
46844
74748
60598
29827
84589
96904
96904
79439
13353
96904
96904
96904
13837
54109
45727
71835
34050
96904
17968
87821
77648
1130
17968
57543
11036
23825
10797
85899
75855
81064
56631
28509
96904
96904
72173
83788
17968
37863
94734
17968
96904
96904
78657
91658
32867
26878
96904
74708
96904
77050
5953
5312
96904
96904
10369
88654
33917
21596
34896
17968
96571
17968
96904
54760
87477
59616
70298
92208
17968
40597
44440
96904
17968
23843
36988
86668
17968
52604
29769
96904
24529
96904
64363
40388
53361
6534
2807
68105
95205
76267
96904
83443
30548
52248
83061
62944
96904
17968
8871
50444
39508
40099
66848
96904
96904
96904
12034
96904
57791
55360
15286
96904
17968
96904
50240
76737
930
64217
60130
17968
86958
96904
76871
96904
17968
37510
96904
4080
17968
17968
96904
96904
29853
36861
96904
96904
96904
96904
68478
24045
187
59989
41446
17968
17968
17968
17968
96904
17968
85885
46256
82039
1157
17968
96904
96904
2310
31895
42551
96904
96904
1242
96551
21936
17968
96904
3193
17968
17968
96904
86472
96904
44213
92719
35337
57289
96904
30060
12877
64393
15662
97299
96904
20554
96904
17968
3403
31724
77975
96904
68017
17968
50199
96904
96904
96904
20083
96904
17968
96904
17968
99634
38576
17968
1595
85040
68146
96904
13614
91083
67616
89682
45118
30020
96904
96904
66120
64371
63430
48671
40086
96904
24871
28084
17968
17968
41289
9619
30782
22062
1911
88709
39524
96904
50290
97298
61612
69662
96904
47250
11648
17968
17968
17968
96904
21330
17968
96904
1888
58839
17968
81924
17968
48879
17968
7224
17968
32448
87734
54975
26757
61372
55627
17968
55132
20652
18890
17968
89863
65411
96904
46278
96904
96904
86040
96904
48077
96904
96904
19168
65271
96904
17968
17968
51531
20412
96904
9155
33274
14093
17968
96904
2395
88208
80338
38381
17968
43575
2281
72600
17968
78595
68772
337
2185
60164
13577
17968
58871
17968
5883
10061
73380
59865
28900
30067
17968
96904
17968
96895
96904
96904
17968
17968
74104
58224
17968
17968
96904
39726
96904
53919
27023
17968
848
19897
17968
96904
88596
17968
4298
17968
20266
14027
17968
15488
92043
96904
96904
95719
17968
52908
3042
26852
47187
57273
17968
81893
96904
17968
17968
4394
93115
17968
81583
17968
901
44710
48704
96904
66161
17968
88411
96904
96904
26937
17968
17968
9506
96904
2723
96904
49616
60548
37016
26523
96904
64977
17968
78989
12586
17968
8276
17968
50200
252
35203
4229
31701
99128
18086
96904
2185
18109
44539
17968
28321
91725
96904
96904
17968
17968
80190
96904
21961
17968
88416
96904
32375
96904
23208
96904
12241
85905
76977
17968
39037
88731
96904
8094
96904
20013
42996
96904
18576
98424
65815
54139
96904
17968
17968
38778
17968
96904
97032
17968
13715
83077
73882
47294
27110
96904
96904
27391
96904
17968
40970
96904
96904
70631
17968
17968
45815
18729
86013
17968
96904
96904
96904
16360
30530
17968
89305
1595
1810
96904
96904
57127
23928
17968
58311
17968
39504
96904
35090
96904
17968
96904
96904
17968
23504
96904
17968
96904
17968
40701
27093
95320
96904
58377
96904
7194
60301
97314
59768
69155
96904
96904
8041
17968
167
92786
17968
90133
61788
17968
17968
9623
96904
96904
96904
17968
71960
6280
41092
96904
68543
96904
96904
17968
96904
96904
38732
48149
23399
93975
57300
17968
1882
55134
99335
96904
96904
93087
83012
73183
96904
96904
2178
47653
11793
50289
96904
96904
7612
49765
86989
29770
17968
43153
17968
17968
84674
74486
96904
2087
9900
14657
43286
96904
26304
24410
73043
24197
17968
78033
96904
17968
7492
96904
33030
24445
63760
65686
84080
17968
25558
28663
17968
39375
49847
26319
81476
31690
84658
17968
69339
96904
96904
31193
81264
91585
89923
29764
3092
84009
96904
82714
17968
92594
83522
90185
17968
17968
54983
17968
82289
19728
17968
96904
96904
96904
96904
17968
52645
92153
7487
83418
96904
95285
96904
96904
42010
17968
36018
46658
17968
51172
17968
70632
34497
16098
22401
96904
48945
93185
93391
17968
61125
17968
17968
73057
36609
43258
25123
85038
34101
70127
96904
17968
96904
96768
86775
66957
96904
17968
10128
75619
96904
27956
96904
96904
14004
96904
1950
96904
7604
96904
57498
17968
60932
24562
96904
72795
17968
25
28691
19901
32871
96904
96904
5401
96904
17968
96904
17968
82871
96904
17968
67309
17968
17968
96904
506
17968
4973
56678
96904
17968
96904
17968
17968
66547
13148
12519
27869
81275
99311
7535
64362
4597
4871
30718
17968
11594
17968
5229
52110
62076
12942
83165
87002
54309
17968
4371
17968
32509
17968
96904
27164
21239
35485
8902
12130
96904
84858
17968
30155
96904
37077
17968
43289
57579
96904
63519
31218
68865
53904
64599
16718
47912
96904
74823
17968
17968
22820
17968
7933
67314
38890
96904
96904
96904
67618
49432
60642
1141
99784
725
96904
6568
73078
67198
5003
17968
5893
96904
17968
95247
96904
17968
37393
24166
96904
96904
14554
62774
17968
96904
84979
34589
4687
17968
25344
95337
17968
96904
68634
17968
17968
7630
75969
108
17968
79176
96904
83907
85620
96904
90943
96904
64877
96904
22813
7154
19003
96904
89868
17968
17968
96904
14281
17968
68648
1552
87943
57159
7757
14203
7329
17968
96904
49214
15470
17968
96904
30168
26004
79942
61546
96904
22602
30840
96904
17968
97224
96904
80658
12423
83112
33130
97751
96904
96904
62223
96904
96904
96904
7870
6933
89793
17968
45376
25004
17968
88480
75672
21374
5761
47480
22521
20728
87480
91972
81646
96904
18365
96904
54439
35555
96904
68701
75187
10582
96904
75778
55837
67817
17968
96904
17968
63634
43051
96904
88085
17968
16923
17968
21444
99122
52440
96904
17968
76718
19325
17968
4642
59721
96904
74780
96904
17968
99056
17968
17214
13582
21983
17968
70568
49589
23422
1191
90297
96904
87
96904
17968
51895
60322
48746
13767
49893
17968
17968
96904
96904
87845
13455
84286
17968
96904
63065
18618
15698
31617
68343
9507
17968
17968
96904
96904
61333
53025
32719
95135
94322
22326
30329
26849
24205
38155
17968
17968
71277
31197
96904
23266
96904
17968
30142
75360
26172
17968
17968
69471
96904
96904
94584
17968
17968
18478
38633
20121
6382
17968
76822
57367
21887
37875
96904
17968
72740
96904
96904
77797
72972
96904
20692
23291
9539
33447
28245
35715
44174
48897
28585
24850
74877
43474
22069
77545
96904
53777
3740
96904
30134
17968
17968
96904
96904
96904
19119
22811
17885
19608
17968
40176
28140
96904
46215
57411
3436
17968
54261
17968
48827
35895
17968
64304
41935
96904
78024
17968
40256
96904
67615
55777
8411
73218
32579
93751
53608
96904
59851
79434
79985
27921
96904
52680
17968
86648
51463
17968
17968
19060
85132
96904
18501
17968
17968
74224
53946
25063
1251
5582
96904
90697
96838
96904
96904
41047
28320
17968
13809
17968
63544
50526
4283
17968
96904
43277
96904
28250
1529
50565
96904
96904
13215
52597
23931
77999
17968
96904
17605
21387
96904
14208
82465
67468
17968
53265
17968
48472
96904
10789
17968
12692
96904
96904
96904
21253
61026
1463
80149
49369
96904
51429
4167
96904
17968
6718
17968
23031
33462
17968
54411
51462
55829
96904
16391
30057
12638
17968
95972
7738
30041
96904
17968
17968
17968
17968
742
67416
96904
88274
25114
17085
96904
6336
96904
17968
17968
55900
96904
96904
17968
17968
72584
15180
28023
72045
94288
38347
96904
49810
17968
17968
91756
85215
86900
96904
17968
52000
39142
67321
17968
6657
78334
17968
96904
33169
17968
19979
70449
1750
17968
17968
96904
49220
93213
43631
96904
17968
52266
96904
17968
93028
17968
91271
96904
68688
38640
17968
96904
81275
17968
18596
96904
92421
96904
93528
53173
69300
42563
19607
46448
17968
17968
60841
96567
16732
27007
65522
17968
72701
53771
17968
17968
94851
96904
10448
96904
17968
49989
47787
9594
27661
96904
31352
96904
56028
37276
96904
1094
1626
17968
17968
17968
17968
32394
11733
96904
96904
65504
87386
17968
18379
96904
59052
17968
17763
51002
15852
2806
97300
17968
72108
17968
57882
6579
81593
54554
34409
10318
7316
96904
17968
17968
31830
19244
96904
17968
96904
85405
96904
49345
77156
17968
24166
17968
815
68885
17968
96904
17968
10852
96904
29224
96904
92372
24735
40419
96904
96904
35207
11821
17968
96904
44619
96904
33919
17968
50055
96904
23460
17968
18505
70112
40951
11118
17968
72072
96904
125
17968
72875
67226
1294
1090
5316
17968
17968
96904
44698
70246
17968
22856
2877
99534
8155
10461
43670
28115
96904
70315
96904
23170
98222
17968
96904
87641
96904
20168
61239
96152
96904
17968
82141
2527
59968
42806
96904
96904
31976
96904
26526
17968
17968
72063
39406
44827
17968
83413
47813
17968
17970
99033
96904
50433
2369
17968
17968
39965
91609
70475
81356
96904
17968
96904
96904
95003
96904
96904
96904
96213
39342
49700
12960
22404
64315
875
68910
42777
93214
16910
35441
33570
17968
51700
17968
96904
96904
5022
17968
17968
96904
17968
96904
17968
25
48111
15197
17968
96904
41741
37645
18006
17968
96904
96904
96904
68955
47179
96904
75867
60908
29994
17968
54028
11495
18944
252
13068
59701
96904
96904
71649
47086
29370
23962
5935
9702
17968
36514
49846
96904
43975
90000
96904
48266
1561
4439
17968
8614
17356
70649
96904
37511
3326
17968
98977
32581
96904
85339
96904
56598
79643
6091
64769
10872
817
96904
17968
17968
96904
76299
17968
96904
33255
95410
17968
79996
96904
85776
17968
17368
96904
63100
70959
36187
17968
17968
6754
76476
17616
37610
96904
96904
17968
52182
96904
96904
97059
17968
17968
69833
84566
96904
17968
66939
52185
96904
17968
20013
19670
96904
37514
17968
37942
17968
56930
40234
96904
62840
108
43862
17968
44681
6561
40555
85973
28206
17968
96904
17968
23362
17968
3226
17968
69854
22828
15436
96904
61184
84090
24320
17968
96904
96904
51010
72056
71447
60822
96904
7876
21507
78958
30864
88815
96904
26683
57407
96904
55895
17968
96904
17968
17968
96904
94507
79606
26961
19478
17968
76832
43407
96904
96904
64390
82202
70923
83568
96904
70053
96904
18744
3589
85502
54428
89623
57085
56754
17968
17968
51240
84560
63364
17968
96904
31193
17968
17968
31956
96904
17968
96904
3075
96904
17968
17968
96904
17968
17968
50000
863
17968
3715
4434
30332
17968
68133
17968
76023
2521
14485
17968
97065
17968
35248
60530
56414
17968
45193
23445
96904
96904
17587
26119
17968
96904
17968
96904
21021
10631
20476
17968
96904
26548
87854
96904
22692
13252
18282
10090
96904
81732
17968
96904
27156
1555
17968
17968
20283
17968
30007
46753
91689
3729
16591
31729
7537
17968
35057
17968
17968
96904
96904
85946
66937
96904
31356
27489
96904
96904
96904
95418
51581
96904
96904
96904
2068
17968
38365
17968
12550
71800
33498
27004
77336
29256
57529
96904
26010
2334
96904
14417
88593
96904
32012
985
18943
17968
17968
17968
96904
60902
10378
96904
59252
24483
67162
96904
99612
70840
84906
50736
17968
17850
17968
17968
84038
96904
8201
22430
7479
85433
52738
83249
17968
17968
96904
96904
17968
96904
17968
84679
96904
75307
17968
78538
17968
95027
64685
17968
96904
77298
60909
96904
96904
17968
17968
97358
30664
17968
82844
39811
93788
2525
17968
17909
61516
37869
17968
24549
17968
78078
21715
96904
28150
17968
96904
96904
59436
17968
79445
96904
17968
8915
96904
96904
21034
11953
82902
90162
96904
5777
17968
17968
51854
66774
67475
96904
36874
3446
17968
63049
17968
81263
78096
83013
78850
96904
51033
15256
17968
96904
17968
78588
17968
17968
96904
17968
14757
17968
50244
17968
17968
12983
96904
4730
17968
47891
17968
96904
53075
96904
17968
95508
17968
85187
96904
25531
15916
17968
17968
17968
34683
96904
74206
17968
96904
96904
96904
40413
17968
51107
61418
77557
62855
4491
81554
17968
96904
22353
17454
96904
38328
28293
96904
96904
96904
17968
17968
88273
54030
91627
17968
18304
16957
96904
75411
36094
10750
1947
17968
17968
96904
31928
96904
74299
96904
86498
20977
17080
17968
44356
27254
96904
17968
58075
26671
96904
17968
96904
17968
96904
96904
96904
46943
17968
96904
83005
17968
26122
75324
96904
76094
23488
38259
66741
38777
2783
42019
87674
17968
96904
9214
78940
17968
96904
96904
58146
56166
96261
77
17968
17968
31794
17968
96904
17968
17968
76777
75417
96904
19276
17968
58351
96904
79528
49113
80506
96904
96904
96904
17968
17968
96904
17968
73486
18359
80903
17968
63603
96904
35149
31217
96904
69297
45830
10500
11041
4091
73827
61953
12948
77579
96904
96904
96904
17968
96904
17968
96904
833
45772
17968
96904
96904
42882
57183
96904
84818
3687
8642
17968
96904
10378
11635
17968
75652
17968
96904
26410
15713
57006
96904
17968
17968
10883
20707
23375
96904
96904
17968
84850
95109
20672
63986
17968
96904
17968
17968
17968
979
54242
79975
17968
19371
50223
17968
5810
61160
30919
96904
68441
12252
69924
48511
25579
89861
17968
17968
14420
96904
96904
67275
62427
33389
17968
17968
7422
70844
30533
84365
96904
44319
17968
96904
96904
25250
12
17968
17968
17968
87396
37403
96904
51076
47991
27848
62832
92438
96904
73157
69664
96904
32448
17968
21406
96904
96904
16501
69613
53995
96904
17968
14630
93878
96904
35030
17968
89262
96904
96904
56304
17968
98214
17968
17968
76724
17968
17968
2031
19896
30313
96904
42461
67533
15347
37223
17968
17968
96904
17968
96904
96904
92866
96904
2122
70371
27275
46737
96904
51182
22677
96904
20962
96904
82634
87819
96076
14573
32302
71269
96904
96904
21609
87206
37106
58687
96904
46365
30909
99255
96904
26207
39778
59675
10584
6205
17968
58828
17968
3967
92071
17968
96904
96904
96904
17968
24691
17968
96904
17968
67048
18833
8969
52731
10617
59287
40077
42846
63755
26332
1313
73493
17968
58624
17968
96904
17968
16825
84173
17968
7193
783
73875
48589
41221
17968
80186
46549
96904
6517
58480
34148
17968
54189
32561
96904
96904
19349
17968
17968
21996
2134
13367
52085
20658
7472
31506
31676
40569
17968
87967
17968
22038
38613
30500
52212
81053
17968
52520
18147
9911
17968
89339
4045
1283
85104
17968
58947
51843
17968
82446
84523
17968
96904
75976
36884
27606
12
17968
4963
70948
96904
36125
10932
98363
17968
60409
96904
49089
96904
84987
17968
96904
97869
42949
96904
17968
96904
96624
17968
51520
96904
17968
59
4489
96904
90576
64396
91498
96904
17968
14029
15173
70324
17968
93271
10672
96904
15804
62369
9465
96904
3446
96904
96904
27952
91852
17968
40667
96904
17968
90179
31087
73336
59472
96904
58566
4426
96904
68940
23293
80000
96904
17968
63996
96904
15559
6388
34847
50190
9991
30912
60467
67607
96904
7198
38571
64472
6985
61650
20882
74843
26891
46192
68926
17968
12612
11010
17968
42625
72286
17968
96904
12142
96904
35974
96904
7802
90688
16434
67853
17968
96904
73847
75695
17968
70674
17968
17968
96904
17968
2461
62507
17968
17968
17968
17968
88569
96904
19717
17968
96904
17968
17968
12901
66989
96904
67409
96904
56976
65872
75769
64843
38510
17968
13575
99898
67370
96904
6548
84693
42521
17968
96904
25830
96904
1569
22497
96904
96904
17968
20097
55696
96904
96904
96904
94698
50878
17968
96882
96904
63466
17968
17968
17968
16693
96904
55641
32718
17968
64922
17968
29597
69648
44209
39698
51879
37066
17968
48783
17968
11578
85138
7443
59567
96904
23903
17968
77104
17968
65455
96904
49707
17968
17968
87674
23662
94260
17968
17968
17968
96904
40235
17968
41075
96904
17968
96904
96904
16792
17968
17968
17968
75287
17506
96904
41808
17584
96904
17968
17968
96904
36210
90484
62008
96904
17968
17968
14967
27040
75790
27251
82906
69668
27575
43186
49906
1933
17968
68360
13379
95690
2030
96904
99629
35624
29345
17968
17968
423
2338
46686
51956
45897
96904
96904
77548
8542
3753
21641
64963
19307
